filepath,label
Fake faces/fake_9650.png,1
Real faces/real_2041.png,0
Real faces/real_8668.png,0
Real faces/real_1114.png,0
Fake faces/fake_6902.png,1
Fake faces/fake_8963.png,1
Fake faces/fake_8072.png,1
Real faces/real_3002.png,0
Fake faces/fake_771.png,1
Real faces/real_8115.png,0
Real faces/real_3525.png,0
Real faces/real_7879.png,0
Fake faces/fake_3441.png,1
Fake faces/fake_3296.png,1
Fake faces/fake_7566.png,1
Real faces/real_5252.png,0
Fake faces/fake_393.png,1
Fake faces/fake_3796.png,1
Real faces/real_8094.png,0
Real faces/real_322.png,0
Real faces/real_9923.png,0
Real faces/real_7459.png,0
Fake faces/fake_24.png,1
Fake faces/fake_2553.png,1
Real faces/real_9119.png,0
Fake faces/fake_3421.png,1
Fake faces/fake_3060.png,1
Fake faces/fake_9120.png,1
Fake faces/fake_55.png,1
Real faces/real_3649.png,0
Real faces/real_3941.png,0
Fake faces/fake_2880.png,1
Fake faces/fake_3675.png,1
Fake faces/fake_7630.png,1
Fake faces/fake_8443.png,1
Fake faces/fake_7157.png,1
Fake faces/fake_6835.png,1
Real faces/real_3434.png,0
Fake faces/fake_1739.png,1
Fake faces/fake_2407.png,1
Fake faces/fake_4440.png,1
Fake faces/fake_9406.png,1
Real faces/real_6517.png,0
Real faces/real_971.png,0
Fake faces/fake_3487.png,1
Fake faces/fake_730.png,1
Fake faces/fake_6137.png,1
Real faces/real_3669.png,0
Fake faces/fake_4983.png,1
Real faces/real_4058.png,0
Fake faces/fake_5976.png,1
Fake faces/fake_4698.png,1
Fake faces/fake_6829.png,1
Fake faces/fake_6419.png,1
Real faces/real_960.png,0
Fake faces/fake_2744.png,1
Real faces/real_9864.png,0
Fake faces/fake_8263.png,1
Fake faces/fake_4782.png,1
Fake faces/fake_2196.png,1
Real faces/real_7554.png,0
Fake faces/fake_9498.png,1
Fake faces/fake_2059.png,1
Fake faces/fake_2928.png,1
Real faces/real_7085.png,0
Fake faces/fake_5753.png,1
Real faces/real_4519.png,0
Real faces/real_3024.png,0
Fake faces/fake_7121.png,1
Fake faces/fake_1494.png,1
Real faces/real_5483.png,0
Real faces/real_1419.png,0
Real faces/real_6209.png,0
Fake faces/fake_9742.png,1
Fake faces/fake_3143.png,1
Fake faces/fake_2617.png,1
Fake faces/fake_5568.png,1
Real faces/real_980.png,0
Real faces/real_2783.png,0
Real faces/real_7713.png,0
Fake faces/fake_8518.png,1
Real faces/real_8600.png,0
Fake faces/fake_8640.png,1
Fake faces/fake_1830.png,1
Fake faces/fake_7562.png,1
Fake faces/fake_7751.png,1
Real faces/real_6384.png,0
Real faces/real_4807.png,0
Real faces/real_6195.png,0
Fake faces/fake_9648.png,1
Real faces/real_7567.png,0
Fake faces/fake_3397.png,1
Fake faces/fake_2524.png,1
Real faces/real_1346.png,0
Fake faces/fake_6124.png,1
Fake faces/fake_7673.png,1
Fake faces/fake_4455.png,1
Fake faces/fake_5001.png,1
Fake faces/fake_1621.png,1
Real faces/real_2119.png,0
Fake faces/fake_4304.png,1
Real faces/real_4309.png,0
Real faces/real_4484.png,0
Fake faces/fake_8013.png,1
Real faces/real_4770.png,0
Real faces/real_2712.png,0
Fake faces/fake_7186.png,1
Fake faces/fake_3615.png,1
Fake faces/fake_9947.png,1
Real faces/real_2545.png,0
Fake faces/fake_7619.png,1
Real faces/real_9851.png,0
Real faces/real_4410.png,0
Fake faces/fake_647.png,1
Fake faces/fake_7344.png,1
Fake faces/fake_7407.png,1
Real faces/real_9610.png,0
Fake faces/fake_9718.png,1
Real faces/real_7571.png,0
Real faces/real_3570.png,0
Real faces/real_8602.png,0
Real faces/real_3559.png,0
Real faces/real_4991.png,0
Real faces/real_7439.png,0
Real faces/real_9325.png,0
Real faces/real_2300.png,0
Real faces/real_7666.png,0
Real faces/real_5804.png,0
Fake faces/fake_7022.png,1
Fake faces/fake_4537.png,1
Real faces/real_9757.png,0
Fake faces/fake_7014.png,1
Real faces/real_5211.png,0
Fake faces/fake_8548.png,1
Fake faces/fake_7366.png,1
Real faces/real_9270.png,0
Real faces/real_3975.png,0
Fake faces/fake_3090.png,1
Fake faces/fake_2232.png,1
Fake faces/fake_2443.png,1
Fake faces/fake_6656.png,1
Fake faces/fake_4645.png,1
Real faces/real_2730.png,0
Real faces/real_3298.png,0
Real faces/real_8956.png,0
Fake faces/fake_2410.png,1
Fake faces/fake_4155.png,1
Fake faces/fake_2276.png,1
Real faces/real_6703.png,0
Real faces/real_1968.png,0
Real faces/real_4936.png,0
Real faces/real_2112.png,0
Real faces/real_878.png,0
Fake faces/fake_75.png,1
Fake faces/fake_7989.png,1
Real faces/real_7277.png,0
Real faces/real_5709.png,0
Fake faces/fake_7078.png,1
Real faces/real_6687.png,0
Real faces/real_6418.png,0
Fake faces/fake_9431.png,1
Real faces/real_9982.png,0
Fake faces/fake_73.png,1
Real faces/real_4629.png,0
Real faces/real_8862.png,0
Real faces/real_4667.png,0
Fake faces/fake_5163.png,1
Real faces/real_385.png,0
Real faces/real_4186.png,0
Real faces/real_5345.png,0
Real faces/real_2195.png,0
Fake faces/fake_5990.png,1
Fake faces/fake_7634.png,1
Real faces/real_1077.png,0
Real faces/real_6286.png,0
Real faces/real_5933.png,0
Fake faces/fake_1512.png,1
Fake faces/fake_717.png,1
Fake faces/fake_6363.png,1
Real faces/real_8072.png,0
Fake faces/fake_2020.png,1
Real faces/real_9543.png,0
Fake faces/fake_94.png,1
Fake faces/fake_6355.png,1
Fake faces/fake_1631.png,1
Real faces/real_2848.png,0
Fake faces/fake_7791.png,1
Real faces/real_7722.png,0
Real faces/real_812.png,0
Fake faces/fake_8193.png,1
Real faces/real_5135.png,0
Real faces/real_8510.png,0
Real faces/real_7434.png,0
Fake faces/fake_3476.png,1
Real faces/real_936.png,0
Fake faces/fake_8965.png,1
Real faces/real_1692.png,0
Real faces/real_6216.png,0
Real faces/real_9459.png,0
Fake faces/fake_7527.png,1
Fake faces/fake_4484.png,1
Real faces/real_5792.png,0
Fake faces/fake_7266.png,1
Real faces/real_2221.png,0
Fake faces/fake_4757.png,1
Real faces/real_4693.png,0
Fake faces/fake_9108.png,1
Real faces/real_5107.png,0
Fake faces/fake_6480.png,1
Real faces/real_4745.png,0
Real faces/real_1604.png,0
Fake faces/fake_2395.png,1
Fake faces/fake_3863.png,1
Real faces/real_8213.png,0
Real faces/real_1092.png,0
Fake faces/fake_6884.png,1
Real faces/real_6311.png,0
Real faces/real_9012.png,0
Real faces/real_351.png,0
Fake faces/fake_5782.png,1
Real faces/real_1530.png,0
Fake faces/fake_6591.png,1
Fake faces/fake_4215.png,1
Fake faces/fake_8540.png,1
Real faces/real_218.png,0
Real faces/real_6813.png,0
Real faces/real_5357.png,0
Fake faces/fake_4729.png,1
Fake faces/fake_6043.png,1
Real faces/real_1453.png,0
Fake faces/fake_5932.png,1
Real faces/real_4740.png,0
Real faces/real_2814.png,0
Real faces/real_7886.png,0
Real faces/real_4973.png,0
Real faces/real_1182.png,0
Fake faces/fake_9035.png,1
Real faces/real_3947.png,0
Real faces/real_3189.png,0
Fake faces/fake_5480.png,1
Fake faces/fake_826.png,1
Real faces/real_9623.png,0
Real faces/real_1006.png,0
Real faces/real_2325.png,0
Fake faces/fake_9645.png,1
Fake faces/fake_523.png,1
Fake faces/fake_2725.png,1
Real faces/real_5743.png,0
Fake faces/fake_7680.png,1
Fake faces/fake_5583.png,1
Fake faces/fake_257.png,1
Fake faces/fake_8881.png,1
Real faces/real_1027.png,0
Real faces/real_4069.png,0
Fake faces/fake_1572.png,1
Fake faces/fake_5652.png,1
Real faces/real_6650.png,0
Fake faces/fake_4783.png,1
Fake faces/fake_2648.png,1
Real faces/real_4622.png,0
Fake faces/fake_9385.png,1
Fake faces/fake_6670.png,1
Fake faces/fake_5046.png,1
Real faces/real_1962.png,0
Fake faces/fake_874.png,1
Real faces/real_1599.png,0
Real faces/real_9675.png,0
Fake faces/fake_9952.png,1
Real faces/real_4333.png,0
Fake faces/fake_7099.png,1
Real faces/real_6955.png,0
Fake faces/fake_1821.png,1
Real faces/real_8545.png,0
Fake faces/fake_4974.png,1
Fake faces/fake_6722.png,1
Real faces/real_695.png,0
Fake faces/fake_4630.png,1
Fake faces/fake_6589.png,1
Fake faces/fake_5521.png,1
Fake faces/fake_917.png,1
Real faces/real_9770.png,0
Fake faces/fake_6377.png,1
Real faces/real_1034.png,0
Fake faces/fake_9842.png,1
Fake faces/fake_3592.png,1
Fake faces/fake_9421.png,1
Fake faces/fake_9979.png,1
Real faces/real_2127.png,0
Fake faces/fake_7187.png,1
Real faces/real_5970.png,0
Fake faces/fake_6225.png,1
Real faces/real_993.png,0
Fake faces/fake_4084.png,1
Fake faces/fake_5845.png,1
Fake faces/fake_5945.png,1
Real faces/real_447.png,0
Fake faces/fake_2277.png,1
Real faces/real_5453.png,0
Real faces/real_3211.png,0
Real faces/real_5561.png,0
Fake faces/fake_1911.png,1
Real faces/real_3210.png,0
Fake faces/fake_6813.png,1
Real faces/real_8966.png,0
Fake faces/fake_2653.png,1
Fake faces/fake_9649.png,1
Fake faces/fake_714.png,1
Real faces/real_3971.png,0
Fake faces/fake_9807.png,1
Fake faces/fake_544.png,1
Fake faces/fake_8366.png,1
Real faces/real_3778.png,0
Fake faces/fake_6079.png,1
Real faces/real_6352.png,0
Real faces/real_4007.png,0
Real faces/real_3776.png,0
Fake faces/fake_2147.png,1
Fake faces/fake_5104.png,1
Fake faces/fake_145.png,1
Fake faces/fake_183.png,1
Real faces/real_8426.png,0
Real faces/real_4337.png,0
Real faces/real_8117.png,0
Real faces/real_7763.png,0
Fake faces/fake_5012.png,1
Fake faces/fake_6651.png,1
Real faces/real_438.png,0
Fake faces/fake_3533.png,1
Real faces/real_3269.png,0
Real faces/real_3752.png,0
Real faces/real_9113.png,0
Real faces/real_9440.png,0
Real faces/real_1739.png,0
Real faces/real_606.png,0
Fake faces/fake_2085.png,1
Fake faces/fake_7998.png,1
Fake faces/fake_3972.png,1
Fake faces/fake_1366.png,1
Fake faces/fake_4683.png,1
Fake faces/fake_8037.png,1
Real faces/real_5746.png,0
Fake faces/fake_8584.png,1
Real faces/real_6270.png,0
Real faces/real_8851.png,0
Fake faces/fake_1408.png,1
Real faces/real_6600.png,0
Fake faces/fake_8378.png,1
Fake faces/fake_2189.png,1
Fake faces/fake_8605.png,1
Real faces/real_6909.png,0
Real faces/real_738.png,0
Real faces/real_1994.png,0
Real faces/real_119.png,0
Fake faces/fake_5926.png,1
Fake faces/fake_2609.png,1
Fake faces/fake_2436.png,1
Fake faces/fake_1553.png,1
Real faces/real_7293.png,0
Real faces/real_3405.png,0
Fake faces/fake_9537.png,1
Fake faces/fake_1466.png,1
Real faces/real_8626.png,0
Real faces/real_3481.png,0
Fake faces/fake_2818.png,1
Real faces/real_127.png,0
Fake faces/fake_6426.png,1
Fake faces/fake_9610.png,1
Fake faces/fake_4273.png,1
Fake faces/fake_580.png,1
Fake faces/fake_285.png,1
Fake faces/fake_7822.png,1
Real faces/real_3073.png,0
Real faces/real_2380.png,0
Real faces/real_2483.png,0
Real faces/real_3461.png,0
Fake faces/fake_4231.png,1
Real faces/real_7458.png,0
Fake faces/fake_4884.png,1
Real faces/real_6885.png,0
Fake faces/fake_4097.png,1
Fake faces/fake_1684.png,1
Fake faces/fake_5970.png,1
Real faces/real_803.png,0
Real faces/real_474.png,0
Real faces/real_8608.png,0
Real faces/real_6482.png,0
Fake faces/fake_1287.png,1
Real faces/real_5557.png,0
Fake faces/fake_6948.png,1
Real faces/real_8891.png,0
Fake faces/fake_7521.png,1
Real faces/real_4448.png,0
Real faces/real_484.png,0
Fake faces/fake_9422.png,1
Fake faces/fake_411.png,1
Fake faces/fake_5900.png,1
Fake faces/fake_8226.png,1
Fake faces/fake_132.png,1
Real faces/real_7920.png,0
Real faces/real_7911.png,0
Real faces/real_2766.png,0
Fake faces/fake_5865.png,1
Fake faces/fake_3506.png,1
Fake faces/fake_8688.png,1
Real faces/real_4037.png,0
Real faces/real_856.png,0
Fake faces/fake_3136.png,1
Real faces/real_8830.png,0
Real faces/real_8803.png,0
Fake faces/fake_8838.png,1
Real faces/real_3826.png,0
Fake faces/fake_1127.png,1
Real faces/real_5995.png,0
Real faces/real_503.png,0
Real faces/real_2959.png,0
Real faces/real_7988.png,0
Real faces/real_9640.png,0
Real faces/real_8109.png,0
Real faces/real_5382.png,0
Fake faces/fake_6951.png,1
Fake faces/fake_6138.png,1
Fake faces/fake_2987.png,1
Fake faces/fake_6435.png,1
Real faces/real_7725.png,0
Fake faces/fake_7033.png,1
Real faces/real_8129.png,0
Fake faces/fake_7787.png,1
Real faces/real_8292.png,0
Fake faces/fake_1321.png,1
Fake faces/fake_6060.png,1
Real faces/real_3295.png,0
Real faces/real_8957.png,0
Real faces/real_115.png,0
Real faces/real_5647.png,0
Fake faces/fake_7624.png,1
Fake faces/fake_5747.png,1
Real faces/real_7181.png,0
Real faces/real_1710.png,0
Fake faces/fake_4957.png,1
Real faces/real_5817.png,0
Fake faces/fake_4278.png,1
Real faces/real_2480.png,0
Fake faces/fake_9250.png,1
Real faces/real_4032.png,0
Fake faces/fake_6347.png,1
Fake faces/fake_3530.png,1
Real faces/real_9514.png,0
Real faces/real_4610.png,0
Real faces/real_5117.png,0
Fake faces/fake_3946.png,1
Real faces/real_6385.png,0
Fake faces/fake_4139.png,1
Real faces/real_6271.png,0
Real faces/real_341.png,0
Real faces/real_828.png,0
Fake faces/fake_7529.png,1
Fake faces/fake_8551.png,1
Real faces/real_9527.png,0
Fake faces/fake_8836.png,1
Real faces/real_313.png,0
Fake faces/fake_8697.png,1
Fake faces/fake_9051.png,1
Fake faces/fake_7863.png,1
Fake faces/fake_3070.png,1
Fake faces/fake_2136.png,1
Fake faces/fake_1261.png,1
Real faces/real_4909.png,0
Fake faces/fake_2796.png,1
Real faces/real_8873.png,0
Fake faces/fake_1285.png,1
Real faces/real_409.png,0
Real faces/real_3795.png,0
Real faces/real_2703.png,0
Fake faces/fake_9342.png,1
Real faces/real_4981.png,0
Real faces/real_8582.png,0
Real faces/real_7667.png,0
Fake faces/fake_2517.png,1
Fake faces/fake_2183.png,1
Real faces/real_9725.png,0
Fake faces/fake_1153.png,1
Real faces/real_7499.png,0
Fake faces/fake_2036.png,1
Real faces/real_7720.png,0
Real faces/real_1905.png,0
Real faces/real_6717.png,0
Real faces/real_2174.png,0
Real faces/real_6769.png,0
Real faces/real_7161.png,0
Real faces/real_6504.png,0
Fake faces/fake_1765.png,1
Real faces/real_4420.png,0
Real faces/real_1272.png,0
Real faces/real_451.png,0
Real faces/real_3519.png,0
Fake faces/fake_2477.png,1
Real faces/real_9567.png,0
Real faces/real_247.png,0
Fake faces/fake_2815.png,1
Real faces/real_1747.png,0
Real faces/real_2085.png,0
Fake faces/fake_7492.png,1
Fake faces/fake_6351.png,1
Real faces/real_4974.png,0
Real faces/real_3498.png,0
Fake faces/fake_6442.png,1
Real faces/real_1084.png,0
Real faces/real_4935.png,0
Real faces/real_6237.png,0
Real faces/real_6734.png,0
Fake faces/fake_7983.png,1
Fake faces/fake_5249.png,1
Fake faces/fake_8982.png,1
Real faces/real_5922.png,0
Fake faces/fake_2268.png,1
Real faces/real_8948.png,0
Fake faces/fake_450.png,1
Real faces/real_4149.png,0
Real faces/real_5099.png,0
Real faces/real_9512.png,0
Fake faces/fake_6259.png,1
Fake faces/fake_2360.png,1
Fake faces/fake_2037.png,1
Real faces/real_3335.png,0
Fake faces/fake_2585.png,1
Fake faces/fake_819.png,1
Fake faces/fake_6728.png,1
Real faces/real_9893.png,0
Real faces/real_7650.png,0
Real faces/real_2238.png,0
Fake faces/fake_5204.png,1
Real faces/real_251.png,0
Real faces/real_8196.png,0
Real faces/real_4706.png,0
Real faces/real_8143.png,0
Real faces/real_2714.png,0
Fake faces/fake_1079.png,1
Real faces/real_9529.png,0
Fake faces/fake_9341.png,1
Fake faces/fake_4290.png,1
Real faces/real_326.png,0
Real faces/real_4980.png,0
Real faces/real_7438.png,0
Real faces/real_6647.png,0
Real faces/real_6258.png,0
Real faces/real_9047.png,0
Real faces/real_3393.png,0
Fake faces/fake_2664.png,1
Fake faces/fake_414.png,1
Fake faces/fake_3117.png,1
Real faces/real_1337.png,0
Real faces/real_3168.png,0
Fake faces/fake_7860.png,1
Fake faces/fake_814.png,1
Real faces/real_2393.png,0
Fake faces/fake_915.png,1
Fake faces/fake_4179.png,1
Real faces/real_5923.png,0
Fake faces/fake_3297.png,1
Real faces/real_2743.png,0
Real faces/real_5005.png,0
Fake faces/fake_1716.png,1
Fake faces/fake_613.png,1
Fake faces/fake_8643.png,1
Real faces/real_4119.png,0
Real faces/real_2090.png,0
Real faces/real_7443.png,0
Real faces/real_8731.png,0
Fake faces/fake_5404.png,1
Real faces/real_5702.png,0
Real faces/real_3800.png,0
Fake faces/fake_8419.png,1
Real faces/real_2008.png,0
Real faces/real_1493.png,0
Real faces/real_9282.png,0
Real faces/real_7789.png,0
Real faces/real_3848.png,0
Fake faces/fake_4650.png,1
Fake faces/fake_143.png,1
Fake faces/fake_1551.png,1
Fake faces/fake_249.png,1
Real faces/real_4194.png,0
Real faces/real_1512.png,0
Real faces/real_2748.png,0
Fake faces/fake_1211.png,1
Real faces/real_3733.png,0
Real faces/real_7654.png,0
Real faces/real_2346.png,0
Real faces/real_2519.png,0
Real faces/real_718.png,0
Real faces/real_139.png,0
Fake faces/fake_2947.png,1
Fake faces/fake_2762.png,1
Real faces/real_2444.png,0
Real faces/real_5198.png,0
Real faces/real_1402.png,0
Fake faces/fake_3321.png,1
Real faces/real_1730.png,0
Real faces/real_9260.png,0
Real faces/real_3721.png,0
Fake faces/fake_2840.png,1
Fake faces/fake_736.png,1
Real faces/real_8121.png,0
Real faces/real_9531.png,0
Fake faces/fake_2730.png,1
Fake faces/fake_1906.png,1
Fake faces/fake_5283.png,1
Real faces/real_4074.png,0
Real faces/real_9049.png,0
Real faces/real_6438.png,0
Real faces/real_2267.png,0
Real faces/real_2830.png,0
Fake faces/fake_9495.png,1
Fake faces/fake_5177.png,1
Fake faces/fake_7291.png,1
Real faces/real_8366.png,0
Fake faces/fake_3894.png,1
Real faces/real_8466.png,0
Real faces/real_2932.png,0
Fake faces/fake_6784.png,1
Fake faces/fake_3075.png,1
Fake faces/fake_7950.png,1
Real faces/real_2946.png,0
Fake faces/fake_2514.png,1
Fake faces/fake_8292.png,1
Fake faces/fake_606.png,1
Real faces/real_9390.png,0
Real faces/real_9293.png,0
Fake faces/fake_2747.png,1
Real faces/real_6162.png,0
Real faces/real_9758.png,0
Real faces/real_8544.png,0
Real faces/real_2579.png,0
Real faces/real_4387.png,0
Fake faces/fake_8225.png,1
Fake faces/fake_1149.png,1
Real faces/real_4832.png,0
Real faces/real_9391.png,0
Real faces/real_6705.png,0
Fake faces/fake_3192.png,1
Real faces/real_2626.png,0
Real faces/real_9098.png,0
Fake faces/fake_9872.png,1
Real faces/real_6888.png,0
Fake faces/fake_364.png,1
Real faces/real_5687.png,0
Real faces/real_4949.png,0
Fake faces/fake_5306.png,1
Fake faces/fake_8330.png,1
Fake faces/fake_490.png,1
Real faces/real_1805.png,0
Fake faces/fake_6811.png,1
Fake faces/fake_8997.png,1
Fake faces/fake_3480.png,1
Real faces/real_8508.png,0
Fake faces/fake_715.png,1
Real faces/real_8575.png,0
Real faces/real_4877.png,0
Fake faces/fake_9879.png,1
Real faces/real_1147.png,0
Real faces/real_6076.png,0
Real faces/real_6309.png,0
Real faces/real_6210.png,0
Fake faces/fake_3879.png,1
Real faces/real_5714.png,0
Fake faces/fake_4992.png,1
Fake faces/fake_4143.png,1
Fake faces/fake_6302.png,1
Real faces/real_424.png,0
Real faces/real_7360.png,0
Fake faces/fake_416.png,1
Real faces/real_7241.png,0
Fake faces/fake_4703.png,1
Real faces/real_9995.png,0
Fake faces/fake_4486.png,1
Real faces/real_2177.png,0
Real faces/real_7051.png,0
Real faces/real_6405.png,0
Real faces/real_5351.png,0
Fake faces/fake_7906.png,1
Real faces/real_1606.png,0
Real faces/real_3062.png,0
Fake faces/fake_2402.png,1
Real faces/real_3488.png,0
Real faces/real_4201.png,0
Fake faces/fake_1505.png,1
Fake faces/fake_2687.png,1
Fake faces/fake_3598.png,1
Real faces/real_2805.png,0
Fake faces/fake_7349.png,1
Fake faces/fake_1689.png,1
Real faces/real_6248.png,0
Real faces/real_9704.png,0
Real faces/real_6914.png,0
Fake faces/fake_5037.png,1
Real faces/real_4031.png,0
Real faces/real_4449.png,0
Fake faces/fake_8262.png,1
Fake faces/fake_1576.png,1
Real faces/real_3528.png,0
Fake faces/fake_1787.png,1
Fake faces/fake_4569.png,1
Fake faces/fake_2682.png,1
Real faces/real_2319.png,0
Fake faces/fake_7783.png,1
Real faces/real_8099.png,0
Real faces/real_3509.png,0
Fake faces/fake_8340.png,1
Real faces/real_8165.png,0
Real faces/real_5394.png,0
Real faces/real_8025.png,0
Real faces/real_4393.png,0
Real faces/real_4590.png,0
Fake faces/fake_3144.png,1
Real faces/real_1052.png,0
Fake faces/fake_9330.png,1
Fake faces/fake_3861.png,1
Real faces/real_2578.png,0
Fake faces/fake_9504.png,1
Fake faces/fake_882.png,1
Real faces/real_8352.png,0
Fake faces/fake_2458.png,1
Fake faces/fake_375.png,1
Real faces/real_4724.png,0
Fake faces/fake_1918.png,1
Real faces/real_2232.png,0
Real faces/real_2777.png,0
Fake faces/fake_4131.png,1
Real faces/real_1290.png,0
Fake faces/fake_5761.png,1
Real faces/real_2207.png,0
Real faces/real_3449.png,0
Fake faces/fake_4249.png,1
Real faces/real_9509.png,0
Real faces/real_3035.png,0
Fake faces/fake_3262.png,1
Fake faces/fake_3817.png,1
Fake faces/fake_4337.png,1
Fake faces/fake_9182.png,1
Real faces/real_2998.png,0
Real faces/real_6759.png,0
Real faces/real_2265.png,0
Real faces/real_7337.png,0
Fake faces/fake_9676.png,1
Real faces/real_4505.png,0
Fake faces/fake_1426.png,1
Fake faces/fake_201.png,1
Real faces/real_6692.png,0
Fake faces/fake_5801.png,1
Fake faces/fake_5030.png,1
Real faces/real_3106.png,0
Real faces/real_221.png,0
Fake faces/fake_1356.png,1
Fake faces/fake_8825.png,1
Real faces/real_3050.png,0
Real faces/real_4285.png,0
Fake faces/fake_2541.png,1
Fake faces/fake_7246.png,1
Real faces/real_210.png,0
Fake faces/fake_1238.png,1
Real faces/real_1911.png,0
Real faces/real_499.png,0
Real faces/real_4999.png,0
Fake faces/fake_2917.png,1
Fake faces/fake_2266.png,1
Real faces/real_8748.png,0
Fake faces/fake_6683.png,1
Real faces/real_180.png,0
Fake faces/fake_1926.png,1
Fake faces/fake_6684.png,1
Fake faces/fake_7000.png,1
Fake faces/fake_1842.png,1
Fake faces/fake_8794.png,1
Real faces/real_7267.png,0
Real faces/real_2420.png,0
Fake faces/fake_4825.png,1
Fake faces/fake_1202.png,1
Fake faces/fake_4634.png,1
Fake faces/fake_5888.png,1
Real faces/real_466.png,0
Fake faces/fake_4057.png,1
Real faces/real_59.png,0
Real faces/real_4202.png,0
Fake faces/fake_1076.png,1
Real faces/real_7484.png,0
Real faces/real_1580.png,0
Real faces/real_7284.png,0
Fake faces/fake_827.png,1
Fake faces/fake_3233.png,1
Real faces/real_9393.png,0
Real faces/real_2698.png,0
Real faces/real_4564.png,0
Fake faces/fake_8403.png,1
Real faces/real_4199.png,0
Fake faces/fake_838.png,1
Fake faces/fake_5902.png,1
Real faces/real_7157.png,0
Real faces/real_2973.png,0
Real faces/real_7841.png,0
Fake faces/fake_5766.png,1
Fake faces/fake_6634.png,1
Real faces/real_7695.png,0
Real faces/real_5934.png,0
Fake faces/fake_6875.png,1
Fake faces/fake_2225.png,1
Real faces/real_5215.png,0
Fake faces/fake_8432.png,1
Fake faces/fake_8165.png,1
Fake faces/fake_8365.png,1
Real faces/real_6626.png,0
Real faces/real_3595.png,0
Fake faces/fake_6085.png,1
Real faces/real_5272.png,0
Real faces/real_5627.png,0
Fake faces/fake_7010.png,1
Fake faces/fake_5841.png,1
Fake faces/fake_9072.png,1
Fake faces/fake_5751.png,1
Real faces/real_7324.png,0
Real faces/real_8632.png,0
Fake faces/fake_5108.png,1
Real faces/real_1297.png,0
Fake faces/fake_9366.png,1
Fake faces/fake_6248.png,1
Real faces/real_200.png,0
Real faces/real_1456.png,0
Fake faces/fake_9559.png,1
Real faces/real_9800.png,0
Real faces/real_8453.png,0
Real faces/real_9651.png,0
Real faces/real_8892.png,0
Fake faces/fake_1544.png,1
Fake faces/fake_9263.png,1
Real faces/real_1202.png,0
Fake faces/fake_4967.png,1
Real faces/real_3643.png,0
Fake faces/fake_9990.png,1
Fake faces/fake_9723.png,1
Fake faces/fake_9356.png,1
Real faces/real_3128.png,0
Real faces/real_4351.png,0
Fake faces/fake_402.png,1
Fake faces/fake_4878.png,1
Real faces/real_3011.png,0
Real faces/real_5090.png,0
Fake faces/fake_2107.png,1
Real faces/real_2621.png,0
Real faces/real_1534.png,0
Fake faces/fake_1178.png,1
Real faces/real_3836.png,0
Fake faces/fake_2766.png,1
Fake faces/fake_8520.png,1
Fake faces/fake_3080.png,1
Fake faces/fake_4859.png,1
Real faces/real_8550.png,0
Fake faces/fake_4662.png,1
Real faces/real_5129.png,0
Fake faces/fake_5008.png,1
Real faces/real_3352.png,0
Fake faces/fake_6454.png,1
Fake faces/fake_6758.png,1
Real faces/real_4903.png,0
Real faces/real_2930.png,0
Real faces/real_1087.png,0
Fake faces/fake_4244.png,1
Fake faces/fake_7088.png,1
Real faces/real_4884.png,0
Fake faces/fake_5633.png,1
Real faces/real_7947.png,0
Fake faces/fake_3823.png,1
Fake faces/fake_4819.png,1
Real faces/real_5391.png,0
Real faces/real_7245.png,0
Fake faces/fake_4682.png,1
Real faces/real_6279.png,0
Real faces/real_5194.png,0
Fake faces/fake_5222.png,1
Fake faces/fake_2121.png,1
Fake faces/fake_672.png,1
Fake faces/fake_2185.png,1
Real faces/real_1729.png,0
Fake faces/fake_914.png,1
Fake faces/fake_841.png,1
Fake faces/fake_6336.png,1
Real faces/real_3310.png,0
Fake faces/fake_7571.png,1
Real faces/real_3415.png,0
Real faces/real_5861.png,0
Fake faces/fake_4237.png,1
Real faces/real_6259.png,0
Real faces/real_9619.png,0
Real faces/real_5863.png,0
Real faces/real_9806.png,0
Real faces/real_5849.png,0
Real faces/real_2754.png,0
Fake faces/fake_6643.png,1
Fake faces/fake_9192.png,1
Real faces/real_8035.png,0
Fake faces/fake_3836.png,1
Fake faces/fake_4027.png,1
Fake faces/fake_9761.png,1
Real faces/real_7375.png,0
Fake faces/fake_9709.png,1
Real faces/real_5998.png,0
Fake faces/fake_7264.png,1
Fake faces/fake_733.png,1
Fake faces/fake_732.png,1
Real faces/real_1282.png,0
Real faces/real_5290.png,0
Fake faces/fake_9784.png,1
Fake faces/fake_8067.png,1
Fake faces/fake_688.png,1
Real faces/real_4021.png,0
Fake faces/fake_3141.png,1
Real faces/real_6826.png,0
Fake faces/fake_1361.png,1
Fake faces/fake_7084.png,1
Fake faces/fake_8051.png,1
Real faces/real_8331.png,0
Fake faces/fake_9078.png,1
Real faces/real_8993.png,0
Real faces/real_9818.png,0
Fake faces/fake_3874.png,1
Fake faces/fake_9646.png,1
Fake faces/fake_6993.png,1
Fake faces/fake_989.png,1
Real faces/real_9710.png,0
Real faces/real_6896.png,0
Fake faces/fake_4370.png,1
Fake faces/fake_8679.png,1
Real faces/real_8962.png,0
Real faces/real_5474.png,0
Real faces/real_6402.png,0
Real faces/real_3725.png,0
Real faces/real_3739.png,0
Fake faces/fake_9221.png,1
Fake faces/fake_6084.png,1
Real faces/real_8732.png,0
Fake faces/fake_7491.png,1
Real faces/real_6775.png,0
Fake faces/fake_980.png,1
Real faces/real_4291.png,0
Real faces/real_3579.png,0
Fake faces/fake_7568.png,1
Real faces/real_928.png,0
Real faces/real_6529.png,0
Real faces/real_3844.png,0
Fake faces/fake_1143.png,1
Fake faces/fake_9867.png,1
Fake faces/fake_2779.png,1
Fake faces/fake_2400.png,1
Real faces/real_6148.png,0
Real faces/real_8319.png,0
Real faces/real_1815.png,0
Real faces/real_6072.png,0
Real faces/real_9300.png,0
Fake faces/fake_8847.png,1
Fake faces/fake_587.png,1
Real faces/real_9457.png,0
Real faces/real_5833.png,0
Fake faces/fake_264.png,1
Fake faces/fake_4021.png,1
Fake faces/fake_5377.png,1
Real faces/real_8882.png,0
Fake faces/fake_5304.png,1
Fake faces/fake_9489.png,1
Fake faces/fake_8885.png,1
Fake faces/fake_5218.png,1
Real faces/real_5903.png,0
Real faces/real_7664.png,0
Fake faces/fake_5009.png,1
Real faces/real_2129.png,0
Fake faces/fake_862.png,1
Real faces/real_7779.png,0
Real faces/real_2740.png,0
Fake faces/fake_2470.png,1
Real faces/real_8813.png,0
Fake faces/fake_4172.png,1
Fake faces/fake_9779.png,1
Real faces/real_1350.png,0
Real faces/real_9058.png,0
Fake faces/fake_6495.png,1
Real faces/real_9922.png,0
Real faces/real_1522.png,0
Real faces/real_6760.png,0
Fake faces/fake_1862.png,1
Real faces/real_2797.png,0
Real faces/real_7040.png,0
Real faces/real_2992.png,0
Fake faces/fake_6751.png,1
Fake faces/fake_4059.png,1
Fake faces/fake_4066.png,1
Real faces/real_9755.png,0
Real faces/real_9152.png,0
Real faces/real_7457.png,0
Real faces/real_7683.png,0
Fake faces/fake_2821.png,1
Fake faces/fake_9261.png,1
Fake faces/fake_7964.png,1
Real faces/real_88.png,0
Fake faces/fake_9399.png,1
Real faces/real_8972.png,0
Fake faces/fake_3702.png,1
Fake faces/fake_6250.png,1
Fake faces/fake_8162.png,1
Fake faces/fake_1190.png,1
Real faces/real_8513.png,0
Real faces/real_1443.png,0
Real faces/real_9010.png,0
Fake faces/fake_2557.png,1
Fake faces/fake_6249.png,1
Fake faces/fake_2831.png,1
Fake faces/fake_8081.png,1
Fake faces/fake_2948.png,1
Real faces/real_2301.png,0
Fake faces/fake_3292.png,1
Fake faces/fake_1254.png,1
Real faces/real_2361.png,0
Real faces/real_5071.png,0
Fake faces/fake_638.png,1
Fake faces/fake_7402.png,1
Fake faces/fake_6826.png,1
Real faces/real_9264.png,0
Fake faces/fake_9675.png,1
Real faces/real_9059.png,0
Fake faces/fake_4527.png,1
Fake faces/fake_5251.png,1
Fake faces/fake_4831.png,1
Fake faces/fake_557.png,1
Fake faces/fake_7842.png,1
Real faces/real_8020.png,0
Real faces/real_8303.png,0
Real faces/real_6186.png,0
Fake faces/fake_336.png,1
Fake faces/fake_4409.png,1
Real faces/real_5023.png,0
Real faces/real_9790.png,0
Real faces/real_7839.png,0
Real faces/real_4391.png,0
Fake faces/fake_8233.png,1
Fake faces/fake_5539.png,1
Real faces/real_4639.png,0
Fake faces/fake_8482.png,1
Fake faces/fake_7953.png,1
Fake faces/fake_974.png,1
Real faces/real_3274.png,0
Fake faces/fake_5734.png,1
Real faces/real_9992.png,0
Real faces/real_6740.png,0
Real faces/real_257.png,0
Fake faces/fake_7974.png,1
Fake faces/fake_5687.png,1
Fake faces/fake_1643.png,1
Fake faces/fake_551.png,1
Real faces/real_8066.png,0
Fake faces/fake_6103.png,1
Real faces/real_1768.png,0
Fake faces/fake_2089.png,1
Real faces/real_5059.png,0
Real faces/real_7092.png,0
Fake faces/fake_5602.png,1
Fake faces/fake_9311.png,1
Real faces/real_8801.png,0
Fake faces/fake_9577.png,1
Fake faces/fake_482.png,1
Real faces/real_346.png,0
Real faces/real_5148.png,0
Fake faces/fake_1008.png,1
Real faces/real_5020.png,0
Real faces/real_4344.png,0
Fake faces/fake_7864.png,1
Real faces/real_6301.png,0
Real faces/real_2981.png,0
Real faces/real_2414.png,0
Fake faces/fake_4597.png,1
Real faces/real_8797.png,0
Fake faces/fake_2550.png,1
Real faces/real_9411.png,0
Real faces/real_6075.png,0
Real faces/real_3529.png,0
Fake faces/fake_3522.png,1
Fake faces/fake_1439.png,1
Fake faces/fake_7579.png,1
Fake faces/fake_9290.png,1
Fake faces/fake_3751.png,1
Real faces/real_2065.png,0
Real faces/real_1704.png,0
Real faces/real_8141.png,0
Real faces/real_2084.png,0
Fake faces/fake_1811.png,1
Real faces/real_103.png,0
Fake faces/fake_2529.png,1
Real faces/real_5380.png,0
Fake faces/fake_5206.png,1
Real faces/real_1788.png,0
Fake faces/fake_1169.png,1
Fake faces/fake_4401.png,1
Real faces/real_4618.png,0
Fake faces/fake_7584.png,1
Fake faces/fake_2496.png,1
Real faces/real_4189.png,0
Real faces/real_3999.png,0
Fake faces/fake_7364.png,1
Fake faces/fake_3094.png,1
Real faces/real_8323.png,0
Fake faces/fake_8732.png,1
Real faces/real_3922.png,0
Fake faces/fake_8227.png,1
Fake faces/fake_7532.png,1
Fake faces/fake_7086.png,1
Real faces/real_3698.png,0
Real faces/real_5277.png,0
Fake faces/fake_8798.png,1
Real faces/real_57.png,0
Fake faces/fake_2724.png,1
Fake faces/fake_121.png,1
Real faces/real_5513.png,0
Real faces/real_1489.png,0
Fake faces/fake_8625.png,1
Real faces/real_9437.png,0
Fake faces/fake_883.png,1
Real faces/real_2467.png,0
Real faces/real_9742.png,0
Real faces/real_7053.png,0
Real faces/real_2026.png,0
Real faces/real_2812.png,0
Fake faces/fake_9249.png,1
Fake faces/fake_5992.png,1
Real faces/real_9016.png,0
Fake faces/fake_7384.png,1
Real faces/real_8854.png,0
Fake faces/fake_5648.png,1
Fake faces/fake_3526.png,1
Fake faces/fake_8566.png,1
Fake faces/fake_3206.png,1
Fake faces/fake_2833.png,1
Real faces/real_379.png,0
Fake faces/fake_3772.png,1
Real faces/real_1527.png,0
Real faces/real_7898.png,0
Real faces/real_6561.png,0
Real faces/real_2388.png,0
Real faces/real_9881.png,0
Real faces/real_6690.png,0
Real faces/real_6920.png,0
Fake faces/fake_86.png,1
Fake faces/fake_4576.png,1
Fake faces/fake_4467.png,1
Fake faces/fake_9884.png,1
Fake faces/fake_2809.png,1
Real faces/real_8056.png,0
Fake faces/fake_4684.png,1
Fake faces/fake_7792.png,1
Real faces/real_9289.png,0
Real faces/real_6593.png,0
Real faces/real_4783.png,0
Real faces/real_3425.png,0
Real faces/real_911.png,0
Fake faces/fake_506.png,1
Fake faces/fake_3324.png,1
Fake faces/fake_5844.png,1
Fake faces/fake_8658.png,1
Fake faces/fake_4655.png,1
Real faces/real_4984.png,0
Real faces/real_3769.png,0
Real faces/real_6088.png,0
Real faces/real_1981.png,0
Real faces/real_6557.png,0
Fake faces/fake_3404.png,1
Real faces/real_5761.png,0
Fake faces/fake_5722.png,1
Real faces/real_5834.png,0
Real faces/real_7353.png,0
Real faces/real_7782.png,0
Real faces/real_3784.png,0
Fake faces/fake_1626.png,1
Fake faces/fake_5326.png,1
Real faces/real_1535.png,0
Fake faces/fake_6981.png,1
Fake faces/fake_6593.png,1
Real faces/real_5421.png,0
Fake faces/fake_9992.png,1
Real faces/real_5527.png,0
Real faces/real_5183.png,0
Real faces/real_2605.png,0
Real faces/real_8083.png,0
Fake faces/fake_3409.png,1
Real faces/real_7191.png,0
Real faces/real_7537.png,0
Real faces/real_4520.png,0
Real faces/real_7899.png,0
Real faces/real_9966.png,0
Real faces/real_8137.png,0
Fake faces/fake_922.png,1
Fake faces/fake_2056.png,1
Fake faces/fake_7240.png,1
Real faces/real_4816.png,0
Real faces/real_8481.png,0
Fake faces/fake_4380.png,1
Real faces/real_3059.png,0
Fake faces/fake_5959.png,1
Real faces/real_2448.png,0
Fake faces/fake_4922.png,1
Fake faces/fake_4264.png,1
Real faces/real_3.png,0
Fake faces/fake_3275.png,1
Fake faces/fake_7348.png,1
Fake faces/fake_8066.png,1
Fake faces/fake_6905.png,1
Fake faces/fake_4306.png,1
Real faces/real_8642.png,0
Real faces/real_8723.png,0
Real faces/real_344.png,0
Real faces/real_6188.png,0
Fake faces/fake_2241.png,1
Fake faces/fake_8882.png,1
Fake faces/fake_1277.png,1
Fake faces/fake_7933.png,1
Real faces/real_3315.png,0
Fake faces/fake_387.png,1
Real faces/real_5248.png,0
Real faces/real_5381.png,0
Fake faces/fake_6708.png,1
Real faces/real_42.png,0
Fake faces/fake_6303.png,1
Fake faces/fake_9259.png,1
Real faces/real_795.png,0
Fake faces/fake_9026.png,1
Fake faces/fake_5307.png,1
Real faces/real_2549.png,0
Fake faces/fake_5624.png,1
Fake faces/fake_6610.png,1
Real faces/real_7530.png,0
Fake faces/fake_2460.png,1
Real faces/real_3100.png,0
Fake faces/fake_3816.png,1
Fake faces/fake_8248.png,1
Fake faces/fake_6823.png,1
Real faces/real_46.png,0
Fake faces/fake_828.png,1
Fake faces/fake_381.png,1
Real faces/real_4307.png,0
Fake faces/fake_3168.png,1
Real faces/real_4229.png,0
Real faces/real_4914.png,0
Fake faces/fake_2627.png,1
Fake faces/fake_4910.png,1
Real faces/real_9889.png,0
Fake faces/fake_4132.png,1
Fake faces/fake_2812.png,1
Real faces/real_8969.png,0
Fake faces/fake_9462.png,1
Fake faces/fake_3785.png,1
Real faces/real_5893.png,0
Real faces/real_5456.png,0
Real faces/real_8300.png,0
Fake faces/fake_7397.png,1
Real faces/real_2189.png,0
Real faces/real_7917.png,0
Fake faces/fake_5143.png,1
Real faces/real_2602.png,0
Fake faces/fake_3670.png,1
Real faces/real_9948.png,0
Fake faces/fake_9275.png,1
Fake faces/fake_6770.png,1
Fake faces/fake_5892.png,1
Fake faces/fake_8693.png,1
Real faces/real_9123.png,0
Real faces/real_4983.png,0
Fake faces/fake_9180.png,1
Fake faces/fake_4363.png,1
Fake faces/fake_7614.png,1
Real faces/real_7228.png,0
Real faces/real_7883.png,0
Fake faces/fake_6484.png,1
Fake faces/fake_50.png,1
Fake faces/fake_34.png,1
Fake faces/fake_2913.png,1
Real faces/real_2503.png,0
Fake faces/fake_391.png,1
Real faces/real_4630.png,0
Real faces/real_1510.png,0
Real faces/real_6285.png,0
Fake faces/fake_4442.png,1
Fake faces/fake_1530.png,1
Fake faces/fake_5835.png,1
Fake faces/fake_6301.png,1
Fake faces/fake_7754.png,1
Fake faces/fake_1743.png,1
Fake faces/fake_894.png,1
Real faces/real_1901.png,0
Real faces/real_708.png,0
Fake faces/fake_3124.png,1
Real faces/real_5236.png,0
Real faces/real_2495.png,0
Real faces/real_688.png,0
Real faces/real_4450.png,0
Real faces/real_3184.png,0
Fake faces/fake_8487.png,1
Fake faces/fake_6649.png,1
Fake faces/fake_9585.png,1
Real faces/real_2571.png,0
Fake faces/fake_7659.png,1
Real faces/real_7731.png,0
Real faces/real_8509.png,0
Fake faces/fake_9529.png,1
Real faces/real_7149.png,0
Fake faces/fake_2234.png,1
Real faces/real_8180.png,0
Fake faces/fake_133.png,1
Fake faces/fake_8773.png,1
Real faces/real_4336.png,0
Real faces/real_1430.png,0
Fake faces/fake_8615.png,1
Fake faces/fake_3171.png,1
Real faces/real_5537.png,0
Fake faces/fake_3826.png,1
Real faces/real_7231.png,0
Fake faces/fake_235.png,1
Real faces/real_2270.png,0
Real faces/real_5900.png,0
Real faces/real_3507.png,0
Fake faces/fake_3885.png,1
Fake faces/fake_1145.png,1
Fake faces/fake_5159.png,1
Fake faces/fake_5093.png,1
Fake faces/fake_6583.png,1
Real faces/real_3171.png,0
Real faces/real_3886.png,0
Fake faces/fake_9328.png,1
Fake faces/fake_1296.png,1
Real faces/real_4755.png,0
Fake faces/fake_1355.png,1
Fake faces/fake_7505.png,1
Fake faces/fake_9244.png,1
Real faces/real_9734.png,0
Real faces/real_7365.png,0
Fake faces/fake_7493.png,1
Fake faces/fake_3555.png,1
Real faces/real_5784.png,0
Fake faces/fake_2293.png,1
Fake faces/fake_6099.png,1
Real faces/real_9380.png,0
Fake faces/fake_7399.png,1
Fake faces/fake_5886.png,1
Fake faces/fake_7859.png,1
Fake faces/fake_5796.png,1
Real faces/real_5598.png,0
Real faces/real_9052.png,0
Fake faces/fake_4324.png,1
Real faces/real_8952.png,0
Real faces/real_5800.png,0
Real faces/real_6084.png,0
Fake faces/fake_1019.png,1
Fake faces/fake_4342.png,1
Fake faces/fake_0.png,1
Fake faces/fake_3532.png,1
Real faces/real_7877.png,0
Real faces/real_2277.png,0
Real faces/real_6428.png,0
Real faces/real_8246.png,0
Fake faces/fake_2622.png,1
Real faces/real_4371.png,0
Real faces/real_6959.png,0
Real faces/real_9565.png,0
Real faces/real_7089.png,0
Real faces/real_9901.png,0
Real faces/real_6829.png,0
Real faces/real_1162.png,0
Real faces/real_2864.png,0
Fake faces/fake_2034.png,1
Real faces/real_9618.png,0
Fake faces/fake_6160.png,1
Real faces/real_7552.png,0
Real faces/real_7747.png,0
Fake faces/fake_6540.png,1
Fake faces/fake_5812.png,1
Fake faces/fake_9202.png,1
Fake faces/fake_8060.png,1
Fake faces/fake_4323.png,1
Fake faces/fake_1451.png,1
Real faces/real_6987.png,0
Fake faces/fake_1874.png,1
Real faces/real_1355.png,0
Fake faces/fake_6908.png,1
Real faces/real_8816.png,0
Real faces/real_7167.png,0
Fake faces/fake_1463.png,1
Real faces/real_8310.png,0
Real faces/real_8349.png,0
Fake faces/fake_3611.png,1
Fake faces/fake_7788.png,1
Real faces/real_9002.png,0
Real faces/real_3901.png,0
Fake faces/fake_9765.png,1
Real faces/real_5814.png,0
Real faces/real_6220.png,0
Real faces/real_563.png,0
Real faces/real_7298.png,0
Fake faces/fake_3066.png,1
Fake faces/fake_7591.png,1
Fake faces/fake_7389.png,1
Fake faces/fake_6582.png,1
Real faces/real_2559.png,0
Real faces/real_7199.png,0
Fake faces/fake_8596.png,1
Real faces/real_826.png,0
Real faces/real_5945.png,0
Real faces/real_8823.png,0
Fake faces/fake_3008.png,1
Fake faces/fake_8541.png,1
Fake faces/fake_5811.png,1
Real faces/real_290.png,0
Real faces/real_4768.png,0
Real faces/real_6672.png,0
Real faces/real_5654.png,0
Real faces/real_3926.png,0
Fake faces/fake_8626.png,1
Real faces/real_7222.png,0
Fake faces/fake_3089.png,1
Real faces/real_2898.png,0
Fake faces/fake_6616.png,1
Real faces/real_7583.png,0
Fake faces/fake_5457.png,1
Real faces/real_640.png,0
Fake faces/fake_7831.png,1
Fake faces/fake_3722.png,1
Fake faces/fake_895.png,1
Fake faces/fake_7745.png,1
Real faces/real_482.png,0
Real faces/real_6091.png,0
Real faces/real_7290.png,0
Fake faces/fake_7952.png,1
Fake faces/fake_2594.png,1
Fake faces/fake_9128.png,1
Fake faces/fake_470.png,1
Fake faces/fake_835.png,1
Real faces/real_3978.png,0
Real faces/real_6421.png,0
Real faces/real_3375.png,0
Fake faces/fake_6609.png,1
Fake faces/fake_3924.png,1
Real faces/real_4779.png,0
Real faces/real_6932.png,0
Fake faces/fake_2686.png,1
Fake faces/fake_2025.png,1
Real faces/real_2622.png,0
Fake faces/fake_8928.png,1
Fake faces/fake_1085.png,1
Fake faces/fake_1730.png,1
Real faces/real_4580.png,0
Fake faces/fake_4095.png,1
Fake faces/fake_7315.png,1
Fake faces/fake_7471.png,1
Real faces/real_9202.png,0
Fake faces/fake_3204.png,1
Real faces/real_6463.png,0
Fake faces/fake_8710.png,1
Real faces/real_1153.png,0
Fake faces/fake_3496.png,1
Real faces/real_9926.png,0
Fake faces/fake_2965.png,1
Fake faces/fake_3969.png,1
Fake faces/fake_3828.png,1
Fake faces/fake_8903.png,1
Real faces/real_9201.png,0
Fake faces/fake_2670.png,1
Real faces/real_5635.png,0
Real faces/real_4880.png,0
Fake faces/fake_5658.png,1
Real faces/real_4024.png,0
Real faces/real_7200.png,0
Real faces/real_8187.png,0
Real faces/real_4510.png,0
Real faces/real_4072.png,0
Fake faces/fake_8024.png,1
Fake faces/fake_1864.png,1
Fake faces/fake_2224.png,1
Fake faces/fake_660.png,1
Fake faces/fake_2063.png,1
Real faces/real_852.png,0
Real faces/real_467.png,0
Real faces/real_6662.png,0
Fake faces/fake_7325.png,1
Fake faces/fake_3818.png,1
Fake faces/fake_9497.png,1
Fake faces/fake_3754.png,1
Fake faces/fake_971.png,1
Fake faces/fake_8495.png,1
Fake faces/fake_9732.png,1
Real faces/real_736.png,0
Real faces/real_8136.png,0
Fake faces/fake_8123.png,1
Fake faces/fake_8793.png,1
Fake faces/fake_7090.png,1
Fake faces/fake_8507.png,1
Real faces/real_450.png,0
Fake faces/fake_9946.png,1
Real faces/real_7014.png,0
Real faces/real_2457.png,0
Real faces/real_6863.png,0
Fake faces/fake_4424.png,1
Fake faces/fake_2990.png,1
Real faces/real_2392.png,0
Fake faces/fake_4780.png,1
Real faces/real_8722.png,0
Fake faces/fake_7092.png,1
Real faces/real_4836.png,0
Real faces/real_1144.png,0
Fake faces/fake_5553.png,1
Fake faces/fake_964.png,1
Real faces/real_5412.png,0
Fake faces/fake_8183.png,1
Real faces/real_2133.png,0
Real faces/real_2937.png,0
Fake faces/fake_6624.png,1
Fake faces/fake_6866.png,1
Fake faces/fake_7233.png,1
Real faces/real_41.png,0
Real faces/real_3282.png,0
Fake faces/fake_7689.png,1
Fake faces/fake_6306.png,1
Fake faces/fake_8230.png,1
Real faces/real_1866.png,0
Fake faces/fake_5428.png,1
Real faces/real_2450.png,0
Real faces/real_3070.png,0
Fake faces/fake_9505.png,1
Fake faces/fake_6698.png,1
Real faces/real_1123.png,0
Real faces/real_2334.png,0
Fake faces/fake_14.png,1
Fake faces/fake_6132.png,1
Fake faces/fake_1.png,1
Fake faces/fake_4566.png,1
Real faces/real_2408.png,0
Fake faces/fake_2817.png,1
Real faces/real_9458.png,0
Fake faces/fake_5217.png,1
Real faces/real_1347.png,0
Real faces/real_5925.png,0
Real faces/real_8355.png,0
Real faces/real_5343.png,0
Real faces/real_9048.png,0
Real faces/real_3887.png,0
Real faces/real_5332.png,0
Fake faces/fake_475.png,1
Fake faces/fake_2694.png,1
Fake faces/fake_332.png,1
Real faces/real_35.png,0
Real faces/real_7479.png,0
Fake faces/fake_1390.png,1
Fake faces/fake_9204.png,1
Real faces/real_6601.png,0
Fake faces/fake_737.png,1
Real faces/real_5836.png,0
Real faces/real_2315.png,0
Fake faces/fake_5966.png,1
Real faces/real_2699.png,0
Real faces/real_621.png,0
Real faces/real_1978.png,0
Fake faces/fake_4011.png,1
Real faces/real_323.png,0
Real faces/real_8730.png,0
Fake faces/fake_7740.png,1
Real faces/real_2308.png,0
Real faces/real_3486.png,0
Fake faces/fake_6011.png,1
Real faces/real_5018.png,0
Fake faces/fake_9124.png,1
Real faces/real_1227.png,0
Real faces/real_4168.png,0
Real faces/real_7724.png,0
Real faces/real_8679.png,0
Fake faces/fake_43.png,1
Fake faces/fake_6991.png,1
Fake faces/fake_665.png,1
Fake faces/fake_3559.png,1
Fake faces/fake_8414.png,1
Fake faces/fake_5278.png,1
Fake faces/fake_1727.png,1
Real faces/real_4097.png,0
Real faces/real_3571.png,0
Fake faces/fake_8015.png,1
Real faces/real_3043.png,0
Real faces/real_6377.png,0
Real faces/real_9376.png,0
Fake faces/fake_2316.png,1
Real faces/real_5352.png,0
Real faces/real_7662.png,0
Fake faces/fake_8943.png,1
Real faces/real_5990.png,0
Real faces/real_6427.png,0
Fake faces/fake_9994.png,1
Fake faces/fake_1634.png,1
Real faces/real_4447.png,0
Real faces/real_1261.png,0
Fake faces/fake_6064.png,1
Real faces/real_5683.png,0
Fake faces/fake_2728.png,1
Real faces/real_5996.png,0
Fake faces/fake_4973.png,1
Fake faces/fake_6685.png,1
Fake faces/fake_5897.png,1
Real faces/real_8197.png,0
Real faces/real_2771.png,0
Real faces/real_6685.png,0
Fake faces/fake_1750.png,1
Fake faces/fake_3465.png,1
Fake faces/fake_843.png,1
Fake faces/fake_1337.png,1
Real faces/real_2250.png,0
Fake faces/fake_7179.png,1
Fake faces/fake_7801.png,1
Real faces/real_3248.png,0
Fake faces/fake_1084.png,1
Real faces/real_2753.png,0
Real faces/real_8703.png,0
Real faces/real_8058.png,0
Fake faces/fake_5695.png,1
Real faces/real_8248.png,0
Real faces/real_8182.png,0
Fake faces/fake_8983.png,1
Real faces/real_4699.png,0
Real faces/real_7924.png,0
Real faces/real_9075.png,0
Real faces/real_423.png,0
Fake faces/fake_2646.png,1
Real faces/real_9888.png,0
Real faces/real_9504.png,0
Fake faces/fake_3138.png,1
Fake faces/fake_2061.png,1
Real faces/real_3686.png,0
Real faces/real_3142.png,0
Fake faces/fake_2099.png,1
Fake faces/fake_4846.png,1
Fake faces/fake_6047.png,1
Real faces/real_6433.png,0
Real faces/real_1713.png,0
Real faces/real_31.png,0
Fake faces/fake_8056.png,1
Fake faces/fake_5165.png,1
Real faces/real_1433.png,0
Fake faces/fake_7897.png,1
Real faces/real_2252.png,0
Fake faces/fake_8937.png,1
Real faces/real_6440.png,0
Fake faces/fake_8119.png,1
Real faces/real_647.png,0
Real faces/real_7757.png,0
Fake faces/fake_9446.png,1
Real faces/real_9861.png,0
Real faces/real_7803.png,0
Fake faces/fake_2765.png,1
Real faces/real_1321.png,0
Fake faces/fake_4148.png,1
Real faces/real_5149.png,0
Fake faces/fake_6020.png,1
Real faces/real_6814.png,0
Real faces/real_8612.png,0
Fake faces/fake_9231.png,1
Fake faces/fake_4465.png,1
Real faces/real_3376.png,0
Fake faces/fake_6909.png,1
Fake faces/fake_3071.png,1
Real faces/real_4254.png,0
Real faces/real_2534.png,0
Real faces/real_9534.png,0
Real faces/real_9334.png,0
Real faces/real_1624.png,0
Real faces/real_1429.png,0
Real faces/real_3222.png,0
Real faces/real_7704.png,0
Real faces/real_217.png,0
Real faces/real_1862.png,0
Fake faces/fake_8373.png,1
Real faces/real_265.png,0
Real faces/real_1396.png,0
Fake faces/fake_1791.png,1
Real faces/real_8689.png,0
Fake faces/fake_4032.png,1
Fake faces/fake_7922.png,1
Real faces/real_8764.png,0
Real faces/real_2879.png,0
Fake faces/fake_214.png,1
Real faces/real_8583.png,0
Fake faces/fake_2884.png,1
Fake faces/fake_6033.png,1
Real faces/real_2859.png,0
Real faces/real_8361.png,0
Fake faces/fake_7396.png,1
Fake faces/fake_7840.png,1
Fake faces/fake_7807.png,1
Fake faces/fake_6129.png,1
Real faces/real_9688.png,0
Fake faces/fake_5862.png,1
Real faces/real_7093.png,0
Real faces/real_6926.png,0
Real faces/real_4347.png,0
Fake faces/fake_2473.png,1
Fake faces/fake_7882.png,1
Real faces/real_1632.png,0
Fake faces/fake_5961.png,1
Fake faces/fake_9117.png,1
Real faces/real_3468.png,0
Real faces/real_9051.png,0
Real faces/real_7606.png,0
Real faces/real_8227.png,0
Fake faces/fake_2769.png,1
Real faces/real_9593.png,0
Real faces/real_6472.png,0
Fake faces/fake_7506.png,1
Real faces/real_387.png,0
Real faces/real_3710.png,0
Fake faces/fake_4851.png,1
Real faces/real_5587.png,0
Real faces/real_4258.png,0
Real faces/real_1035.png,0
Real faces/real_2043.png,0
Fake faces/fake_5105.png,1
Fake faces/fake_6966.png,1
Fake faces/fake_161.png,1
Real faces/real_2641.png,0
Real faces/real_5723.png,0
Fake faces/fake_3587.png,1
Fake faces/fake_6880.png,1
Real faces/real_1554.png,0
Real faces/real_1611.png,0
Fake faces/fake_1667.png,1
Real faces/real_1163.png,0
Fake faces/fake_4227.png,1
Fake faces/fake_6113.png,1
Fake faces/fake_5529.png,1
Real faces/real_2647.png,0
Fake faces/fake_4260.png,1
Fake faces/fake_6804.png,1
Fake faces/fake_3455.png,1
Real faces/real_3912.png,0
Real faces/real_6478.png,0
Fake faces/fake_208.png,1
Real faces/real_3522.png,0
Fake faces/fake_2958.png,1
Fake faces/fake_4074.png,1
Real faces/real_8211.png,0
Real faces/real_2003.png,0
Fake faces/fake_357.png,1
Real faces/real_7451.png,0
Fake faces/fake_6274.png,1
Real faces/real_17.png,0
Real faces/real_2020.png,0
Real faces/real_6935.png,0
Real faces/real_1328.png,0
Real faces/real_1444.png,0
Real faces/real_4472.png,0
Real faces/real_6243.png,0
Real faces/real_705.png,0
Real faces/real_278.png,0
Fake faces/fake_1561.png,1
Real faces/real_8675.png,0
Fake faces/fake_3599.png,1
Fake faces/fake_5323.png,1
Fake faces/fake_6365.png,1
Real faces/real_273.png,0
Real faces/real_5144.png,0
Real faces/real_8616.png,0
Real faces/real_513.png,0
Fake faces/fake_3469.png,1
Real faces/real_5102.png,0
Real faces/real_5034.png,0
Fake faces/fake_5398.png,1
Real faces/real_4084.png,0
Fake faces/fake_9873.png,1
Fake faces/fake_8217.png,1
Real faces/real_2405.png,0
Fake faces/fake_2608.png,1
Real faces/real_7516.png,0
Real faces/real_8852.png,0
Real faces/real_9981.png,0
Fake faces/fake_9404.png,1
Fake faces/fake_1223.png,1
Fake faces/fake_6592.png,1
Fake faces/fake_3178.png,1
Real faces/real_5348.png,0
Real faces/real_4028.png,0
Real faces/real_9416.png,0
Fake faces/fake_7044.png,1
Real faces/real_3458.png,0
Real faces/real_2199.png,0
Real faces/real_7762.png,0
Real faces/real_1427.png,0
Real faces/real_9924.png,0
Real faces/real_8918.png,0
Fake faces/fake_2504.png,1
Real faces/real_3820.png,0
Real faces/real_6126.png,0
Fake faces/fake_5516.png,1
Real faces/real_9771.png,0
Fake faces/fake_4572.png,1
Fake faces/fake_5592.png,1
Fake faces/fake_8018.png,1
Real faces/real_6846.png,0
Real faces/real_3585.png,0
Fake faces/fake_8858.png,1
Fake faces/fake_6885.png,1
Fake faces/fake_5994.png,1
Fake faces/fake_9511.png,1
Real faces/real_8994.png,0
Fake faces/fake_3381.png,1
Fake faces/fake_4341.png,1
Fake faces/fake_4565.png,1
Real faces/real_6462.png,0
Fake faces/fake_5002.png,1
Fake faces/fake_8191.png,1
Real faces/real_8054.png,0
Real faces/real_6161.png,0
Real faces/real_6423.png,0
Real faces/real_4178.png,0
Real faces/real_2929.png,0
Fake faces/fake_373.png,1
Real faces/real_1705.png,0
Fake faces/fake_2294.png,1
Fake faces/fake_998.png,1
Fake faces/fake_2888.png,1
Fake faces/fake_2801.png,1
Real faces/real_8337.png,0
Real faces/real_5019.png,0
Real faces/real_476.png,0
Fake faces/fake_2092.png,1
Real faces/real_8877.png,0
Fake faces/fake_3068.png,1
Real faces/real_4600.png,0
Real faces/real_2235.png,0
Real faces/real_9997.png,0
Real faces/real_7250.png,0
Fake faces/fake_6361.png,1
Fake faces/fake_775.png,1
Fake faces/fake_8907.png,1
Real faces/real_6335.png,0
Fake faces/fake_663.png,1
Fake faces/fake_1375.png,1
Fake faces/fake_2672.png,1
Real faces/real_8833.png,0
Real faces/real_8028.png,0
Real faces/real_2826.png,0
Real faces/real_4634.png,0
Real faces/real_4286.png,0
Real faces/real_9559.png,0
Real faces/real_3068.png,0
Fake faces/fake_1080.png,1
Real faces/real_3111.png,0
Real faces/real_3213.png,0
Real faces/real_970.png,0
Fake faces/fake_534.png,1
Real faces/real_2034.png,0
Fake faces/fake_9351.png,1
Fake faces/fake_1555.png,1
Real faces/real_7668.png,0
Real faces/real_3572.png,0
Fake faces/fake_4017.png,1
Fake faces/fake_3510.png,1
Fake faces/fake_2907.png,1
Real faces/real_9091.png,0
Fake faces/fake_1987.png,1
Fake faces/fake_220.png,1
Real faces/real_8576.png,0
Real faces/real_6756.png,0
Fake faces/fake_137.png,1
Real faces/real_8771.png,0
Fake faces/fake_3383.png,1
Fake faces/fake_8804.png,1
Fake faces/fake_4468.png,1
Real faces/real_9125.png,0
Real faces/real_3366.png,0
Fake faces/fake_1260.png,1
Fake faces/fake_2066.png,1
Fake faces/fake_6410.png,1
Fake faces/fake_5097.png,1
Fake faces/fake_3658.png,1
Fake faces/fake_7189.png,1
Fake faces/fake_291.png,1
Real faces/real_733.png,0
Fake faces/fake_5532.png,1
Fake faces/fake_1893.png,1
Fake faces/fake_3470.png,1
Fake faces/fake_1031.png,1
Real faces/real_2948.png,0
Fake faces/fake_1779.png,1
Real faces/real_6584.png,0
Real faces/real_5553.png,0
Real faces/real_2117.png,0
Fake faces/fake_3243.png,1
Fake faces/fake_1725.png,1
Fake faces/fake_4976.png,1
Fake faces/fake_6789.png,1
Fake faces/fake_3941.png,1
Real faces/real_3860.png,0
Real faces/real_4794.png,0
Real faces/real_6070.png,0
Fake faces/fake_1240.png,1
Fake faces/fake_8091.png,1
Fake faces/fake_7834.png,1
Fake faces/fake_3483.png,1
Fake faces/fake_1294.png,1
Real faces/real_5031.png,0
Fake faces/fake_3944.png,1
Real faces/real_3242.png,0
Real faces/real_6141.png,0
Fake faces/fake_3266.png,1
Real faces/real_7268.png,0
Fake faces/fake_8465.png,1
Real faces/real_4375.png,0
Real faces/real_6281.png,0
Real faces/real_1441.png,0
Real faces/real_2386.png,0
Real faces/real_6045.png,0
Fake faces/fake_1568.png,1
Real faces/real_3699.png,0
Real faces/real_7559.png,0
Fake faces/fake_2573.png,1
Real faces/real_3798.png,0
Real faces/real_2214.png,0
Fake faces/fake_9447.png,1
Real faces/real_3821.png,0
Fake faces/fake_7609.png,1
Fake faces/fake_1005.png,1
Real faces/real_7403.png,0
Fake faces/fake_6400.png,1
Real faces/real_7594.png,0
Real faces/real_4265.png,0
Fake faces/fake_2200.png,1
Fake faces/fake_3580.png,1
Fake faces/fake_7262.png,1
Real faces/real_7589.png,0
Real faces/real_7453.png,0
Real faces/real_5770.png,0
Real faces/real_9367.png,0
Real faces/real_6002.png,0
Real faces/real_6706.png,0
Real faces/real_4743.png,0
Real faces/real_8188.png,0
Real faces/real_2145.png,0
Real faces/real_2794.png,0
Real faces/real_921.png,0
Real faces/real_1086.png,0
Fake faces/fake_7642.png,1
Real faces/real_1838.png,0
Fake faces/fake_6618.png,1
Real faces/real_7303.png,0
Fake faces/fake_9048.png,1
Real faces/real_977.png,0
Real faces/real_6659.png,0
Fake faces/fake_3020.png,1
Fake faces/fake_9440.png,1
Fake faces/fake_5876.png,1
Real faces/real_651.png,0
Real faces/real_7198.png,0
Real faces/real_5274.png,0
Fake faces/fake_318.png,1
Real faces/real_1362.png,0
Real faces/real_9842.png,0
Real faces/real_4819.png,0
Real faces/real_4219.png,0
Real faces/real_6879.png,0
Real faces/real_8654.png,0
Real faces/real_3474.png,0
Fake faces/fake_2187.png,1
Real faces/real_5116.png,0
Real faces/real_7975.png,0
Real faces/real_7517.png,0
Fake faces/fake_5236.png,1
Real faces/real_5438.png,0
Real faces/real_1288.png,0
Fake faces/fake_1033.png,1
Real faces/real_8546.png,0
Fake faces/fake_8799.png,1
Fake faces/fake_9172.png,1
Fake faces/fake_2223.png,1
Fake faces/fake_9977.png,1
Fake faces/fake_1613.png,1
Real faces/real_5550.png,0
Fake faces/fake_1157.png,1
Fake faces/fake_2798.png,1
Real faces/real_6880.png,0
Fake faces/fake_8860.png,1
Real faces/real_2988.png,0
Fake faces/fake_5674.png,1
Real faces/real_5954.png,0
Real faces/real_3263.png,0
Real faces/real_327.png,0
Real faces/real_6424.png,0
Real faces/real_9614.png,0
Fake faces/fake_2062.png,1
Real faces/real_7717.png,0
Fake faces/fake_2130.png,1
Real faces/real_1807.png,0
Real faces/real_5022.png,0
Fake faces/fake_9013.png,1
Fake faces/fake_6927.png,1
Real faces/real_9560.png,0
Fake faces/fake_2323.png,1
Fake faces/fake_3270.png,1
Real faces/real_1383.png,0
Real faces/real_3472.png,0
Fake faces/fake_900.png,1
Real faces/real_2150.png,0
Real faces/real_5502.png,0
Fake faces/fake_8335.png,1
Fake faces/fake_4216.png,1
Real faces/real_9711.png,0
Real faces/real_2752.png,0
Real faces/real_1712.png,0
Fake faces/fake_6655.png,1
Fake faces/fake_5689.png,1
Fake faces/fake_1179.png,1
Fake faces/fake_8750.png,1
Fake faces/fake_3656.png,1
Fake faces/fake_6348.png,1
Fake faces/fake_5129.png,1
Fake faces/fake_5727.png,1
Fake faces/fake_673.png,1
Real faces/real_4525.png,0
Real faces/real_169.png,0
Real faces/real_4672.png,0
Real faces/real_6501.png,0
Real faces/real_2878.png,0
Real faces/real_6063.png,0
Fake faces/fake_2287.png,1
Fake faces/fake_8955.png,1
Fake faces/fake_9951.png,1
Fake faces/fake_9389.png,1
Fake faces/fake_6657.png,1
Real faces/real_6136.png,0
Fake faces/fake_9301.png,1
Real faces/real_5937.png,0
Fake faces/fake_8884.png,1
Fake faces/fake_7294.png,1
Real faces/real_3323.png,0
Fake faces/fake_5829.png,1
Real faces/real_3470.png,0
Fake faces/fake_6398.png,1
Fake faces/fake_7785.png,1
Fake faces/fake_3971.png,1
Fake faces/fake_9381.png,1
Fake faces/fake_1246.png,1
Real faces/real_5568.png,0
Real faces/real_137.png,0
Real faces/real_7029.png,0
Real faces/real_9423.png,0
Real faces/real_9841.png,0
Real faces/real_5225.png,0
Fake faces/fake_7712.png,1
Real faces/real_9751.png,0
Real faces/real_7765.png,0
Real faces/real_8048.png,0
Real faces/real_2140.png,0
Real faces/real_3000.png,0
Real faces/real_4738.png,0
Fake faces/fake_655.png,1
Real faces/real_7948.png,0
Real faces/real_4441.png,0
Real faces/real_7473.png,0
Real faces/real_6669.png,0
Real faces/real_6549.png,0
Real faces/real_4352.png,0
Real faces/real_1397.png,0
Fake faces/fake_1871.png,1
Real faces/real_2141.png,0
Fake faces/fake_1513.png,1
Fake faces/fake_9963.png,1
Fake faces/fake_8785.png,1
Fake faces/fake_6604.png,1
Fake faces/fake_8813.png,1
Fake faces/fake_8850.png,1
Real faces/real_4614.png,0
Fake faces/fake_3640.png,1
Fake faces/fake_873.png,1
Fake faces/fake_2696.png,1
Fake faces/fake_1705.png,1
Real faces/real_6835.png,0
Fake faces/fake_8387.png,1
Fake faces/fake_3503.png,1
Real faces/real_2312.png,0
Real faces/real_4197.png,0
Fake faces/fake_6587.png,1
Fake faces/fake_1464.png,1
Real faces/real_4828.png,0
Real faces/real_5199.png,0
Fake faces/fake_6027.png,1
Real faces/real_8542.png,0
Real faces/real_6225.png,0
Real faces/real_4388.png,0
Fake faces/fake_8055.png,1
Fake faces/fake_7454.png,1
Fake faces/fake_70.png,1
Fake faces/fake_8677.png,1
Fake faces/fake_7009.png,1
Real faces/real_8086.png,0
Fake faces/fake_4994.png,1
Real faces/real_714.png,0
Real faces/real_5667.png,0
Fake faces/fake_991.png,1
Fake faces/fake_7535.png,1
Fake faces/fake_2299.png,1
Fake faces/fake_7644.png,1
Real faces/real_2676.png,0
Fake faces/fake_3529.png,1
Fake faces/fake_4551.png,1
Real faces/real_6.png,0
Real faces/real_2910.png,0
Real faces/real_5632.png,0
Fake faces/fake_8550.png,1
Real faces/real_8348.png,0
Fake faces/fake_9580.png,1
Real faces/real_2554.png,0
Real faces/real_4546.png,0
Fake faces/fake_5412.png,1
Fake faces/fake_4912.png,1
Real faces/real_9895.png,0
Fake faces/fake_9719.png,1
Fake faces/fake_2385.png,1
Fake faces/fake_2016.png,1
Fake faces/fake_8935.png,1
Fake faces/fake_3985.png,1
Real faces/real_1023.png,0
Fake faces/fake_445.png,1
Fake faces/fake_4483.png,1
Fake faces/fake_397.png,1
Real faces/real_2247.png,0
Real faces/real_7285.png,0
Fake faces/fake_6706.png,1
Fake faces/fake_8146.png,1
Fake faces/fake_6055.png,1
Fake faces/fake_8043.png,1
Real faces/real_4279.png,0
Real faces/real_5359.png,0
Real faces/real_8153.png,0
Real faces/real_6954.png,0
Fake faces/fake_8433.png,1
Fake faces/fake_5476.png,1
Fake faces/fake_5313.png,1
Fake faces/fake_2810.png,1
Real faces/real_9773.png,0
Real faces/real_2111.png,0
Real faces/real_2876.png,0
Real faces/real_8506.png,0
Real faces/real_9729.png,0
Real faces/real_3204.png,0
Real faces/real_4941.png,0
Real faces/real_4463.png,0
Real faces/real_8124.png,0
Fake faces/fake_6152.png,1
Real faces/real_558.png,0
Fake faces/fake_7287.png,1
Real faces/real_3617.png,0
Real faces/real_5333.png,0
Fake faces/fake_6740.png,1
Real faces/real_8477.png,0
Real faces/real_4166.png,0
Fake faces/fake_1509.png,1
Fake faces/fake_7141.png,1
Real faces/real_7700.png,0
Real faces/real_5216.png,0
Real faces/real_6619.png,0
Real faces/real_2796.png,0
Fake faces/fake_4696.png,1
Fake faces/fake_7890.png,1
Real faces/real_4153.png,0
Real faces/real_7626.png,0
Fake faces/fake_8.png,1
Fake faces/fake_2024.png,1
Fake faces/fake_8282.png,1
Fake faces/fake_4100.png,1
Real faces/real_4442.png,0
Fake faces/fake_2741.png,1
Fake faces/fake_1399.png,1
Real faces/real_9060.png,0
Fake faces/fake_7151.png,1
Real faces/real_2351.png,0
Fake faces/fake_365.png,1
Real faces/real_5337.png,0
Fake faces/fake_9969.png,1
Real faces/real_6119.png,0
Real faces/real_2724.png,0
Real faces/real_6590.png,0
Real faces/real_7649.png,0
Real faces/real_1869.png,0
Fake faces/fake_3901.png,1
Fake faces/fake_9836.png,1
Fake faces/fake_374.png,1
Fake faces/fake_6294.png,1
Real faces/real_6422.png,0
Real faces/real_8164.png,0
Real faces/real_1199.png,0
Real faces/real_3165.png,0
Fake faces/fake_6881.png,1
Fake faces/fake_5425.png,1
Fake faces/fake_6844.png,1
Fake faces/fake_2489.png,1
Real faces/real_715.png,0
Real faces/real_3635.png,0
Fake faces/fake_7980.png,1
Fake faces/fake_3508.png,1
Fake faces/fake_6901.png,1
Real faces/real_3702.png,0
Real faces/real_361.png,0
Real faces/real_3115.png,0
Fake faces/fake_1878.png,1
Fake faces/fake_8756.png,1
Real faces/real_4296.png,0
Fake faces/fake_7148.png,1
Real faces/real_3489.png,0
Fake faces/fake_1338.png,1
Real faces/real_4245.png,0
Real faces/real_3589.png,0
Real faces/real_2760.png,0
Real faces/real_8657.png,0
Fake faces/fake_8796.png,1
Real faces/real_7020.png,0
Real faces/real_1157.png,0
Real faces/real_4824.png,0
Fake faces/fake_643.png,1
Real faces/real_460.png,0
Fake faces/fake_5675.png,1
Fake faces/fake_2942.png,1
Real faces/real_6241.png,0
Real faces/real_291.png,0
Real faces/real_7703.png,0
Fake faces/fake_9870.png,1
Real faces/real_6134.png,0
Fake faces/fake_2375.png,1
Fake faces/fake_6802.png,1
Fake faces/fake_2752.png,1
Real faces/real_6268.png,0
Fake faces/fake_1385.png,1
Real faces/real_4325.png,0
Real faces/real_8596.png,0
Fake faces/fake_5972.png,1
Fake faces/fake_7657.png,1
Real faces/real_2687.png,0
Fake faces/fake_5314.png,1
Fake faces/fake_1652.png,1
Real faces/real_6246.png,0
Real faces/real_3682.png,0
Fake faces/fake_2576.png,1
Fake faces/fake_6388.png,1
Real faces/real_2279.png,0
Real faces/real_7648.png,0
Real faces/real_6193.png,0
Real faces/real_9652.png,0
Real faces/real_4978.png,0
Real faces/real_8628.png,0
Fake faces/fake_5505.png,1
Fake faces/fake_399.png,1
Fake faces/fake_493.png,1
Fake faces/fake_9331.png,1
Real faces/real_230.png,0
Fake faces/fake_8822.png,1
Fake faces/fake_763.png,1
Real faces/real_3256.png,0
Fake faces/fake_8455.png,1
Fake faces/fake_1618.png,1
Fake faces/fake_7321.png,1
Fake faces/fake_3115.png,1
Fake faces/fake_9899.png,1
Real faces/real_3410.png,0
Fake faces/fake_3693.png,1
Real faces/real_2616.png,0
Real faces/real_5885.png,0
Fake faces/fake_9596.png,1
Fake faces/fake_1879.png,1
Real faces/real_4739.png,0
Fake faces/fake_5509.png,1
Fake faces/fake_3773.png,1
Real faces/real_6810.png,0
Real faces/real_5203.png,0
Fake faces/fake_465.png,1
Fake faces/fake_9170.png,1
Real faces/real_3287.png,0
Fake faces/fake_4999.png,1
Fake faces/fake_6694.png,1
Real faces/real_3707.png,0
Real faces/real_2781.png,0
Real faces/real_4972.png,0
Real faces/real_6866.png,0
Real faces/real_8525.png,0
Fake faces/fake_9227.png,1
Real faces/real_4462.png,0
Real faces/real_3048.png,0
Real faces/real_9558.png,0
Fake faces/fake_8222.png,1
Fake faces/fake_1331.png,1
Real faces/real_9233.png,0
Fake faces/fake_6078.png,1
Real faces/real_8091.png,0
Fake faces/fake_6464.png,1
Real faces/real_9539.png,0
Fake faces/fake_9414.png,1
Real faces/real_8241.png,0
Real faces/real_6831.png,0
Fake faces/fake_6837.png,1
Fake faces/fake_8946.png,1
Fake faces/fake_169.png,1
Fake faces/fake_8557.png,1
Fake faces/fake_6174.png,1
Fake faces/fake_8436.png,1
Real faces/real_4230.png,0
Fake faces/fake_2683.png,1
Fake faces/fake_5772.png,1
Fake faces/fake_1002.png,1
Real faces/real_1957.png,0
Real faces/real_487.png,0
Fake faces/fake_3947.png,1
Real faces/real_7698.png,0
Real faces/real_2512.png,0
Real faces/real_8451.png,0
Real faces/real_9791.png,0
Real faces/real_9698.png,0
Fake faces/fake_3687.png,1
Fake faces/fake_112.png,1
Fake faces/fake_6191.png,1
Real faces/real_9538.png,0
Real faces/real_8858.png,0
Real faces/real_9398.png,0
Fake faces/fake_1961.png,1
Fake faces/fake_2864.png,1
Fake faces/fake_5386.png,1
Fake faces/fake_2131.png,1
Real faces/real_1020.png,0
Fake faces/fake_4960.png,1
Real faces/real_5182.png,0
Real faces/real_4848.png,0
Fake faces/fake_9289.png,1
Real faces/real_8503.png,0
Real faces/real_9798.png,0
Fake faces/fake_5452.png,1
Real faces/real_6491.png,0
Fake faces/fake_7103.png,1
Fake faces/fake_4339.png,1
Fake faces/fake_4561.png,1
Real faces/real_134.png,0
Fake faces/fake_8899.png,1
Real faces/real_9162.png,0
Real faces/real_6266.png,0
Real faces/real_4205.png,0
Fake faces/fake_7063.png,1
Fake faces/fake_3442.png,1
Real faces/real_8126.png,0
Fake faces/fake_1442.png,1
Fake faces/fake_4214.png,1
Fake faces/fake_1764.png,1
Real faces/real_4680.png,0
Real faces/real_7508.png,0
Fake faces/fake_1028.png,1
Real faces/real_5503.png,0
Real faces/real_485.png,0
Fake faces/fake_8236.png,1
Real faces/real_967.png,0
Fake faces/fake_8457.png,1
Real faces/real_6069.png,0
Real faces/real_9453.png,0
Real faces/real_5354.png,0
Fake faces/fake_7094.png,1
Fake faces/fake_3932.png,1
Real faces/real_2225.png,0
Fake faces/fake_6641.png,1
Real faces/real_5758.png,0
Fake faces/fake_9146.png,1
Fake faces/fake_7443.png,1
Fake faces/fake_6185.png,1
Real faces/real_6206.png,0
Real faces/real_6056.png,0
Real faces/real_6253.png,0
Fake faces/fake_9534.png,1
Fake faces/fake_9347.png,1
Fake faces/fake_6338.png,1
Real faces/real_5350.png,0
Real faces/real_3964.png,0
Fake faces/fake_7767.png,1
Fake faces/fake_4642.png,1
Fake faces/fake_9315.png,1
Fake faces/fake_2176.png,1
Fake faces/fake_8140.png,1
Real faces/real_3485.png,0
Real faces/real_7261.png,0
Real faces/real_9347.png,0
Real faces/real_6211.png,0
Real faces/real_5525.png,0
Fake faces/fake_8612.png,1
Fake faces/fake_3218.png,1
Real faces/real_601.png,0
Real faces/real_3508.png,0
Fake faces/fake_9140.png,1
Real faces/real_5771.png,0
Real faces/real_2856.png,0
Real faces/real_4954.png,0
Fake faces/fake_7610.png,1
Real faces/real_2167.png,0
Real faces/real_2412.png,0
Real faces/real_7386.png,0
Fake faces/fake_2830.png,1
Real faces/real_5100.png,0
Fake faces/fake_3046.png,1
Fake faces/fake_6080.png,1
Fake faces/fake_8591.png,1
Real faces/real_5975.png,0
Real faces/real_741.png,0
Real faces/real_411.png,0
Fake faces/fake_5066.png,1
Fake faces/fake_3692.png,1
Real faces/real_9409.png,0
Fake faces/fake_3637.png,1
Real faces/real_7501.png,0
Real faces/real_3230.png,0
Real faces/real_3105.png,0
Real faces/real_3208.png,0
Real faces/real_2075.png,0
Fake faces/fake_8476.png,1
Real faces/real_3265.png,0
Fake faces/fake_2673.png,1
Real faces/real_2677.png,0
Fake faces/fake_8176.png,1
Fake faces/fake_1768.png,1
Real faces/real_4489.png,0
Fake faces/fake_9826.png,1
Fake faces/fake_2718.png,1
Real faces/real_286.png,0
Real faces/real_1323.png,0
Real faces/real_2624.png,0
Fake faces/fake_9113.png,1
Real faces/real_2516.png,0
Real faces/real_72.png,0
Fake faces/fake_570.png,1
Real faces/real_410.png,0
Real faces/real_7881.png,0
Real faces/real_3143.png,0
Real faces/real_7449.png,0
Fake faces/fake_3356.png,1
Fake faces/fake_4815.png,1
Real faces/real_6916.png,0
Fake faces/fake_7077.png,1
Real faces/real_8387.png,0
Fake faces/fake_7016.png,1
Real faces/real_8670.png,0
Fake faces/fake_8352.png,1
Real faces/real_5230.png,0
Real faces/real_5858.png,0
Fake faces/fake_239.png,1
Fake faces/fake_8249.png,1
Real faces/real_8629.png,0
Fake faces/fake_9630.png,1
Fake faces/fake_1858.png,1
Real faces/real_2298.png,0
Fake faces/fake_4299.png,1
Fake faces/fake_3413.png,1
Real faces/real_5331.png,0
Fake faces/fake_666.png,1
Real faces/real_7348.png,0
Real faces/real_2585.png,0
Real faces/real_5762.png,0
Fake faces/fake_3679.png,1
Fake faces/fake_6723.png,1
Real faces/real_1071.png,0
Real faces/real_3755.png,0
Real faces/real_6228.png,0
Fake faces/fake_4821.png,1
Fake faces/fake_9731.png,1
Real faces/real_4771.png,0
Fake faces/fake_1698.png,1
Fake faces/fake_5120.png,1
Fake faces/fake_4267.png,1
Real faces/real_9396.png,0
Real faces/real_6730.png,0
Real faces/real_3633.png,0
Real faces/real_7772.png,0
Fake faces/fake_7667.png,1
Fake faces/fake_1937.png,1
Fake faces/fake_7405.png,1
Fake faces/fake_4808.png,1
Fake faces/fake_5237.png,1
Fake faces/fake_3820.png,1
Fake faces/fake_8573.png,1
Real faces/real_1731.png,0
Real faces/real_8239.png,0
Fake faces/fake_314.png,1
Real faces/real_697.png,0
Real faces/real_1005.png,0
Fake faces/fake_8512.png,1
Real faces/real_8059.png,0
Fake faces/fake_6019.png,1
Fake faces/fake_7387.png,1
Real faces/real_5787.png,0
Fake faces/fake_7125.png,1
Real faces/real_9172.png,0
Real faces/real_1029.png,0
Fake faces/fake_7806.png,1
Real faces/real_7791.png,0
Real faces/real_2935.png,0
Real faces/real_9214.png,0
Fake faces/fake_8762.png,1
Fake faces/fake_6312.png,1
Fake faces/fake_7102.png,1
Fake faces/fake_7124.png,1
Fake faces/fake_3763.png,1
Real faces/real_7428.png,0
Fake faces/fake_2494.png,1
Fake faces/fake_1110.png,1
Fake faces/fake_9312.png,1
Real faces/real_2101.png,0
Fake faces/fake_4461.png,1
Real faces/real_101.png,0
Fake faces/fake_8105.png,1
Real faces/real_9681.png,0
Fake faces/fake_8808.png,1
Real faces/real_4574.png,0
Fake faces/fake_1735.png,1
Real faces/real_7513.png,0
Real faces/real_8279.png,0
Fake faces/fake_6373.png,1
Real faces/real_3846.png,0
Real faces/real_1664.png,0
Fake faces/fake_612.png,1
Fake faces/fake_6602.png,1
Real faces/real_1476.png,0
Fake faces/fake_6536.png,1
Real faces/real_7809.png,0
Fake faces/fake_3936.png,1
Real faces/real_635.png,0
Real faces/real_817.png,0
Fake faces/fake_2480.png,1
Fake faces/fake_8453.png,1
Fake faces/fake_803.png,1
Fake faces/fake_4203.png,1
Fake faces/fake_5717.png,1
Fake faces/fake_3876.png,1
Real faces/real_4556.png,0
Real faces/real_707.png,0
Fake faces/fake_8934.png,1
Real faces/real_7019.png,0
Fake faces/fake_1917.png,1
Fake faces/fake_640.png,1
Real faces/real_724.png,0
Real faces/real_3578.png,0
Real faces/real_5701.png,0
Real faces/real_836.png,0
Fake faces/fake_6924.png,1
Real faces/real_7402.png,0
Real faces/real_9400.png,0
Real faces/real_4902.png,0
Real faces/real_4540.png,0
Fake faces/fake_4365.png,1
Fake faces/fake_4531.png,1
Real faces/real_7321.png,0
Real faces/real_8178.png,0
Fake faces/fake_6549.png,1
Real faces/real_7568.png,0
Real faces/real_3233.png,0
Real faces/real_1158.png,0
Fake faces/fake_8135.png,1
Fake faces/fake_6959.png,1
Real faces/real_4013.png,0
Fake faces/fake_7613.png,1
Real faces/real_4148.png,0
Real faces/real_123.png,0
Real faces/real_1247.png,0
Real faces/real_820.png,0
Fake faces/fake_2971.png,1
Fake faces/fake_6169.png,1
Real faces/real_4034.png,0
Fake faces/fake_9162.png,1
Fake faces/fake_5265.png,1
Real faces/real_4411.png,0
Real faces/real_9426.png,0
Fake faces/fake_1152.png,1
Fake faces/fake_8208.png,1
Real faces/real_6788.png,0
Fake faces/fake_9915.png,1
Fake faces/fake_1477.png,1
Real faces/real_3753.png,0
Real faces/real_2909.png,0
Real faces/real_4475.png,0
Real faces/real_9585.png,0
Real faces/real_8439.png,0
Fake faces/fake_3822.png,1
Real faces/real_6648.png,0
Real faces/real_8824.png,0
Fake faces/fake_1532.png,1
Real faces/real_963.png,0
Fake faces/fake_8270.png,1
Real faces/real_1959.png,0
Fake faces/fake_940.png,1
Fake faces/fake_1374.png,1
Real faces/real_8991.png,0
Real faces/real_7553.png,0
Fake faces/fake_4221.png,1
Real faces/real_5436.png,0
Fake faces/fake_363.png,1
Fake faces/fake_9840.png,1
Real faces/real_930.png,0
Real faces/real_5601.png,0
Real faces/real_9466.png,0
Real faces/real_8968.png,0
Fake faces/fake_5076.png,1
Fake faces/fake_4351.png,1
Real faces/real_2152.png,0
Fake faces/fake_6606.png,1
Fake faces/fake_7107.png,1
Real faces/real_927.png,0
Fake faces/fake_430.png,1
Real faces/real_3974.png,0
Fake faces/fake_3627.png,1
Real faces/real_4101.png,0
Real faces/real_2767.png,0
Real faces/real_3948.png,0
Fake faces/fake_1443.png,1
Real faces/real_8351.png,0
Real faces/real_7691.png,0
Fake faces/fake_8721.png,1
Fake faces/fake_5545.png,1
Fake faces/fake_4513.png,1
Fake faces/fake_2895.png,1
Real faces/real_9639.png,0
Fake faces/fake_1933.png,1
Fake faces/fake_4331.png,1
Fake faces/fake_7730.png,1
Real faces/real_3703.png,0
Real faces/real_4596.png,0
Real faces/real_8826.png,0
Fake faces/fake_2295.png,1
Fake faces/fake_5055.png,1
Real faces/real_2885.png,0
Real faces/real_4527.png,0
Real faces/real_3018.png,0
Real faces/real_8835.png,0
Fake faces/fake_3660.png,1
Real faces/real_7821.png,0
Fake faces/fake_6499.png,1
Real faces/real_4609.png,0
Real faces/real_5207.png,0
Real faces/real_6223.png,0
Fake faces/fake_4329.png,1
Fake faces/fake_1481.png,1
Real faces/real_7168.png,0
Fake faces/fake_5213.png,1
Real faces/real_4572.png,0
Fake faces/fake_1291.png,1
Fake faces/fake_8019.png,1
Real faces/real_6583.png,0
Fake faces/fake_7286.png,1
Fake faces/fake_7985.png,1
Fake faces/fake_4065.png,1
Real faces/real_8029.png,0
Fake faces/fake_3549.png,1
Fake faces/fake_4019.png,1
Real faces/real_3616.png,0
Fake faces/fake_2502.png,1
Real faces/real_9438.png,0
Fake faces/fake_8325.png,1
Real faces/real_3921.png,0
Fake faces/fake_6082.png,1
Fake faces/fake_7147.png,1
Real faces/real_7534.png,0
Real faces/real_6735.png,0
Fake faces/fake_7223.png,1
Real faces/real_2678.png,0
Real faces/real_1557.png,0
Fake faces/fake_1808.png,1
Fake faces/fake_8766.png,1
Fake faces/fake_8504.png,1
Real faces/real_8570.png,0
Fake faces/fake_4230.png,1
Fake faces/fake_9127.png,1
Real faces/real_9086.png,0
Fake faces/fake_7908.png,1
Fake faces/fake_2054.png,1
Fake faces/fake_9036.png,1
Fake faces/fake_9132.png,1
Fake faces/fake_5762.png,1
Fake faces/fake_8401.png,1
Real faces/real_3794.png,0
Fake faces/fake_5895.png,1
Fake faces/fake_2775.png,1
Fake faces/fake_743.png,1
Fake faces/fake_6305.png,1
Fake faces/fake_3399.png,1
Fake faces/fake_5102.png,1
Fake faces/fake_3428.png,1
Fake faces/fake_8044.png,1
Fake faces/fake_8446.png,1
Real faces/real_1697.png,0
Fake faces/fake_5329.png,1
Fake faces/fake_4589.png,1
Fake faces/fake_2530.png,1
Real faces/real_6442.png,0
Fake faces/fake_5577.png,1
Fake faces/fake_2632.png,1
Real faces/real_1066.png,0
Fake faces/fake_9663.png,1
Real faces/real_7066.png,0
Fake faces/fake_7925.png,1
Fake faces/fake_3540.png,1
Real faces/real_7395.png,0
Real faces/real_735.png,0
Real faces/real_2439.png,0
Fake faces/fake_3739.png,1
Real faces/real_2498.png,0
Fake faces/fake_4142.png,1
Real faces/real_9887.png,0
Real faces/real_2136.png,0
Real faces/real_1698.png,0
Real faces/real_4043.png,0
Real faces/real_4518.png,0
Real faces/real_2039.png,0
Real faces/real_9463.png,0
Real faces/real_2360.png,0
Fake faces/fake_3195.png,1
Real faces/real_4328.png,0
Real faces/real_7582.png,0
Fake faces/fake_5515.png,1
Real faces/real_4751.png,0
Fake faces/fake_6430.png,1
Real faces/real_6340.png,0
Fake faces/fake_5653.png,1
Fake faces/fake_4404.png,1
Real faces/real_6490.png,0
Real faces/real_4110.png,0
Fake faces/fake_1907.png,1
Real faces/real_4045.png,0
Real faces/real_6913.png,0
Real faces/real_1219.png,0
Real faces/real_4966.png,0
Fake faces/fake_6943.png,1
Fake faces/fake_6788.png,1
Real faces/real_7101.png,0
Fake faces/fake_5548.png,1
Fake faces/fake_7733.png,1
Real faces/real_3532.png,0
Fake faces/fake_3563.png,1
Real faces/real_5671.png,0
Fake faces/fake_6218.png,1
Fake faces/fake_9690.png,1
Fake faces/fake_2230.png,1
Fake faces/fake_6942.png,1
Fake faces/fake_2596.png,1
Fake faces/fake_3948.png,1
Fake faces/fake_3945.png,1
Real faces/real_3125.png,0
Real faces/real_2046.png,0
Real faces/real_7681.png,0
Real faces/real_5597.png,0
Fake faces/fake_7259.png,1
Fake faces/fake_918.png,1
Fake faces/fake_4022.png,1
Real faces/real_9683.png,0
Fake faces/fake_2737.png,1
Real faces/real_6346.png,0
Fake faces/fake_5608.png,1
Fake faces/fake_7887.png,1
Real faces/real_4156.png,0
Real faces/real_4653.png,0
Real faces/real_4170.png,0
Fake faces/fake_5467.png,1
Real faces/real_6328.png,0
Fake faces/fake_2040.png,1
Real faces/real_2968.png,0
Real faces/real_6020.png,0
Real faces/real_5407.png,0
Fake faces/fake_2856.png,1
Fake faces/fake_5310.png,1
Real faces/real_8403.png,0
Real faces/real_7468.png,0
Fake faces/fake_8290.png,1
Fake faces/fake_6822.png,1
Real faces/real_1026.png,0
Real faces/real_7138.png,0
Fake faces/fake_3871.png,1
Fake faces/fake_1044.png,1
Fake faces/fake_5458.png,1
Fake faces/fake_1886.png,1
Fake faces/fake_7073.png,1
Real faces/real_4049.png,0
Fake faces/fake_1950.png,1
Fake faces/fake_9881.png,1
Fake faces/fake_2454.png,1
Fake faces/fake_7669.png,1
Fake faces/fake_3602.png,1
Fake faces/fake_636.png,1
Fake faces/fake_1040.png,1
Fake faces/fake_1214.png,1
Fake faces/fake_9365.png,1
Fake faces/fake_3238.png,1
Fake faces/fake_3450.png,1
Fake faces/fake_8579.png,1
Real faces/real_9431.png,0
Fake faces/fake_1265.png,1
Fake faces/fake_8179.png,1
Real faces/real_631.png,0
Fake faces/fake_2547.png,1
Fake faces/fake_1341.png,1
Real faces/real_1119.png,0
Real faces/real_2290.png,0
Fake faces/fake_4616.png,1
Fake faces/fake_7981.png,1
Real faces/real_5489.png,0
Fake faces/fake_8623.png,1
Real faces/real_2184.png,0
Real faces/real_3314.png,0
Fake faces/fake_5903.png,1
Fake faces/fake_7416.png,1
Fake faces/fake_3246.png,1
Real faces/real_274.png,0
Fake faces/fake_8327.png,1
Fake faces/fake_5732.png,1
Real faces/real_1804.png,0
Real faces/real_6179.png,0
Fake faces/fake_7163.png,1
Fake faces/fake_8319.png,1
Real faces/real_8886.png,0
Real faces/real_6962.png,0
Fake faces/fake_8423.png,1
Fake faces/fake_1636.png,1
Fake faces/fake_9512.png,1
Real faces/real_1776.png,0
Fake faces/fake_5807.png,1
Fake faces/fake_7056.png,1
Real faces/real_2701.png,0
Real faces/real_9366.png,0
Real faces/real_6562.png,0
Fake faces/fake_5049.png,1
Fake faces/fake_108.png,1
Real faces/real_6467.png,0
Real faces/real_285.png,0
Real faces/real_4269.png,0
Real faces/real_4577.png,0
Real faces/real_7661.png,0
Fake faces/fake_8048.png,1
Fake faces/fake_4108.png,1
Real faces/real_6367.png,0
Fake faces/fake_1556.png,1
Real faces/real_549.png,0
Fake faces/fake_4284.png,1
Fake faces/fake_1524.png,1
Fake faces/fake_2776.png,1
Real faces/real_6682.png,0
Fake faces/fake_5920.png,1
Fake faces/fake_1066.png,1
Real faces/real_5915.png,0
Real faces/real_3023.png,0
Fake faces/fake_586.png,1
Real faces/real_5195.png,0
Fake faces/fake_1170.png,1
Fake faces/fake_8237.png,1
Fake faces/fake_7154.png,1
Real faces/real_8647.png,0
Fake faces/fake_9712.png,1
Real faces/real_2067.png,0
Fake faces/fake_6831.png,1
Real faces/real_3169.png,0
Fake faces/fake_1678.png,1
Real faces/real_9464.png,0
Fake faces/fake_2804.png,1
Fake faces/fake_5443.png,1
Fake faces/fake_1027.png,1
Real faces/real_8619.png,0
Fake faces/fake_6514.png,1
Fake faces/fake_9411.png,1
Fake faces/fake_3214.png,1
Real faces/real_8049.png,0
Real faces/real_1358.png,0
Real faces/real_6275.png,0
Real faces/real_9442.png,0
Real faces/real_3394.png,0
Fake faces/fake_2655.png,1
Real faces/real_2255.png,0
Real faces/real_3502.png,0
Real faces/real_5081.png,0
Real faces/real_5584.png,0
Real faces/real_6641.png,0
Real faces/real_6290.png,0
Real faces/real_9360.png,0
Fake faces/fake_7032.png,1
Fake faces/fake_9628.png,1
Fake faces/fake_8402.png,1
Real faces/real_5927.png,0
Real faces/real_7932.png,0
Fake faces/fake_3892.png,1
Real faces/real_8272.png,0
Fake faces/fake_4607.png,1
Fake faces/fake_6818.png,1
Real faces/real_5653.png,0
Fake faces/fake_5781.png,1
Real faces/real_6245.png,0
Fake faces/fake_4593.png,1
Real faces/real_5572.png,0
Real faces/real_4318.png,0
Real faces/real_49.png,0
Real faces/real_9492.png,0
Real faces/real_8171.png,0
Real faces/real_6624.png,0
Real faces/real_6631.png,0
Real faces/real_4160.png,0
Real faces/real_8653.png,0
Real faces/real_7103.png,0
Real faces/real_1303.png,0
Fake faces/fake_1986.png,1
Fake faces/fake_2336.png,1
Fake faces/fake_3183.png,1
Fake faces/fake_2141.png,1
Real faces/real_9254.png,0
Fake faces/fake_313.png,1
Real faces/real_6291.png,0
Fake faces/fake_3051.png,1
Fake faces/fake_4496.png,1
Real faces/real_426.png,0
Fake faces/fake_3824.png,1
Real faces/real_9222.png,0
Real faces/real_7660.png,0
Fake faces/fake_3753.png,1
Fake faces/fake_5316.png,1
Real faces/real_4373.png,0
Fake faces/fake_5250.png,1
Fake faces/fake_4473.png,1
Fake faces/fake_1673.png,1
Real faces/real_8686.png,0
Fake faces/fake_5260.png,1
Fake faces/fake_2983.png,1
Fake faces/fake_9538.png,1
Fake faces/fake_925.png,1
Real faces/real_3958.png,0
Real faces/real_6733.png,0
Fake faces/fake_8429.png,1
Fake faces/fake_4150.png,1
Real faces/real_9660.png,0
Real faces/real_54.png,0
Real faces/real_8251.png,0
Fake faces/fake_1523.png,1
Fake faces/fake_969.png,1
Fake faces/fake_5952.png,1
Real faces/real_401.png,0
Real faces/real_4989.png,0
Fake faces/fake_6473.png,1
Real faces/real_3077.png,0
Real faces/real_5960.png,0
Fake faces/fake_7799.png,1
Fake faces/fake_537.png,1
Real faces/real_3429.png,0
Fake faces/fake_5374.png,1
Real faces/real_4438.png,0
Fake faces/fake_1596.png,1
Fake faces/fake_8082.png,1
Real faces/real_1722.png,0
Real faces/real_9231.png,0
Real faces/real_664.png,0
Fake faces/fake_3495.png,1
Fake faces/fake_5922.png,1
Fake faces/fake_6576.png,1
Real faces/real_7344.png,0
Fake faces/fake_1865.png,1
Real faces/real_5809.png,0
Fake faces/fake_1363.png,1
Fake faces/fake_3788.png,1
Real faces/real_4847.png,0
Real faces/real_5566.png,0
Fake faces/fake_3337.png,1
Fake faces/fake_4208.png,1
Fake faces/fake_7064.png,1
Real faces/real_9676.png,0
Real faces/real_8425.png,0
Fake faces/fake_279.png,1
Real faces/real_7017.png,0
Real faces/real_7676.png,0
Real faces/real_8238.png,0
Fake faces/fake_9018.png,1
Fake faces/fake_1275.png,1
Real faces/real_608.png,0
Real faces/real_4702.png,0
Fake faces/fake_3950.png,1
Real faces/real_19.png,0
Fake faces/fake_3108.png,1
Real faces/real_8715.png,0
Real faces/real_7745.png,0
Fake faces/fake_1162.png,1
Fake faces/fake_9809.png,1
Fake faces/fake_188.png,1
Real faces/real_3047.png,0
Fake faces/fake_2065.png,1
Real faces/real_2487.png,0
Real faces/real_7808.png,0
Fake faces/fake_5611.png,1
Fake faces/fake_5439.png,1
Fake faces/fake_5799.png,1
Fake faces/fake_8379.png,1
Fake faces/fake_5511.png,1
Real faces/real_5143.png,0
Fake faces/fake_4163.png,1
Real faces/real_4140.png,0
Real faces/real_3979.png,0
Fake faces/fake_7385.png,1
Real faces/real_8586.png,0
Fake faces/fake_8213.png,1
Fake faces/fake_6806.png,1
Fake faces/fake_6205.png,1
Fake faces/fake_7797.png,1
Real faces/real_6541.png,0
Real faces/real_2958.png,0
Fake faces/fake_5626.png,1
Real faces/real_7897.png,0
Fake faces/fake_5253.png,1
Real faces/real_6876.png,0
Fake faces/fake_2966.png,1
Fake faces/fake_616.png,1
Fake faces/fake_6133.png,1
Fake faces/fake_5356.png,1
Fake faces/fake_2318.png,1
Fake faces/fake_7417.png,1
Fake faces/fake_3488.png,1
Fake faces/fake_8764.png,1
Fake faces/fake_7753.png,1
Real faces/real_1983.png,0
Real faces/real_8409.png,0
Fake faces/fake_1445.png,1
Real faces/real_4115.png,0
Real faces/real_4488.png,0
Fake faces/fake_4541.png,1
Real faces/real_6023.png,0
Real faces/real_7793.png,0
Real faces/real_657.png,0
Fake faces/fake_6515.png,1
Real faces/real_751.png,0
Real faces/real_2081.png,0
Fake faces/fake_7217.png,1
Real faces/real_6061.png,0
Real faces/real_3341.png,0
Fake faces/fake_6037.png,1
Real faces/real_843.png,0
Fake faces/fake_7758.png,1
Fake faces/fake_4287.png,1
Fake faces/fake_6562.png,1
Fake faces/fake_9678.png,1
Fake faces/fake_4130.png,1
Fake faces/fake_9838.png,1
Fake faces/fake_158.png,1
Real faces/real_3511.png,0
Fake faces/fake_2255.png,1
Fake faces/fake_8771.png,1
Real faces/real_553.png,0
Fake faces/fake_215.png,1
Real faces/real_5883.png,0
Fake faces/fake_7119.png,1
Fake faces/fake_4839.png,1
Fake faces/fake_8098.png,1
Real faces/real_576.png,0
Real faces/real_6874.png,0
Real faces/real_4461.png,0
Fake faces/fake_5785.png,1
Real faces/real_47.png,0
Real faces/real_6267.png,0
Real faces/real_7578.png,0
Real faces/real_8552.png,0
Fake faces/fake_4298.png,1
Real faces/real_4852.png,0
Fake faces/fake_2389.png,1
Real faces/real_1215.png,0
Fake faces/fake_1319.png,1
Real faces/real_1944.png,0
Fake faces/fake_3432.png,1
Real faces/real_1450.png,0
Fake faces/fake_3747.png,1
Real faces/real_5226.png,0
Fake faces/fake_4174.png,1
Real faces/real_5046.png,0
Real faces/real_2403.png,0
Fake faces/fake_9664.png,1
Fake faces/fake_6858.png,1
Fake faces/fake_9436.png,1
Fake faces/fake_1244.png,1
Fake faces/fake_5321.png,1
Fake faces/fake_4778.png,1
Real faces/real_3704.png,0
Real faces/real_2168.png,0
Real faces/real_8786.png,0
Real faces/real_9826.png,0
Fake faces/fake_245.png,1
Real faces/real_6173.png,0
Fake faces/fake_5086.png,1
Fake faces/fake_9609.png,1
Fake faces/fake_4412.png,1
Fake faces/fake_7701.png,1
Fake faces/fake_4157.png,1
Real faces/real_1213.png,0
Fake faces/fake_3925.png,1
Real faces/real_6670.png,0
Fake faces/fake_6022.png,1
Fake faces/fake_2970.png,1
Real faces/real_4874.png,0
Real faces/real_5459.png,0
Fake faces/fake_3062.png,1
Real faces/real_3207.png,0
Real faces/real_4930.png,0
Real faces/real_3353.png,0
Real faces/real_744.png,0
Fake faces/fake_9327.png,1
Real faces/real_5371.png,0
Real faces/real_9626.png,0
Fake faces/fake_1184.png,1
Fake faces/fake_1136.png,1
Fake faces/fake_2182.png,1
Real faces/real_4445.png,0
Real faces/real_4401.png,0
Fake faces/fake_1733.png,1
Real faces/real_3623.png,0
Fake faces/fake_3635.png,1
Real faces/real_729.png,0
Real faces/real_4547.png,0
Real faces/real_1640.png,0
Fake faces/fake_5921.png,1
Fake faces/fake_5099.png,1
Fake faces/fake_7645.png,1
Real faces/real_542.png,0
Fake faces/fake_1280.png,1
Fake faces/fake_7116.png,1
Real faces/real_9003.png,0
Real faces/real_146.png,0
Real faces/real_3482.png,0
Fake faces/fake_846.png,1
Real faces/real_241.png,0
Real faces/real_7502.png,0
Real faces/real_9808.png,0
Fake faces/fake_1653.png,1
Fake faces/fake_8188.png,1
Fake faces/fake_9299.png,1
Real faces/real_1952.png,0
Real faces/real_5227.png,0
Fake faces/fake_7060.png,1
Real faces/real_1594.png,0
Fake faces/fake_2352.png,1
Real faces/real_3919.png,0
Real faces/real_5460.png,0
Real faces/real_9430.png,0
Fake faces/fake_540.png,1
Fake faces/fake_5438.png,1
Real faces/real_8822.png,0
Fake faces/fake_6688.png,1
Fake faces/fake_4843.png,1
Real faces/real_2078.png,0
Fake faces/fake_3121.png,1
Real faces/real_9477.png,0
Fake faces/fake_5284.png,1
Real faces/real_7780.png,0
Fake faces/fake_3491.png,1
Real faces/real_0.png,0
Real faces/real_6409.png,0
Real faces/real_8760.png,0
Fake faces/fake_9193.png,1
Fake faces/fake_7354.png,1
Real faces/real_2144.png,0
Fake faces/fake_1278.png,1
Real faces/real_7949.png,0
Fake faces/fake_4756.png,1
Fake faces/fake_6954.png,1
Real faces/real_2066.png,0
Fake faces/fake_6030.png,1
Real faces/real_6891.png,0
Real faces/real_3503.png,0
Real faces/real_2271.png,0
Real faces/real_7327.png,0
Real faces/real_5468.png,0
Real faces/real_3268.png,0
Fake faces/fake_3057.png,1
Real faces/real_6137.png,0
Fake faces/fake_7053.png,1
Real faces/real_5304.png,0
Fake faces/fake_5418.png,1
Fake faces/fake_683.png,1
Fake faces/fake_4315.png,1
Real faces/real_8700.png,0
Real faces/real_7221.png,0
Real faces/real_6661.png,0
Fake faces/fake_7239.png,1
Real faces/real_4822.png,0
Fake faces/fake_1349.png,1
Real faces/real_6664.png,0
Real faces/real_3421.png,0
Real faces/real_9071.png,0
Fake faces/fake_625.png,1
Fake faces/fake_280.png,1
Fake faces/fake_324.png,1
Real faces/real_4252.png,0
Fake faces/fake_3427.png,1
Fake faces/fake_2603.png,1
Real faces/real_9338.png,0
Fake faces/fake_7759.png,1
Fake faces/fake_2485.png,1
Fake faces/fake_3265.png,1
Real faces/real_3993.png,0
Real faces/real_6612.png,0
Fake faces/fake_7649.png,1
Real faces/real_8161.png,0
Real faces/real_3656.png,0
Real faces/real_6235.png,0
Fake faces/fake_8648.png,1
Real faces/real_6068.png,0
Real faces/real_7301.png,0
Real faces/real_7276.png,0
Real faces/real_4720.png,0
Real faces/real_1175.png,0
Fake faces/fake_9519.png,1
Fake faces/fake_5578.png,1
Fake faces/fake_7606.png,1
Fake faces/fake_5572.png,1
Real faces/real_4885.png,0
Real faces/real_4871.png,0
Fake faces/fake_6973.png,1
Fake faces/fake_757.png,1
Fake faces/fake_9557.png,1
Real faces/real_8507.png,0
Fake faces/fake_3655.png,1
Fake faces/fake_5074.png,1
Real faces/real_7286.png,0
Fake faces/fake_3842.png,1
Real faces/real_8374.png,0
Real faces/real_8846.png,0
Real faces/real_4767.png,0
Fake faces/fake_6974.png,1
Real faces/real_4605.png,0
Real faces/real_8843.png,0
Real faces/real_5379.png,0
Real faces/real_1166.png,0
Real faces/real_6586.png,0
Real faces/real_7569.png,0
Real faces/real_3857.png,0
Real faces/real_9502.png,0
Real faces/real_8158.png,0
Real faces/real_6812.png,0
Real faces/real_5852.png,0
Real faces/real_1783.png,0
Real faces/real_1413.png,0
Real faces/real_1130.png,0
Real faces/real_3277.png,0
Real faces/real_8631.png,0
Fake faces/fake_6619.png,1
Fake faces/fake_6690.png,1
Real faces/real_7998.png,0
Fake faces/fake_1113.png,1
Fake faces/fake_9510.png,1
Real faces/real_1621.png,0
Real faces/real_5128.png,0
Real faces/real_9422.png,0
Real faces/real_6934.png,0
Fake faces/fake_6933.png,1
Fake faces/fake_1064.png,1
Real faces/real_7873.png,0
Fake faces/fake_9560.png,1
Real faces/real_5035.png,0
Fake faces/fake_3197.png,1
Real faces/real_8380.png,0
Fake faces/fake_413.png,1
Fake faces/fake_6611.png,1
Real faces/real_3910.png,0
Fake faces/fake_8901.png,1
Fake faces/fake_7539.png,1
Real faces/real_9331.png,0
Fake faces/fake_3096.png,1
Real faces/real_9243.png,0
Fake faces/fake_5739.png,1
Real faces/real_5732.png,0
Real faces/real_5026.png,0
Fake faces/fake_9154.png,1
Fake faces/fake_3382.png,1
Real faces/real_4400.png,0
Fake faces/fake_2445.png,1
Fake faces/fake_5679.png,1
Fake faces/fake_4376.png,1
Fake faces/fake_4894.png,1
Real faces/real_9452.png,0
Real faces/real_7685.png,0
Fake faces/fake_7482.png,1
Real faces/real_7115.png,0
Real faces/real_9138.png,0
Fake faces/fake_6153.png,1
Real faces/real_9780.png,0
Fake faces/fake_4893.png,1
Fake faces/fake_275.png,1
Real faces/real_8785.png,0
Real faces/real_8079.png,0
Real faces/real_9394.png,0
Fake faces/fake_5255.png,1
Fake faces/fake_628.png,1
Fake faces/fake_2925.png,1
Fake faces/fake_6298.png,1
Real faces/real_5605.png,0
Fake faces/fake_9869.png,1
Real faces/real_7356.png,0
Fake faces/fake_1004.png,1
Real faces/real_7220.png,0
Real faces/real_483.png,0
Fake faces/fake_134.png,1
Real faces/real_1315.png,0
Real faces/real_3015.png,0
Fake faces/fake_6439.png,1
Fake faces/fake_1575.png,1
Real faces/real_9097.png,0
Fake faces/fake_7769.png,1
Real faces/real_9899.png,0
Real faces/real_4226.png,0
Fake faces/fake_1403.png,1
Fake faces/fake_1675.png,1
Fake faces/fake_3005.png,1
Real faces/real_2485.png,0
Fake faces/fake_1432.png,1
Real faces/real_8665.png,0
Fake faces/fake_588.png,1
Fake faces/fake_9215.png,1
Real faces/real_907.png,0
Real faces/real_1576.png,0
Fake faces/fake_5175.png,1
Fake faces/fake_5883.png,1
Fake faces/fake_9360.png,1
Real faces/real_1339.png,0
Fake faces/fake_8720.png,1
Fake faces/fake_4857.png,1
Real faces/real_8685.png,0
Real faces/real_5384.png,0
Fake faces/fake_1832.png,1
Real faces/real_6132.png,0
Fake faces/fake_8160.png,1
Real faces/real_1989.png,0
Fake faces/fake_5725.png,1
Real faces/real_7061.png,0
Fake faces/fake_3776.png,1
Fake faces/fake_4792.png,1
Fake faces/fake_3092.png,1
Real faces/real_6872.png,0
Fake faces/fake_4255.png,1
Real faces/real_4985.png,0
Fake faces/fake_5816.png,1
Real faces/real_121.png,0
Real faces/real_2609.png,0
Fake faces/fake_4867.png,1
Fake faces/fake_511.png,1
Fake faces/fake_4758.png,1
Real faces/real_6218.png,0
Real faces/real_7172.png,0
Fake faces/fake_6457.png,1
Real faces/real_953.png,0
Fake faces/fake_3366.png,1
Fake faces/fake_3691.png,1
Real faces/real_4193.png,0
Real faces/real_6698.png,0
Fake faces/fake_4494.png,1
Real faces/real_8157.png,0
Real faces/real_4821.png,0
Fake faces/fake_9325.png,1
Fake faces/fake_8765.png,1
Real faces/real_2540.png,0
Real faces/real_5306.png,0
Real faces/real_1270.png,0
Real faces/real_5245.png,0
Fake faces/fake_3290.png,1
Real faces/real_1691.png,0
Fake faces/fake_668.png,1
Fake faces/fake_1050.png,1
Fake faces/fake_3160.png,1
Real faces/real_2727.png,0
Real faces/real_9601.png,0
Fake faces/fake_1616.png,1
Fake faces/fake_5431.png,1
Fake faces/fake_6765.png,1
Fake faces/fake_5068.png,1
Real faces/real_2974.png,0
Real faces/real_7369.png,0
Real faces/real_7974.png,0
Fake faces/fake_2184.png,1
Real faces/real_2045.png,0
Real faces/real_4977.png,0
Real faces/real_7121.png,0
Fake faces/fake_6631.png,1
Fake faces/fake_4546.png,1
Real faces/real_2736.png,0
Fake faces/fake_2584.png,1
Real faces/real_1208.png,0
Fake faces/fake_2060.png,1
Real faces/real_8327.png,0
Real faces/real_6848.png,0
Fake faces/fake_5636.png,1
Fake faces/fake_9418.png,1
Fake faces/fake_9599.png,1
Fake faces/fake_4505.png,1
Fake faces/fake_6068.png,1
Real faces/real_1090.png,0
Real faces/real_3120.png,0
Fake faces/fake_7766.png,1
Fake faces/fake_9480.png,1
Fake faces/fake_8544.png,1
Real faces/real_1533.png,0
Real faces/real_8063.png,0
Real faces/real_1411.png,0
Real faces/real_9990.png,0
Real faces/real_7921.png,0
Real faces/real_3200.png,0
Fake faces/fake_8050.png,1
Real faces/real_2614.png,0
Fake faces/fake_6719.png,1
Fake faces/fake_3933.png,1
Real faces/real_2546.png,0
Fake faces/fake_7594.png,1
Real faces/real_9737.png,0
Fake faces/fake_3398.png,1
Fake faces/fake_8545.png,1
Real faces/real_2664.png,0
Fake faces/fake_5301.png,1
Fake faces/fake_6206.png,1
Fake faces/fake_9268.png,1
Real faces/real_1457.png,0
Real faces/real_3588.png,0
Real faces/real_7702.png,0
Fake faces/fake_3354.png,1
Real faces/real_5548.png,0
Fake faces/fake_721.png,1
Real faces/real_6052.png,0
Fake faces/fake_9696.png,1
Fake faces/fake_6617.png,1
Fake faces/fake_7042.png,1
Fake faces/fake_2284.png,1
Fake faces/fake_9532.png,1
Fake faces/fake_1778.png,1
Real faces/real_2950.png,0
Real faces/real_7859.png,0
Real faces/real_1393.png,0
Fake faces/fake_6144.png,1
Fake faces/fake_3931.png,1
Fake faces/fake_7104.png,1
Real faces/real_6847.png,0
Real faces/real_7077.png,0
Real faces/real_3014.png,0
Fake faces/fake_2382.png,1
Fake faces/fake_3632.png,1
Fake faces/fake_7277.png,1
Fake faces/fake_1633.png,1
Fake faces/fake_3181.png,1
Real faces/real_5642.png,0
Fake faces/fake_6059.png,1
Real faces/real_5112.png,0
Fake faces/fake_6119.png,1
Real faces/real_1767.png,0
Real faces/real_7900.png,0
Fake faces/fake_2267.png,1
Fake faces/fake_876.png,1
Fake faces/fake_9624.png,1
Fake faces/fake_9448.png,1
Fake faces/fake_4491.png,1
Fake faces/fake_4904.png,1
Fake faces/fake_9579.png,1
Fake faces/fake_2761.png,1
Fake faces/fake_3368.png,1
Fake faces/fake_436.png,1
Real faces/real_9707.png,0
Real faces/real_5466.png,0
Fake faces/fake_2921.png,1
Fake faces/fake_3180.png,1
Fake faces/fake_518.png,1
Fake faces/fake_2756.png,1
Fake faces/fake_4303.png,1
Fake faces/fake_2862.png,1
Fake faces/fake_6108.png,1
Real faces/real_4688.png,0
Real faces/real_3984.png,0
Fake faces/fake_394.png,1
Real faces/real_1002.png,0
Real faces/real_1061.png,0
Real faces/real_8621.png,0
Fake faces/fake_5121.png,1
Fake faces/fake_1034.png,1
Fake faces/fake_6797.png,1
Real faces/real_7139.png,0
Real faces/real_5170.png,0
Real faces/real_9693.png,0
Fake faces/fake_6796.png,1
Fake faces/fake_8644.png,1
Real faces/real_4671.png,0
Fake faces/fake_9786.png,1
Real faces/real_4293.png,0
Real faces/real_4165.png,0
Fake faces/fake_4622.png,1
Fake faces/fake_8830.png,1
Fake faces/fake_9743.png,1
Real faces/real_8929.png,0
Fake faces/fake_9429.png,1
Real faces/real_2146.png,0
Real faces/real_5734.png,0
Fake faces/fake_897.png,1
Real faces/real_2662.png,0
Fake faces/fake_5605.png,1
Fake faces/fake_278.png,1
Fake faces/fake_32.png,1
Fake faces/fake_407.png,1
Real faces/real_8360.png,0
Real faces/real_586.png,0
Fake faces/fake_9105.png,1
Fake faces/fake_2001.png,1
Real faces/real_3194.png,0
Fake faces/fake_2226.png,1
Real faces/real_2953.png,0
Real faces/real_2266.png,0
Real faces/real_9444.png,0
Real faces/real_6178.png,0
Fake faces/fake_8304.png,1
Fake faces/fake_8632.png,1
Real faces/real_5532.png,0
Fake faces/fake_8343.png,1
Real faces/real_4509.png,0
Real faces/real_9055.png,0
Fake faces/fake_552.png,1
Real faces/real_4046.png,0
Fake faces/fake_6141.png,1
Real faces/real_1280.png,0
Real faces/real_5217.png,0
Fake faces/fake_5759.png,1
Real faces/real_4921.png,0
Real faces/real_9875.png,0
Real faces/real_8603.png,0
Fake faces/fake_9818.png,1
Fake faces/fake_5214.png,1
Fake faces/fake_6546.png,1
Real faces/real_2638.png,0
Real faces/real_3545.png,0
Real faces/real_9666.png,0
Fake faces/fake_4357.png,1
Fake faces/fake_4256.png,1
Real faces/real_5168.png,0
Real faces/real_9498.png,0
Fake faces/fake_5100.png,1
Real faces/real_6332.png,0
Fake faces/fake_8000.png,1
Fake faces/fake_3612.png,1
Fake faces/fake_1135.png,1
Real faces/real_8875.png,0
Real faces/real_2442.png,0
Real faces/real_6074.png,0
Fake faces/fake_6238.png,1
Real faces/real_8103.png,0
Fake faces/fake_5989.png,1
Real faces/real_1570.png,0
Real faces/real_1398.png,0
Real faces/real_2281.png,0
Real faces/real_8651.png,0
Real faces/real_9246.png,0
Fake faces/fake_2306.png,1
Real faces/real_2021.png,0
Fake faces/fake_1707.png,1
Fake faces/fake_2132.png,1
Real faces/real_3894.png,0
Fake faces/fake_1741.png,1
Fake faces/fake_3072.png,1
Fake faces/fake_633.png,1
Real faces/real_4881.png,0
Real faces/real_9975.png,0
Real faces/real_2002.png,0
Fake faces/fake_1668.png,1
Real faces/real_2556.png,0
Real faces/real_8814.png,0
Real faces/real_2305.png,0
Fake faces/fake_8266.png,1
Fake faces/fake_6761.png,1
Fake faces/fake_7549.png,1
Fake faces/fake_1251.png,1
Real faces/real_902.png,0
Fake faces/fake_3085.png,1
Real faces/real_7132.png,0
Real faces/real_181.png,0
Real faces/real_1063.png,0
Real faces/real_7729.png,0
Fake faces/fake_5474.png,1
Fake faces/fake_8287.png,1
Real faces/real_4772.png,0
Real faces/real_1853.png,0
Fake faces/fake_6166.png,1
Real faces/real_9630.png,0
Real faces/real_9687.png,0
Fake faces/fake_3659.png,1
Real faces/real_8908.png,0
Real faces/real_5554.png,0
Fake faces/fake_6642.png,1
Real faces/real_8287.png,0
Fake faces/fake_4028.png,1
Fake faces/fake_2567.png,1
Fake faces/fake_401.png,1
Fake faces/fake_1182.png,1
Real faces/real_1926.png,0
Real faces/real_7677.png,0
Fake faces/fake_3671.png,1
Fake faces/fake_3582.png,1
Fake faces/fake_8752.png,1
Real faces/real_9185.png,0
Real faces/real_50.png,0
Fake faces/fake_2127.png,1
Fake faces/fake_5013.png,1
Real faces/real_2497.png,0
Fake faces/fake_7404.png,1
Fake faces/fake_4854.png,1
Real faces/real_9684.png,0
Real faces/real_6956.png,0
Fake faces/fake_8930.png,1
Real faces/real_2458.png,0
Fake faces/fake_4755.png,1
Fake faces/fake_935.png,1
Real faces/real_8442.png,0
Fake faces/fake_9413.png,1
Real faces/real_5376.png,0
Fake faces/fake_695.png,1
Real faces/real_6757.png,0
Real faces/real_6215.png,0
Real faces/real_3931.png,0
Fake faces/fake_6953.png,1
Fake faces/fake_8972.png,1
Fake faces/fake_6112.png,1
Real faces/real_9469.png,0
Real faces/real_7401.png,0
Real faces/real_8317.png,0
Fake faces/fake_7029.png,1
Real faces/real_1097.png,0
Real faces/real_8359.png,0
Real faces/real_9696.png,0
Fake faces/fake_8869.png,1
Real faces/real_3934.png,0
Real faces/real_4068.png,0
Fake faces/fake_8558.png,1
Real faces/real_7275.png,0
Real faces/real_205.png,0
Real faces/real_9625.png,0
Fake faces/fake_9671.png,1
Real faces/real_5446.png,0
Real faces/real_2086.png,0
Real faces/real_3668.png,0
Fake faces/fake_4201.png,1
Fake faces/fake_8491.png,1
Fake faces/fake_1247.png,1
Fake faces/fake_299.png,1
Real faces/real_6527.png,0
Fake faces/fake_1734.png,1
Fake faces/fake_779.png,1
Fake faces/fake_3970.png,1
Real faces/real_4918.png,0
Real faces/real_8242.png,0
Fake faces/fake_9614.png,1
Real faces/real_431.png,0
Real faces/real_2533.png,0
Real faces/real_2202.png,0
Real faces/real_1572.png,0
Real faces/real_8573.png,0
Fake faces/fake_9423.png,1
Fake faces/fake_3447.png,1
Real faces/real_5268.png,0
Real faces/real_1277.png,0
Real faces/real_6677.png,0
Fake faces/fake_3620.png,1
Real faces/real_9526.png,0
Fake faces/fake_6630.png,1
Fake faces/fake_1489.png,1
Fake faces/fake_9430.png,1
Fake faces/fake_1792.png,1
Fake faces/fake_5293.png,1
Fake faces/fake_6316.png,1
Fake faces/fake_199.png,1
Fake faces/fake_1462.png,1
Real faces/real_7638.png,0
Real faces/real_4730.png,0
Fake faces/fake_650.png,1
Real faces/real_1372.png,0
Real faces/real_884.png,0
Fake faces/fake_8150.png,1
Real faces/real_1039.png,0
Fake faces/fake_5271.png,1
Real faces/real_1470.png,0
Real faces/real_4504.png,0
Real faces/real_293.png,0
Real faces/real_2445.png,0
Fake faces/fake_7558.png,1
Fake faces/fake_7503.png,1
Fake faces/fake_7522.png,1
Fake faces/fake_9791.png,1
Real faces/real_9740.png,0
Fake faces/fake_3893.png,1
Fake faces/fake_7198.png,1
Fake faces/fake_3978.png,1
Real faces/real_2095.png,0
Fake faces/fake_1257.png,1
Real faces/real_6143.png,0
Real faces/real_7026.png,0
Real faces/real_3477.png,0
Real faces/real_5921.png,0
Real faces/real_1194.png,0
Real faces/real_2636.png,0
Real faces/real_1010.png,0
Fake faces/fake_9653.png,1
Real faces/real_3652.png,0
Fake faces/fake_970.png,1
Fake faces/fake_6781.png,1
Real faces/real_3433.png,0
Real faces/real_6544.png,0
Fake faces/fake_8311.png,1
Real faces/real_7930.png,0
Real faces/real_8773.png,0
Fake faces/fake_3811.png,1
Real faces/real_5385.png,0
Real faces/real_6712.png,0
Fake faces/fake_9926.png,1
Real faces/real_900.png,0
Fake faces/fake_6413.png,1
Real faces/real_934.png,0
Real faces/real_6366.png,0
Fake faces/fake_6775.png,1
Fake faces/fake_1580.png,1
Fake faces/fake_8759.png,1
Fake faces/fake_9373.png,1
Real faces/real_5576.png,0
Fake faces/fake_1336.png,1
Real faces/real_3302.png,0
Real faces/real_1343.png,0
Fake faces/fake_3897.png,1
Real faces/real_359.png,0
Real faces/real_7918.png,0
Fake faces/fake_9908.png,1
Fake faces/fake_1394.png,1
Fake faces/fake_3968.png,1
Real faces/real_959.png,0
Fake faces/fake_9277.png,1
Real faces/real_1148.png,0
Real faces/real_2954.png,0
Real faces/real_5186.png,0
Real faces/real_2051.png,0
Fake faces/fake_272.png,1
Real faces/real_2054.png,0
Fake faces/fake_8216.png,1
Real faces/real_2501.png,0
Fake faces/fake_7457.png,1
Real faces/real_9072.png,0
Real faces/real_9934.png,0
Fake faces/fake_6453.png,1
Fake faces/fake_9220.png,1
Real faces/real_2323.png,0
Real faces/real_222.png,0
Fake faces/fake_1308.png,1
Fake faces/fake_1194.png,1
Real faces/real_5859.png,0
Real faces/real_4338.png,0
Real faces/real_8489.png,0
Real faces/real_3156.png,0
Real faces/real_668.png,0
Fake faces/fake_4944.png,1
Fake faces/fake_9644.png,1
Fake faces/fake_6597.png,1
Fake faces/fake_9679.png,1
Fake faces/fake_5931.png,1
Fake faces/fake_329.png,1
Fake faces/fake_7066.png,1
Fake faces/fake_241.png,1
Fake faces/fake_5493.png,1
Real faces/real_3608.png,0
Fake faces/fake_11.png,1
Real faces/real_7811.png,0
Fake faces/fake_2511.png,1
Fake faces/fake_7461.png,1
Fake faces/fake_9201.png,1
Real faces/real_3843.png,0
Fake faces/fake_5647.png,1
Real faces/real_8147.png,0
Real faces/real_4691.png,0
Real faces/real_5297.png,0
Fake faces/fake_2387.png,1
Fake faces/fake_4864.png,1
Fake faces/fake_4749.png,1
Real faces/real_7176.png,0
Fake faces/fake_4043.png,1
Real faces/real_5763.png,0
Real faces/real_9144.png,0
Fake faces/fake_6460.png,1
Fake faces/fake_6747.png,1
Real faces/real_1056.png,0
Real faces/real_9722.png,0
Fake faces/fake_7166.png,1
Real faces/real_6515.png,0
Real faces/real_2394.png,0
Real faces/real_459.png,0
Fake faces/fake_2820.png,1
Fake faces/fake_9445.png,1
Fake faces/fake_5185.png,1
Real faces/real_9375.png,0
Fake faces/fake_1747.png,1
Fake faces/fake_7663.png,1
Fake faces/fake_7877.png,1
Fake faces/fake_3058.png,1
Real faces/real_5160.png,0
Real faces/real_9357.png,0
Real faces/real_4528.png,0
Real faces/real_2157.png,0
Fake faces/fake_7545.png,1
Fake faces/fake_9286.png,1
Real faces/real_9253.png,0
Real faces/real_6164.png,0
Real faces/real_3537.png,0
Fake faces/fake_7138.png,1
Real faces/real_4339.png,0
Fake faces/fake_3162.png,1
Real faces/real_5888.png,0
Fake faces/fake_6437.png,1
Fake faces/fake_6724.png,1
Real faces/real_2746.png,0
Real faces/real_6153.png,0
Fake faces/fake_4367.png,1
Real faces/real_102.png,0
Real faces/real_5685.png,0
Real faces/real_1661.png,0
Fake faces/fake_5650.png,1
Real faces/real_2684.png,0
Real faces/real_9412.png,0
Real faces/real_7341.png,0
Fake faces/fake_5525.png,1
Fake faces/fake_722.png,1
Fake faces/fake_8716.png,1
Fake faces/fake_4154.png,1
Real faces/real_1694.png,0
Real faces/real_9199.png,0
Real faces/real_1065.png,0
Real faces/real_7305.png,0
Fake faces/fake_7809.png,1
Fake faces/fake_8731.png,1
Fake faces/fake_3607.png,1
Fake faces/fake_1519.png,1
Fake faces/fake_4350.png,1
Real faces/real_5250.png,0
Real faces/real_3479.png,0
Real faces/real_5749.png,0
Fake faces/fake_2740.png,1
Real faces/real_720.png,0
Real faces/real_3965.png,0
Real faces/real_34.png,0
Fake faces/fake_8562.png,1
Fake faces/fake_6175.png,1
Real faces/real_2358.png,0
Fake faces/fake_8711.png,1
Fake faces/fake_4159.png,1
Real faces/real_8980.png,0
Real faces/real_2893.png,0
Real faces/real_2608.png,0
Real faces/real_6292.png,0
Real faces/real_937.png,0
Real faces/real_396.png,0
Fake faces/fake_5540.png,1
Fake faces/fake_2233.png,1
Fake faces/fake_2416.png,1
Fake faces/fake_4136.png,1
Fake faces/fake_7531.png,1
Real faces/real_2134.png,0
Fake faces/fake_8651.png,1
Fake faces/fake_4292.png,1
Fake faces/fake_4364.png,1
Real faces/real_7113.png,0
Fake faces/fake_4396.png,1
Fake faces/fake_9780.png,1
Fake faces/fake_1839.png,1
Real faces/real_3119.png,0
Fake faces/fake_6720.png,1
Real faces/real_5282.png,0
Real faces/real_1210.png,0
Real faces/real_4104.png,0
Fake faces/fake_2265.png,1
Fake faces/fake_948.png,1
Real faces/real_1085.png,0
Real faces/real_7888.png,0
Real faces/real_8950.png,0
Real faces/real_7591.png,0
Real faces/real_6383.png,0
Fake faces/fake_697.png,1
Fake faces/fake_9279.png,1
Fake faces/fake_7059.png,1
Fake faces/fake_9384.png,1
Fake faces/fake_9829.png,1
Fake faces/fake_2595.png,1
Fake faces/fake_9319.png,1
Real faces/real_9209.png,0
Real faces/real_3379.png,0
Real faces/real_2635.png,0
Fake faces/fake_9479.png,1
Real faces/real_1458.png,0
Real faces/real_7922.png,0
Real faces/real_1318.png,0
Real faces/real_1769.png,0
Fake faces/fake_6023.png,1
Fake faces/fake_9569.png,1
Fake faces/fake_8698.png,1
Real faces/real_9004.png,0
Real faces/real_8474.png,0
Real faces/real_2583.png,0
Fake faces/fake_8827.png,1
Real faces/real_3609.png,0
Real faces/real_3334.png,0
Fake faces/fake_3256.png,1
Real faces/real_3562.png,0
Fake faces/fake_3316.png,1
Real faces/real_1475.png,0
Real faces/real_130.png,0
Real faces/real_9161.png,0
Fake faces/fake_7711.png,1
Real faces/real_5760.png,0
Fake faces/fake_4625.png,1
Fake faces/fake_7110.png,1
Fake faces/fake_4574.png,1
Fake faces/fake_6164.png,1
Real faces/real_2751.png,0
Real faces/real_5106.png,0
Real faces/real_9237.png,0
Real faces/real_6779.png,0
Real faces/real_7178.png,0
Real faces/real_1825.png,0
Fake faces/fake_4972.png,1
Real faces/real_9315.png,0
Real faces/real_4010.png,0
Real faces/real_339.png,0
Fake faces/fake_6754.png,1
Real faces/real_4417.png,0
Fake faces/fake_8320.png,1
Fake faces/fake_4720.png,1
Fake faces/fake_5244.png,1
Fake faces/fake_5720.png,1
Real faces/real_8138.png,0
Real faces/real_4128.png,0
Real faces/real_6741.png,0
Fake faces/fake_2668.png,1
Fake faces/fake_4462.png,1
Real faces/real_2216.png,0
Real faces/real_9000.png,0
Real faces/real_2995.png,0
Fake faces/fake_4120.png,1
Fake faces/fake_7429.png,1
Fake faces/fake_61.png,1
Fake faces/fake_8114.png,1
Real faces/real_6503.png,0
Fake faces/fake_202.png,1
Fake faces/fake_7334.png,1
Real faces/real_9451.png,0
Real faces/real_5083.png,0
Fake faces/fake_7314.png,1
Real faces/real_8478.png,0
Fake faces/fake_4956.png,1
Fake faces/fake_3231.png,1
Real faces/real_9624.png,0
Real faces/real_655.png,0
Fake faces/fake_1963.png,1
Fake faces/fake_4418.png,1
Real faces/real_2589.png,0
Fake faces/fake_4402.png,1
Real faces/real_5980.png,0
Real faces/real_7826.png,0
Real faces/real_3350.png,0
Fake faces/fake_8733.png,1
Real faces/real_8416.png,0
Real faces/real_6087.png,0
Real faces/real_3223.png,0
Fake faces/fake_7883.png,1
Fake faces/fake_7335.png,1
Real faces/real_8365.png,0
Fake faces/fake_8078.png,1
Real faces/real_3615.png,0
Fake faces/fake_2785.png,1
Real faces/real_449.png,0
Fake faces/fake_5861.png,1
Fake faces/fake_9044.png,1
Fake faces/fake_8418.png,1
Fake faces/fake_4618.png,1
Real faces/real_6407.png,0
Real faces/real_8696.png,0
Fake faces/fake_474.png,1
Fake faces/fake_8076.png,1
Real faces/real_5815.png,0
Real faces/real_535.png,0
Real faces/real_9234.png,0
Fake faces/fake_5620.png,1
Real faces/real_5426.png,0
Fake faces/fake_8020.png,1
Real faces/real_2425.png,0
Real faces/real_1836.png,0
Fake faces/fake_9354.png,1
Real faces/real_4742.png,0
Fake faces/fake_9463.png,1
Real faces/real_7463.png,0
Fake faces/fake_2298.png,1
Real faces/real_3463.png,0
Fake faces/fake_5634.png,1
Real faces/real_2680.png,0
Fake faces/fake_9119.png,1
Real faces/real_6373.png,0
Real faces/real_1890.png,0
Real faces/real_1038.png,0
Fake faces/fake_2604.png,1
Fake faces/fake_7557.png,1
Real faces/real_4073.png,0
Real faces/real_7442.png,0
Real faces/real_9999.png,0
Real faces/real_1870.png,0
Fake faces/fake_4196.png,1
Real faces/real_5894.png,0
Real faces/real_3728.png,0
Real faces/real_8958.png,0
Real faces/real_7671.png,0
Real faces/real_5999.png,0
Real faces/real_5751.png,0
Real faces/real_1688.png,0
Real faces/real_6836.png,0
Real faces/real_6536.png,0
Real faces/real_4842.png,0
Fake faces/fake_4844.png,1
Real faces/real_196.png,0
Real faces/real_518.png,0
Fake faces/fake_9581.png,1
Fake faces/fake_6320.png,1
Fake faces/fake_9790.png,1
Fake faces/fake_3939.png,1
Real faces/real_841.png,0
Real faces/real_9507.png,0
Fake faces/fake_9482.png,1
Real faces/real_5174.png,0
Fake faces/fake_946.png,1
Fake faces/fake_5469.png,1
Real faces/real_7608.png,0
Fake faces/fake_8264.png,1
Fake faces/fake_5020.png,1
Fake faces/fake_1601.png,1
Fake faces/fake_263.png,1
Real faces/real_7097.png,0
Fake faces/fake_7596.png,1
Real faces/real_454.png,0
Fake faces/fake_1086.png,1
Fake faces/fake_1220.png,1
Real faces/real_2862.png,0
Fake faces/fake_2392.png,1
Real faces/real_3852.png,0
Fake faces/fake_5004.png,1
Real faces/real_182.png,0
Fake faces/fake_4127.png,1
Fake faces/fake_1772.png,1
Fake faces/fake_6418.png,1
Real faces/real_2522.png,0
Fake faces/fake_3260.png,1
Real faces/real_4982.png,0
Fake faces/fake_3568.png,1
Fake faces/fake_446.png,1
Real faces/real_99.png,0
Fake faces/fake_8032.png,1
Fake faces/fake_9484.png,1
Fake faces/fake_4049.png,1
Fake faces/fake_9928.png,1
Fake faces/fake_1500.png,1
Fake faces/fake_7008.png,1
Fake faces/fake_1417.png,1
Fake faces/fake_621.png,1
Fake faces/fake_3481.png,1
Real faces/real_9188.png,0
Fake faces/fake_4006.png,1
Real faces/real_4741.png,0
Real faces/real_1707.png,0
Real faces/real_254.png,0
Fake faces/fake_6544.png,1
Real faces/real_8441.png,0
Real faces/real_1302.png,0
Fake faces/fake_5441.png,1
Fake faces/fake_4076.png,1
Fake faces/fake_382.png,1
Real faces/real_6918.png,0
Real faces/real_8454.png,0
Real faces/real_4625.png,0
Real faces/real_3930.png,0
Real faces/real_7180.png,0
Fake faces/fake_845.png,1
Real faces/real_8825.png,0
Real faces/real_933.png,0
Real faces/real_259.png,0
Fake faces/fake_80.png,1
Fake faces/fake_4874.png,1
Real faces/real_9090.png,0
Real faces/real_2518.png,0
Fake faces/fake_853.png,1
Real faces/real_1373.png,0
Fake faces/fake_878.png,1
Real faces/real_4048.png,0
Real faces/real_6350.png,0
Real faces/real_8043.png,0
Fake faces/fake_5595.png,1
Real faces/real_2009.png,0
Real faces/real_7806.png,0
Fake faces/fake_836.png,1
Fake faces/fake_8341.png,1
Real faces/real_3950.png,0
Real faces/real_9815.png,0
Fake faces/fake_3445.png,1
Real faces/real_2912.png,0
Fake faces/fake_3191.png,1
Real faces/real_2874.png,0
Real faces/real_8306.png,0
Real faces/real_1037.png,0
Real faces/real_2704.png,0
Real faces/real_8108.png,0
Real faces/real_8568.png,0
Real faces/real_9575.png,0
Fake faces/fake_6572.png,1
Real faces/real_9349.png,0
Fake faces/fake_8844.png,1
Fake faces/fake_5985.png,1
Real faces/real_9655.png,0
Fake faces/fake_4554.png,1
Fake faces/fake_4053.png,1
Fake faces/fake_9611.png,1
Fake faces/fake_6163.png,1
Fake faces/fake_8859.png,1
Fake faces/fake_6345.png,1
Fake faces/fake_4506.png,1
Real faces/real_1540.png,0
Fake faces/fake_4678.png,1
Real faces/real_2697.png,0
Real faces/real_2286.png,0
Real faces/real_4788.png,0
Fake faces/fake_3030.png,1
Fake faces/fake_1931.png,1
Fake faces/fake_6692.png,1
Fake faces/fake_2513.png,1
Real faces/real_6808.png,0
Fake faces/fake_28.png,1
Real faces/real_8710.png,0
Fake faces/fake_6904.png,1
Fake faces/fake_515.png,1
Fake faces/fake_8832.png,1
Fake faces/fake_4280.png,1
Fake faces/fake_9346.png,1
Real faces/real_5163.png,0
Real faces/real_1333.png,0
Real faces/real_5716.png,0
Fake faces/fake_5169.png,1
Fake faces/fake_9008.png,1
Fake faces/fake_4194.png,1
Real faces/real_1984.png,0
Real faces/real_4731.png,0
Real faces/real_2435.png,0
Real faces/real_9483.png,0
Fake faces/fake_9256.png,1
Fake faces/fake_349.png,1
Fake faces/fake_7846.png,1
Real faces/real_7801.png,0
Real faces/real_3920.png,0
Fake faces/fake_5059.png,1
Real faces/real_9605.png,0
Real faces/real_5363.png,0
Real faces/real_7562.png,0
Real faces/real_9877.png,0
Fake faces/fake_141.png,1
Real faces/real_2813.png,0
Real faces/real_7497.png,0
Real faces/real_536.png,0
Fake faces/fake_2951.png,1
Real faces/real_1139.png,0
Real faces/real_4116.png,0
Real faces/real_6095.png,0
Fake faces/fake_3116.png,1
Fake faces/fake_2873.png,1
Real faces/real_617.png,0
Real faces/real_1310.png,0
Fake faces/fake_4104.png,1
Fake faces/fake_2023.png,1
Real faces/real_3251.png,0
Real faces/real_3547.png,0
Fake faces/fake_1641.png,1
Fake faces/fake_8758.png,1
Real faces/real_6627.png,0
Fake faces/fake_4466.png,1
Real faces/real_5000.png,0
Real faces/real_7716.png,0
Real faces/real_7719.png,0
Real faces/real_7800.png,0
Fake faces/fake_9104.png,1
Fake faces/fake_1339.png,1
Real faces/real_1121.png,0
Real faces/real_2656.png,0
Real faces/real_3478.png,0
Real faces/real_8673.png,0
Fake faces/fake_2126.png,1
Fake faces/fake_3527.png,1
Real faces/real_7033.png,0
Fake faces/fake_8467.png,1
Fake faces/fake_987.png,1
Real faces/real_3526.png,0
Real faces/real_1835.png,0
Real faces/real_8345.png,0
Fake faces/fake_3464.png,1
Real faces/real_9671.png,0
Real faces/real_1042.png,0
Real faces/real_9317.png,0
Fake faces/fake_4702.png,1
Real faces/real_982.png,0
Real faces/real_9545.png,0
Real faces/real_4404.png,0
Fake faces/fake_1465.png,1
Fake faces/fake_1854.png,1
Fake faces/fake_8800.png,1
Fake faces/fake_163.png,1
Real faces/real_377.png,0
Real faces/real_357.png,0
Fake faces/fake_7622.png,1
Fake faces/fake_742.png,1
Fake faces/fake_6295.png,1
Real faces/real_7912.png,0
Fake faces/fake_6214.png,1
Real faces/real_9871.png,0
Fake faces/fake_2961.png,1
Fake faces/fake_3621.png,1
Real faces/real_2234.png,0
Fake faces/fake_187.png,1
Fake faces/fake_5464.png,1
Fake faces/fake_7222.png,1
Fake faces/fake_899.png,1
Fake faces/fake_4731.png,1
Real faces/real_8614.png,0
Real faces/real_7784.png,0
Fake faces/fake_2847.png,1
Real faces/real_5485.png,0
Real faces/real_7223.png,0
Real faces/real_4548.png,0
Fake faces/fake_1932.png,1
Real faces/real_2718.png,0
Real faces/real_5847.png,0
Real faces/real_1256.png,0
Real faces/real_2640.png,0
Real faces/real_2652.png,0
Real faces/real_7125.png,0
Real faces/real_4413.png,0
Real faces/real_8753.png,0
Real faces/real_9163.png,0
Real faces/real_1336.png,0
Real faces/real_113.png,0
Fake faces/fake_4495.png,1
Fake faces/fake_3666.png,1
Real faces/real_9159.png,0
Fake faces/fake_6483.png,1
Fake faces/fake_2757.png,1
Fake faces/fake_6104.png,1
Fake faces/fake_1326.png,1
Fake faces/fake_7762.png,1
Real faces/real_4345.png,0
Real faces/real_7049.png,0
Real faces/real_380.png,0
Real faces/real_4843.png,0
Fake faces/fake_4141.png,1
Fake faces/fake_3367.png,1
Fake faces/fake_283.png,1
Fake faces/fake_8103.png,1
Real faces/real_135.png,0
Fake faces/fake_9419.png,1
Fake faces/fake_9958.png,1
Fake faces/fake_7076.png,1
Fake faces/fake_5754.png,1
Fake faces/fake_8614.png,1
Real faces/real_5678.png,0
Fake faces/fake_8665.png,1
Real faces/real_7289.png,0
Real faces/real_2087.png,0
Real faces/real_9811.png,0
Real faces/real_6473.png,0
Fake faces/fake_1966.png,1
Real faces/real_3997.png,0
Fake faces/fake_9087.png,1
Fake faces/fake_5497.png,1
Real faces/real_4356.png,0
Fake faces/fake_905.png,1
Real faces/real_3288.png,0
Real faces/real_9249.png,0
Real faces/real_425.png,0
Fake faces/fake_1009.png,1
Fake faces/fake_1611.png,1
Fake faces/fake_298.png,1
Fake faces/fake_9895.png,1
Real faces/real_5508.png,0
Fake faces/fake_3490.png,1
Real faces/real_7425.png,0
Real faces/real_7087.png,0
Fake faces/fake_9149.png,1
Real faces/real_6977.png,0
Real faces/real_7535.png,0
Real faces/real_3214.png,0
Real faces/real_9025.png,0
Real faces/real_1833.png,0
Real faces/real_3658.png,0
Fake faces/fake_5061.png,1
Fake faces/fake_3375.png,1
Fake faces/fake_1493.png,1
Fake faces/fake_4180.png,1
Real faces/real_9541.png,0
Fake faces/fake_7724.png,1
Real faces/real_7488.png,0
Fake faces/fake_5517.png,1
Real faces/real_8413.png,0
Real faces/real_6510.png,0
Real faces/real_653.png,0
Real faces/real_8030.png,0
Fake faces/fake_7038.png,1
Real faces/real_3234.png,0
Fake faces/fake_4568.png,1
Real faces/real_2726.png,0
Real faces/real_1113.png,0
Fake faces/fake_7137.png,1
Fake faces/fake_6563.png,1
Real faces/real_373.png,0
Real faces/real_2099.png,0
Real faces/real_7134.png,0
Real faces/real_2993.png,0
Real faces/real_8170.png,0
Real faces/real_1275.png,0
Fake faces/fake_9254.png,1
Real faces/real_4304.png,0
Real faces/real_9750.png,0
Real faces/real_8260.png,0
Real faces/real_9432.png,0
Real faces/real_2132.png,0
Fake faces/fake_3601.png,1
Fake faces/fake_3845.png,1
Fake faces/fake_6928.png,1
Fake faces/fake_2702.png,1
Real faces/real_9066.png,0
Real faces/real_9668.png,0
Real faces/real_6114.png,0
Fake faces/fake_9764.png,1
Fake faces/fake_6525.png,1
Real faces/real_5638.png,0
Real faces/real_862.png,0
Real faces/real_7294.png,0
Fake faces/fake_7111.png,1
Fake faces/fake_9039.png,1
Real faces/real_7177.png,0
Real faces/real_1720.png,0
Fake faces/fake_8686.png,1
Real faces/real_8318.png,0
Fake faces/fake_4900.png,1
Fake faces/fake_1538.png,1
Real faces/real_6390.png,0
Real faces/real_638.png,0
Fake faces/fake_7636.png,1
Real faces/real_4132.png,0
Real faces/real_566.png,0
Real faces/real_9530.png,0
Fake faces/fake_3074.png,1
Fake faces/fake_8450.png,1
Real faces/real_1305.png,0
Fake faces/fake_104.png,1
Real faces/real_4303.png,0
Real faces/real_8373.png,0
Fake faces/fake_6243.png,1
Fake faces/fake_5557.png,1
Fake faces/fake_5800.png,1
Fake faces/fake_9819.png,1
Fake faces/fake_9957.png,1
Real faces/real_8304.png,0
Fake faces/fake_6375.png,1
Fake faces/fake_6337.png,1
Real faces/real_1795.png,0
Real faces/real_8031.png,0
Fake faces/fake_9470.png,1
Real faces/real_1964.png,0
Real faces/real_2629.png,0
Real faces/real_8087.png,0
Fake faces/fake_5320.png,1
Fake faces/fake_8099.png,1
Fake faces/fake_2638.png,1
Real faces/real_8233.png,0
Fake faces/fake_1849.png,1
Real faces/real_5610.png,0
Real faces/real_6244.png,0
Fake faces/fake_7526.png,1
Real faces/real_6415.png,0
Fake faces/fake_8009.png,1
Real faces/real_6006.png,0
Real faces/real_2543.png,0
Real faces/real_3884.png,0
Real faces/real_6013.png,0
Real faces/real_2275.png,0
Real faces/real_8463.png,0
Fake faces/fake_9575.png,1
Real faces/real_420.png,0
Real faces/real_284.png,0
Real faces/real_998.png,0
Fake faces/fake_2967.png,1
Real faces/real_3181.png,0
Real faces/real_6369.png,0
Fake faces/fake_3248.png,1
Fake faces/fake_1007.png,1
Real faces/real_3834.png,0
Fake faces/fake_1286.png,1
Real faces/real_3245.png,0
Real faces/real_4281.png,0
Fake faces/fake_8809.png,1
Fake faces/fake_1317.png,1
Real faces/real_8922.png,0
Fake faces/fake_7498.png,1
Real faces/real_8375.png,0
Fake faces/fake_2750.png,1
Real faces/real_9042.png,0
Real faces/real_5418.png,0
Fake faces/fake_2900.png,1
Fake faces/fake_3228.png,1
Fake faces/fake_7597.png,1
Fake faces/fake_6555.png,1
Real faces/real_682.png,0
Real faces/real_6029.png,0
Fake faces/fake_7470.png,1
Real faces/real_150.png,0
Fake faces/fake_408.png,1
Real faces/real_5564.png,0
Real faces/real_3411.png,0
Real faces/real_8294.png,0
Fake faces/fake_5877.png,1
Fake faces/fake_5836.png,1
Real faces/real_8528.png,0
Real faces/real_9147.png,0
Fake faces/fake_3830.png,1
Real faces/real_5458.png,0
Real faces/real_6138.png,0
Real faces/real_4436.png,0
Fake faces/fake_5819.png,1
Real faces/real_4315.png,0
Fake faces/fake_4112.png,1
Real faces/real_2661.png,0
Fake faces/fake_2551.png,1
Fake faces/fake_6024.png,1
Fake faces/fake_6863.png,1
Real faces/real_3788.png,0
Fake faces/fake_3134.png,1
Real faces/real_1276.png,0
Fake faces/fake_3330.png,1
Real faces/real_5905.png,0
Real faces/real_5115.png,0
Fake faces/fake_7692.png,1
Real faces/real_116.png,0
Fake faces/fake_3268.png,1
Fake faces/fake_2629.png,1
Fake faces/fake_1769.png,1
Fake faces/fake_8724.png,1
Real faces/real_1112.png,0
Fake faces/fake_2398.png,1
Fake faces/fake_674.png,1
Fake faces/fake_4809.png,1
Fake faces/fake_560.png,1
Fake faces/fake_1584.png,1
Real faces/real_3651.png,0
Real faces/real_8336.png,0
Real faces/real_1255.png,0
Real faces/real_3684.png,0
Fake faces/fake_5024.png,1
Fake faces/fake_4431.png,1
Fake faces/fake_1984.png,1
Fake faces/fake_6691.png,1
Real faces/real_2481.png,0
Real faces/real_7858.png,0
Real faces/real_7711.png,0
Fake faces/fake_9156.png,1
Fake faces/fake_2405.png,1
Real faces/real_829.png,0
Fake faces/fake_2544.png,1
Real faces/real_1602.png,0
Fake faces/fake_3862.png,1
Real faces/real_3058.png,0
Fake faces/fake_5737.png,1
Fake faces/fake_9823.png,1
Fake faces/fake_3049.png,1
Fake faces/fake_4949.png,1
Real faces/real_5259.png,0
Fake faces/fake_9461.png,1
Fake faces/fake_8906.png,1
Real faces/real_9363.png,0
Fake faces/fake_2870.png,1
Fake faces/fake_6963.png,1
Fake faces/fake_3956.png,1
Real faces/real_1921.png,0
Fake faces/fake_8075.png,1
Fake faces/fake_9778.png,1
Real faces/real_9520.png,0
Fake faces/fake_8318.png,1
Fake faces/fake_7231.png,1
Real faces/real_7596.png,0
Fake faces/fake_4345.png,1
Real faces/real_3851.png,0
Real faces/real_3938.png,0
Fake faces/fake_6864.png,1
Real faces/real_4496.png,0
Fake faces/fake_5156.png,1
Real faces/real_7889.png,0
Fake faces/fake_5718.png,1
Fake faces/fake_5336.png,1
Real faces/real_6535.png,0
Real faces/real_3607.png,0
Fake faces/fake_6895.png,1
Real faces/real_1320.png,0
Fake faces/fake_7752.png,1
Fake faces/fake_2280.png,1
Fake faces/fake_6539.png,1
Real faces/real_168.png,0
Fake faces/fake_1389.png,1
Fake faces/fake_7499.png,1
Fake faces/fake_2645.png,1
Fake faces/fake_6349.png,1
Fake faces/fake_7780.png,1
Fake faces/fake_5064.png,1
Real faces/real_398.png,0
Real faces/real_6027.png,0
Real faces/real_5865.png,0
Real faces/real_149.png,0
Real faces/real_3069.png,0
Fake faces/fake_3254.png,1
Real faces/real_94.png,0
Fake faces/fake_2435.png,1
Fake faces/fake_6577.png,1
Fake faces/fake_8958.png,1
Fake faces/fake_6334.png,1
Real faces/real_6067.png,0
Fake faces/fake_7818.png,1
Real faces/real_1496.png,0
Real faces/real_6660.png,0
Fake faces/fake_6251.png,1
Real faces/real_6871.png,0
Fake faces/fake_7215.png,1
Real faces/real_7861.png,0
Real faces/real_7144.png,0
Fake faces/fake_2786.png,1
Fake faces/fake_1602.png,1
Real faces/real_3746.png,0
Fake faces/fake_7243.png,1
Fake faces/fake_3966.png,1
Real faces/real_9194.png,0
Fake faces/fake_309.png,1
Fake faces/fake_479.png,1
Real faces/real_1929.png,0
Fake faces/fake_7830.png,1
Fake faces/fake_9439.png,1
Fake faces/fake_5998.png,1
Real faces/real_1967.png,0
Real faces/real_9781.png,0
Fake faces/fake_6252.png,1
Real faces/real_1634.png,0
Real faces/real_8784.png,0
Real faces/real_6613.png,0
Fake faces/fake_9739.png,1
Real faces/real_7708.png,0
Fake faces/fake_500.png,1
Fake faces/fake_4879.png,1
Fake faces/fake_8139.png,1
Real faces/real_9352.png,0
Real faces/real_1479.png,0
Real faces/real_7913.png,0
Real faces/real_7336.png,0
Real faces/real_1498.png,0
Fake faces/fake_1383.png,1
Real faces/real_8900.png,0
Fake faces/fake_4895.png,1
Fake faces/fake_7616.png,1
Real faces/real_5719.png,0
Fake faces/fake_7288.png,1
Real faces/real_1332.png,0
Real faces/real_7270.png,0
Fake faces/fake_6845.png,1
Fake faces/fake_6165.png,1
Real faces/real_2688.png,0
Real faces/real_1714.png,0
Fake faces/fake_2588.png,1
Fake faces/fake_9613.png,1
Fake faces/fake_4075.png,1
Fake faces/fake_8195.png,1
Fake faces/fake_4353.png,1
Fake faces/fake_2388.png,1
Real faces/real_3855.png,0
Fake faces/fake_3426.png,1
Real faces/real_4113.png,0
Real faces/real_8225.png,0
Fake faces/fake_5863.png,1
Real faces/real_2715.png,0
Fake faces/fake_8370.png,1
Real faces/real_316.png,0
Real faces/real_6978.png,0
Fake faces/fake_4519.png,1
Fake faces/fake_1485.png,1
Fake faces/fake_630.png,1
Fake faces/fake_4609.png,1
Real faces/real_7007.png,0
Real faces/real_2818.png,0
Real faces/real_5500.png,0
Real faces/real_950.png,0
Fake faces/fake_8333.png,1
Real faces/real_4602.png,0
Fake faces/fake_7303.png,1
Real faces/real_30.png,0
Real faces/real_6903.png,0
Real faces/real_1639.png,0
Real faces/real_6417.png,0
Real faces/real_7976.png,0
Fake faces/fake_5405.png,1
Real faces/real_4456.png,0
Fake faces/fake_8828.png,1
Fake faces/fake_4481.png,1
Fake faces/fake_3891.png,1
Real faces/real_6113.png,0
Real faces/real_6357.png,0
Real faces/real_1965.png,0
Fake faces/fake_2386.png,1
Real faces/real_1584.png,0
Real faces/real_2025.png,0
Fake faces/fake_1782.png,1
Real faces/real_9617.png,0
Fake faces/fake_6846.png,1
Fake faces/fake_694.png,1
Fake faces/fake_4882.png,1
Fake faces/fake_5576.png,1
Fake faces/fake_1045.png,1
Real faces/real_2928.png,0
Fake faces/fake_1457.png,1
Fake faces/fake_8322.png,1
Real faces/real_8483.png,0
Fake faces/fake_1398.png,1
Fake faces/fake_5063.png,1
Fake faces/fake_1496.png,1
Fake faces/fake_751.png,1
Real faces/real_1593.png,0
Real faces/real_9659.png,0
Real faces/real_6532.png,0
Real faces/real_700.png,0
Fake faces/fake_6644.png,1
Fake faces/fake_4425.png,1
Real faces/real_9128.png,0
Fake faces/fake_5808.png,1
Real faces/real_6198.png,0
Real faces/real_3995.png,0
Real faces/real_7471.png,0
Real faces/real_1314.png,0
Real faces/real_8739.png,0
Real faces/real_764.png,0
Fake faces/fake_2733.png,1
Real faces/real_4342.png,0
Real faces/real_5952.png,0
Real faces/real_7319.png,0
Fake faces/fake_7548.png,1
Real faces/real_9835.png,0
Fake faces/fake_6988.png,1
Real faces/real_38.png,0
Real faces/real_3613.png,0
Real faces/real_1455.png,0
Fake faces/fake_4110.png,1
Fake faces/fake_6343.png,1
Real faces/real_8139.png,0
Real faces/real_2894.png,0
Fake faces/fake_6253.png,1
Real faces/real_7781.png,0
Real faces/real_5625.png,0
Fake faces/fake_1269.png,1
Fake faces/fake_3918.png,1
Real faces/real_1053.png,0
Fake faces/fake_6695.png,1
Fake faces/fake_9333.png,1
Fake faces/fake_5867.png,1
Fake faces/fake_6961.png,1
Fake faces/fake_7550.png,1
Real faces/real_6145.png,0
Real faces/real_5948.png,0
Real faces/real_2807.png,0
Fake faces/fake_5157.png,1
Real faces/real_7556.png,0
Fake faces/fake_6898.png,1
Real faces/real_304.png,0
Fake faces/fake_1890.png,1
Real faces/real_5224.png,0
Fake faces/fake_4119.png,1
Real faces/real_7728.png,0
Fake faces/fake_2202.png,1
Real faces/real_6695.png,0
Fake faces/fake_4403.png,1
Real faces/real_252.png,0
Real faces/real_511.png,0
Fake faces/fake_2732.png,1
Fake faces/fake_6000.png,1
Fake faces/fake_4308.png,1
Real faces/real_6969.png,0
Fake faces/fake_1531.png,1
Real faces/real_9358.png,0
Fake faces/fake_7357.png,1
Fake faces/fake_1124.png,1
Real faces/real_750.png,0
Fake faces/fake_4545.png,1
Real faces/real_9854.png,0
Real faces/real_742.png,0
Fake faces/fake_368.png,1
Real faces/real_176.png,0
Fake faces/fake_8206.png,1
Real faces/real_8285.png,0
Fake faces/fake_2559.png,1
Fake faces/fake_7865.png,1
Real faces/real_9577.png,0
Real faces/real_8769.png,0
Real faces/real_6886.png,0
Real faces/real_8191.png,0
Fake faces/fake_2415.png,1
Fake faces/fake_5322.png,1
Real faces/real_381.png,0
Fake faces/fake_5752.png,1
Real faces/real_9931.png,0
Fake faces/fake_4886.png,1
Real faces/real_7201.png,0
Real faces/real_9745.png,0
Fake faces/fake_5805.png,1
Real faces/real_8645.png,0
Real faces/real_9870.png,0
Real faces/real_7515.png,0
Real faces/real_6015.png,0
Fake faces/fake_4807.png,1
Real faces/real_9778.png,0
Fake faces/fake_6266.png,1
Real faces/real_8743.png,0
Real faces/real_984.png,0
Real faces/real_439.png,0
Real faces/real_8398.png,0
Real faces/real_3781.png,0
Fake faces/fake_4654.png,1
Fake faces/fake_7731.png,1
Fake faces/fake_530.png,1
Real faces/real_5472.png,0
Fake faces/fake_7196.png,1
Fake faces/fake_1909.png,1
Fake faces/fake_6799.png,1
Fake faces/fake_6188.png,1
Fake faces/fake_7509.png,1
Real faces/real_1226.png,0
Real faces/real_7985.png,0
Fake faces/fake_5183.png,1
Fake faces/fake_8633.png,1
Fake faces/fake_2957.png,1
Real faces/real_903.png,0
Fake faces/fake_6980.png,1
Fake faces/fake_4270.png,1
Real faces/real_8280.png,0
Real faces/real_7107.png,0
Fake faces/fake_6342.png,1
Fake faces/fake_8008.png,1
Real faces/real_366.png,0
Fake faces/fake_9134.png,1
Real faces/real_3079.png,0
Fake faces/fake_3767.png,1
Real faces/real_3016.png,0
Real faces/real_6936.png,0
Fake faces/fake_2993.png,1
Fake faces/fake_9746.png,1
Real faces/real_1653.png,0
Fake faces/fake_4923.png,1
Real faces/real_3422.png,0
Fake faces/fake_6313.png,1
Fake faces/fake_4868.png,1
Real faces/real_8925.png,0
Fake faces/fake_6186.png,1
Real faces/real_1206.png,0
Fake faces/fake_7715.png,1
Real faces/real_8928.png,0
Fake faces/fake_5477.png,1
Real faces/real_1486.png,0
Fake faces/fake_7326.png,1
Fake faces/fake_8959.png,1
Real faces/real_85.png,0
Real faces/real_5665.png,0
Real faces/real_167.png,0
Real faces/real_5377.png,0
Fake faces/fake_4940.png,1
Fake faces/fake_4631.png,1
Real faces/real_4894.png,0
Real faces/real_7203.png,0
Fake faces/fake_1887.png,1
Real faces/real_1418.png,0
Real faces/real_7748.png,0
Real faces/real_2254.png,0
Real faces/real_4063.png,0
Real faces/real_8860.png,0
Fake faces/fake_646.png,1
Real faces/real_9014.png,0
Real faces/real_8394.png,0
Fake faces/fake_9282.png,1
Real faces/real_4244.png,0
Fake faces/fake_6530.png,1
Real faces/real_2438.png,0
Real faces/real_5140.png,0
Real faces/real_2069.png,0
Fake faces/fake_4224.png,1
Fake faces/fake_6105.png,1
Fake faces/fake_2253.png,1
Real faces/real_6667.png,0
Real faces/real_1078.png,0
Fake faces/fake_7832.png,1
Real faces/real_2175.png,0
Real faces/real_4125.png,0
Real faces/real_624.png,0
Fake faces/fake_9536.png,1
Fake faces/fake_3343.png,1
Real faces/real_4105.png,0
Real faces/real_3550.png,0
Real faces/real_7536.png,0
Fake faces/fake_6661.png,1
Real faces/real_147.png,0
Real faces/real_6798.png,0
Real faces/real_5786.png,0
Fake faces/fake_2885.png,1
Real faces/real_1354.png,0
Real faces/real_8756.png,0
Fake faces/fake_8010.png,1
Fake faces/fake_1676.png,1
Fake faces/fake_63.png,1
Fake faces/fake_6195.png,1
Fake faces/fake_3541.png,1
Fake faces/fake_3319.png,1
Fake faces/fake_5969.png,1
Real faces/real_6306.png,0
Real faces/real_7584.png,0
Fake faces/fake_3289.png,1
Fake faces/fake_9455.png,1
Real faces/real_8223.png,0
Fake faces/fake_967.png,1
Fake faces/fake_3147.png,1
Real faces/real_2447.png,0
Real faces/real_1887.png,0
Real faces/real_8818.png,0
Fake faces/fake_5774.png,1
Fake faces/fake_8872.png,1
Real faces/real_905.png,0
Fake faces/fake_4000.png,1
Fake faces/fake_2877.png,1
Real faces/real_4896.png,0
Fake faces/fake_424.png,1
Real faces/real_9859.png,0
Fake faces/fake_7085.png,1
Fake faces/fake_5150.png,1
Real faces/real_9594.png,0
Real faces/real_3102.png,0
Fake faces/fake_7083.png,1
Real faces/real_517.png,0
Fake faces/fake_4181.png,1
Real faces/real_6202.png,0
Real faces/real_9883.png,0
Fake faces/fake_9302.png,1
Fake faces/fake_7567.png,1
Real faces/real_9195.png,0
Fake faces/fake_9903.png,1
Fake faces/fake_9612.png,1
Real faces/real_4750.png,0
Fake faces/fake_2711.png,1
Fake faces/fake_1150.png,1
Fake faces/fake_9159.png,1
Fake faces/fake_4098.png,1
Real faces/real_8206.png,0
Fake faces/fake_5660.png,1
Fake faces/fake_266.png,1
Real faces/real_9809.png,0
Real faces/real_6925.png,0
Fake faces/fake_7299.png,1
Real faces/real_3107.png,0
Real faces/real_2006.png,0
Fake faces/fake_5354.png,1
Fake faces/fake_8866.png,1
Real faces/real_2733.png,0
Fake faces/fake_7167.png,1
Fake faces/fake_2697.png,1
Real faces/real_1693.png,0
Fake faces/fake_3431.png,1
Fake faces/fake_8505.png,1
Real faces/real_4385.png,0
Fake faces/fake_3852.png,1
Fake faces/fake_9978.png,1
Real faces/real_9384.png,0
Real faces/real_3289.png,0
Fake faces/fake_2374.png,1
Real faces/real_2499.png,0
Fake faces/fake_4966.png,1
Fake faces/fake_4575.png,1
Fake faces/fake_238.png,1
Fake faces/fake_3125.png,1
Real faces/real_7983.png,0
Fake faces/fake_6201.png,1
Fake faces/fake_4012.png,1
Fake faces/fake_4794.png,1
Fake faces/fake_9062.png,1
Fake faces/fake_2192.png,1
Real faces/real_2574.png,0
Fake faces/fake_4613.png,1
Fake faces/fake_5335.png,1
Real faces/real_4220.png,0
Fake faces/fake_7694.png,1
Fake faces/fake_2096.png,1
Fake faces/fake_5585.png,1
Fake faces/fake_3993.png,1
Fake faces/fake_6102.png,1
Real faces/real_9239.png,0
Fake faces/fake_6143.png,1
Fake faces/fake_5750.png,1
Real faces/real_4089.png,0
Real faces/real_9515.png,0
Fake faces/fake_2834.png,1
Real faces/real_8341.png,0
Fake faces/fake_7469.png,1
Real faces/real_7316.png,0
Real faces/real_3601.png,0
Real faces/real_7997.png,0
Fake faces/fake_1299.png,1
Fake faces/fake_3386.png,1
Real faces/real_8268.png,0
Fake faces/fake_7285.png,1
Real faces/real_2923.png,0
Fake faces/fake_5297.png,1
Real faces/real_1064.png,0
Fake faces/fake_3435.png,1
Fake faces/fake_6315.png,1
Real faces/real_8522.png,0
Real faces/real_1771.png,0
Real faces/real_332.png,0
Real faces/real_3989.png,0
Real faces/real_9115.png,0
Fake faces/fake_6925.png,1
Real faces/real_3865.png,0
Real faces/real_8687.png,0
Real faces/real_5589.png,0
Fake faces/fake_657.png,1
Real faces/real_5631.png,0
Fake faces/fake_820.png,1
Fake faces/fake_5777.png,1
Real faces/real_7834.png,0
Fake faces/fake_4276.png,1
Real faces/real_2299.png,0
Real faces/real_4467.png,0
Real faces/real_8255.png,0
Fake faces/fake_8843.png,1
Real faces/real_4246.png,0
Fake faces/fake_5485.png,1
Real faces/real_8354.png,0
Fake faces/fake_6203.png,1
Fake faces/fake_9755.png,1
Real faces/real_1683.png,0
Fake faces/fake_4689.png,1
Fake faces/fake_760.png,1
Fake faces/fake_2788.png,1
Fake faces/fake_4610.png,1
Fake faces/fake_7200.png,1
Real faces/real_578.png,0
Real faces/real_9656.png,0
Real faces/real_334.png,0
Fake faces/fake_5710.png,1
Fake faces/fake_2519.png,1
Real faces/real_9748.png,0
Real faces/real_4585.png,0
Fake faces/fake_3703.png,1
Fake faces/fake_5657.png,1
Fake faces/fake_9656.png,1
Real faces/real_9109.png,0
Real faces/real_676.png,0
Fake faces/fake_5381.png,1
Fake faces/fake_7419.png,1
Real faces/real_9862.png,0
Real faces/real_782.png,0
Fake faces/fake_6256.png,1
Real faces/real_6298.png,0
Real faces/real_6062.png,0
Real faces/real_1796.png,0
Fake faces/fake_6556.png,1
Real faces/real_5219.png,0
Real faces/real_9680.png,0
Fake faces/fake_8736.png,1
Fake faces/fake_4697.png,1
Fake faces/fake_6681.png,1
Fake faces/fake_4550.png,1
Fake faces/fake_2792.png,1
Real faces/real_3166.png,0
Real faces/real_4061.png,0
Real faces/real_9418.png,0
Fake faces/fake_9004.png,1
Real faces/real_7030.png,0
Fake faces/fake_9184.png,1
Real faces/real_2836.png,0
Fake faces/fake_705.png,1
Real faces/real_7306.png,0
Real faces/real_1955.png,0
Fake faces/fake_6696.png,1
Fake faces/fake_3520.png,1
Fake faces/fake_5372.png,1
Fake faces/fake_6729.png,1
Fake faces/fake_6173.png,1
Fake faces/fake_98.png,1
Real faces/real_9812.png,0
Real faces/real_533.png,0
Fake faces/fake_6647.png,1
Real faces/real_469.png,0
Fake faces/fake_1936.png,1
Real faces/real_9489.png,0
Real faces/real_5916.png,0
Real faces/real_3761.png,0
Real faces/real_5478.png,0
Real faces/real_5805.png,0
Fake faces/fake_9084.png,1
Fake faces/fake_6494.png,1
Real faces/real_5514.png,0
Real faces/real_1266.png,0
Real faces/real_5864.png,0
Fake faces/fake_4865.png,1
Fake faces/fake_7892.png,1
Real faces/real_5742.png,0
Fake faces/fake_6653.png,1
Real faces/real_3780.png,0
Fake faces/fake_7574.png,1
Fake faces/fake_4733.png,1
Real faces/real_8985.png,0
Fake faces/fake_5535.png,1
Fake faces/fake_5107.png,1
Fake faces/fake_9206.png,1
Fake faces/fake_972.png,1
Fake faces/fake_8811.png,1
Real faces/real_1566.png,0
Fake faces/fake_8276.png,1
Real faces/real_7752.png,0
Real faces/real_5857.png,0
Real faces/real_4514.png,0
Real faces/real_7655.png,0
Fake faces/fake_7025.png,1
Real faces/real_5908.png,0
Fake faces/fake_144.png,1
Real faces/real_1544.png,0
Fake faces/fake_8416.png,1
Real faces/real_8845.png,0
Real faces/real_2604.png,0
Real faces/real_9150.png,0
Fake faces/fake_4640.png,1
Fake faces/fake_5656.png,1
Real faces/real_5764.png,0
Real faces/real_1281.png,0
Fake faces/fake_3004.png,1
Real faces/real_7775.png,0
Real faces/real_8889.png,0
Real faces/real_2471.png,0
Fake faces/fake_304.png,1
Fake faces/fake_6814.png,1
Fake faces/fake_1813.png,1
Fake faces/fake_6227.png,1
Fake faces/fake_2290.png,1
Fake faces/fake_2042.png,1
Real faces/real_6181.png,0
Fake faces/fake_725.png,1
Fake faces/fake_8775.png,1
Real faces/real_6329.png,0
Real faces/real_4126.png,0
Fake faces/fake_5851.png,1
Fake faces/fake_2190.png,1
Real faces/real_3599.png,0
Real faces/real_5512.png,0
Fake faces/fake_5164.png,1
Real faces/real_9691.png,0
Real faces/real_4294.png,0
Fake faces/fake_5221.png,1
Real faces/real_5943.png,0
Fake faces/fake_8121.png,1
Real faces/real_4093.png,0
Fake faces/fake_1902.png,1
Fake faces/fake_3416.png,1
Real faces/real_9622.png,0
Fake faces/fake_237.png,1
Real faces/real_3402.png,0
Fake faces/fake_247.png,1
Real faces/real_7794.png,0
Fake faces/fake_1834.png,1
Fake faces/fake_6021.png,1
Real faces/real_7914.png,0
Fake faces/fake_9228.png,1
Real faces/real_8393.png,0
Real faces/real_6399.png,0
Fake faces/fake_3856.png,1
Fake faces/fake_2610.png,1
Fake faces/fake_6126.png,1
Real faces/real_5754.png,0
Fake faces/fake_4860.png,1
Real faces/real_3986.png,0
Real faces/real_7639.png,0
Fake faces/fake_2734.png,1
Fake faces/fake_8893.png,1
Real faces/real_3824.png,0
Fake faces/fake_1901.png,1
Real faces/real_7870.png,0
Fake faces/fake_1268.png,1
Fake faces/fake_107.png,1
Fake faces/fake_1983.png,1
Real faces/real_157.png,0
Fake faces/fake_8842.png,1
Real faces/real_188.png,0
Real faces/real_3577.png,0
Real faces/real_2493.png,0
Fake faces/fake_8376.png,1
Fake faces/fake_5981.png,1
Real faces/real_6108.png,0
Fake faces/fake_9864.png,1
Real faces/real_8008.png,0
Fake faces/fake_2707.png,1
Fake faces/fake_825.png,1
Real faces/real_9149.png,0
Fake faces/fake_4241.png,1
Fake faces/fake_6671.png,1
Fake faces/fake_1704.png,1
Fake faces/fake_1724.png,1
Real faces/real_3013.png,0
Fake faces/fake_9387.png,1
Fake faces/fake_8106.png,1
Real faces/real_8443.png,0
Fake faces/fake_322.png,1
Real faces/real_7885.png,0
Fake faces/fake_7976.png,1
Fake faces/fake_3728.png,1
Real faces/real_6105.png,0
Fake faces/fake_4612.png,1
Fake faces/fake_4626.png,1
Real faces/real_3639.png,0
Real faces/real_428.png,0
Fake faces/fake_6710.png,1
Fake faces/fake_463.png,1
Fake faces/fake_4471.png,1
Fake faces/fake_5393.png,1
Fake faces/fake_5944.png,1
Real faces/real_9989.png,0
Fake faces/fake_8988.png,1
Real faces/real_9674.png,0
Real faces/real_2359.png,0
Real faces/real_673.png,0
Fake faces/fake_6769.png,1
Real faces/real_9942.png,0
Fake faces/fake_6819.png,1
Real faces/real_9913.png,0
Real faces/real_6512.png,0
Real faces/real_2820.png,0
Fake faces/fake_965.png,1
Fake faces/fake_5047.png,1
Real faces/real_2791.png,0
Fake faces/fake_3352.png,1
Real faces/real_9919.png,0
Fake faces/fake_949.png,1
Fake faces/fake_4548.png,1
Real faces/real_1326.png,0
Fake faces/fake_6842.png,1
Fake faces/fake_9527.png,1
Real faces/real_8585.png,0
Real faces/real_915.png,0
Fake faces/fake_2981.png,1
Real faces/real_8778.png,0
Real faces/real_1650.png,0
Fake faces/fake_8622.png,1
Fake faces/fake_6100.png,1
Real faces/real_7603.png,0
Real faces/real_5222.png,0
Fake faces/fake_4644.png,1
Real faces/real_435.png,0
Real faces/real_6689.png,0
Fake faces/fake_2498.png,1
Fake faces/fake_5095.png,1
Fake faces/fake_6498.png,1
Fake faces/fake_1173.png,1
Real faces/real_2562.png,0
Fake faces/fake_1749.png,1
Fake faces/fake_35.png,1
Real faces/real_3198.png,0
Fake faces/fake_4016.png,1
Fake faces/fake_2076.png,1
Fake faces/fake_1980.png,1
Fake faces/fake_4889.png,1
Fake faces/fake_988.png,1
Real faces/real_5662.png,0
Real faces/real_7627.png,0
Real faces/real_531.png,0
Fake faces/fake_822.png,1
Fake faces/fake_2819.png,1
Real faces/real_6599.png,0
Fake faces/fake_8131.png,1
Real faces/real_6315.png,0
Fake faces/fake_7514.png,1
Fake faces/fake_3835.png,1
Fake faces/fake_6962.png,1
Fake faces/fake_4005.png,1
Fake faces/fake_4536.png,1
Fake faces/fake_8006.png,1
Real faces/real_5028.png,0
Real faces/real_280.png,0
Fake faces/fake_8817.png,1
Real faces/real_5928.png,0
Real faces/real_7836.png,0
Fake faces/fake_1323.png,1
Fake faces/fake_1078.png,1
Real faces/real_1643.png,0
Real faces/real_1889.png,0
Fake faces/fake_7681.png,1
Fake faces/fake_7134.png,1
Fake faces/fake_7589.png,1
Real faces/real_3594.png,0
Real faces/real_2996.png,0
Real faces/real_4501.png,0
Fake faces/fake_9993.png,1
Fake faces/fake_1583.png,1
Real faces/real_3193.png,0
Real faces/real_5992.png,0
Fake faces/fake_1956.png,1
Fake faces/fake_7736.png,1
Fake faces/fake_1282.png,1
Fake faces/fake_9126.png,1
Fake faces/fake_3938.png,1
Real faces/real_575.png,0
Real faces/real_8231.png,0
Real faces/real_1352.png,0
Real faces/real_3902.png,0
Fake faces/fake_3963.png,1
Fake faces/fake_7160.png,1
Real faces/real_4154.png,0
Real faces/real_7646.png,0
Fake faces/fake_8681.png,1
Real faces/real_505.png,0
Real faces/real_2857.png,0
Real faces/real_7852.png,0
Real faces/real_1432.png,0
Real faces/real_4554.png,0
Fake faces/fake_7962.png,1
Real faces/real_9814.png,0
Real faces/real_9595.png,0
Fake faces/fake_3345.png,1
Real faces/real_8423.png,0
Real faces/real_3371.png,0
Real faces/real_4367.png,0
Real faces/real_7109.png,0
Fake faces/fake_5549.png,1
Fake faces/fake_388.png,1
Real faces/real_610.png,0
Fake faces/fake_6538.png,1
Real faces/real_8407.png,0
Fake faces/fake_664.png,1
Fake faces/fake_1688.png,1
Fake faces/fake_9011.png,1
Real faces/real_9251.png,0
Fake faces/fake_5259.png,1
Fake faces/fake_1647.png,1
Fake faces/fake_2512.png,1
Fake faces/fake_9590.png,1
Real faces/real_3448.png,0
Fake faces/fake_5017.png,1
Real faces/real_4800.png,0
Real faces/real_9936.png,0
Fake faces/fake_6812.png,1
Fake faces/fake_9294.png,1
Real faces/real_6165.png,0
Fake faces/fake_2377.png,1
Fake faces/fake_602.png,1
Fake faces/fake_7590.png,1
Fake faces/fake_2068.png,1
Real faces/real_3944.png,0
Real faces/real_8468.png,0
Real faces/real_4308.png,0
Real faces/real_2919.png,0
Real faces/real_3501.png,0
Fake faces/fake_6872.png,1
Real faces/real_4660.png,0
Fake faces/fake_6420.png,1
Fake faces/fake_2110.png,1
Fake faces/fake_2490.png,1
Fake faces/fake_9801.png,1
Real faces/real_8530.png,0
Real faces/real_448.png,0
Fake faces/fake_9317.png,1
Real faces/real_8623.png,0
Fake faces/fake_8255.png,1
Fake faces/fake_5928.png,1
Fake faces/fake_8096.png,1
Fake faces/fake_3664.png,1
Fake faces/fake_5078.png,1
Fake faces/fake_6275.png,1
Real faces/real_8214.png,0
Real faces/real_5547.png,0
Real faces/real_1127.png,0
Fake faces/fake_2113.png,1
Real faces/real_4407.png,0
Real faces/real_1799.png,0
Real faces/real_6434.png,0
Fake faces/fake_1955.png,1
Real faces/real_7524.png,0
Fake faces/fake_389.png,1
Fake faces/fake_9660.png,1
Real faces/real_5015.png,0
Real faces/real_6024.png,0
Fake faces/fake_7586.png,1
Real faces/real_3441.png,0
Real faces/real_9085.png,0
Fake faces/fake_6952.png,1
Fake faces/fake_6522.png,1
Real faces/real_4384.png,0
Real faces/real_4288.png,0
Fake faces/fake_6920.png,1
Fake faces/fake_8025.png,1
Fake faces/fake_5968.png,1
Fake faces/fake_8741.png,1
Fake faces/fake_7113.png,1
Real faces/real_3260.png,0
Fake faces/fake_5974.png,1
Fake faces/fake_5764.png,1
Real faces/real_6480.png,0
Real faces/real_7575.png,0
Real faces/real_8688.png,0
Fake faces/fake_4661.png,1
Real faces/real_5070.png,0
Fake faces/fake_9247.png,1
Real faces/real_2947.png,0
Real faces/real_2840.png,0
Real faces/real_8122.png,0
Fake faces/fake_8497.png,1
Real faces/real_8410.png,0
Real faces/real_177.png,0
Real faces/real_7816.png,0
Fake faces/fake_7376.png,1
Fake faces/fake_5193.png,1
Fake faces/fake_8666.png,1
Real faces/real_8941.png,0
Real faces/real_4081.png,0
Real faces/real_1511.png,0
Real faces/real_7414.png,0
Real faces/real_9345.png,0
Real faces/real_3942.png,0
Fake faces/fake_2631.png,1
Fake faces/fake_5346.png,1
Real faces/real_8485.png,0
Fake faces/fake_273.png,1
Fake faces/fake_1344.png,1
Real faces/real_7555.png,0
Real faces/real_473.png,0
Fake faces/fake_9089.png,1
Fake faces/fake_1848.png,1
Real faces/real_1846.png,0
Fake faces/fake_6172.png,1
Fake faces/fake_5842.png,1
Real faces/real_7656.png,0
Fake faces/fake_191.png,1
Fake faces/fake_3560.png,1
Real faces/real_6307.png,0
Fake faces/fake_444.png,1
Real faces/real_1327.png,0
Real faces/real_6790.png,0
Real faces/real_3418.png,0
Fake faces/fake_8257.png,1
Real faces/real_7038.png,0
Real faces/real_6323.png,0
Real faces/real_1681.png,0
Real faces/real_1452.png,0
Real faces/real_775.png,0
Real faces/real_2109.png,0
Fake faces/fake_8415.png,1
Fake faces/fake_4296.png,1
Fake faces/fake_9017.png,1
Real faces/real_1365.png,0
Real faces/real_9910.png,0
Fake faces/fake_9158.png,1
Real faces/real_8144.png,0
Real faces/real_8057.png,0
Real faces/real_8114.png,0
Fake faces/fake_7687.png,1
Real faces/real_299.png,0
Real faces/real_1107.png,0
Real faces/real_850.png,0
Real faces/real_5449.png,0
Real faces/real_8930.png,0
Real faces/real_7472.png,0
Real faces/real_7466.png,0
Real faces/real_2246.png,0
Fake faces/fake_3187.png,1
Fake faces/fake_2866.png,1
Real faces/real_3031.png,0
Real faces/real_1608.png,0
Real faces/real_9912.png,0
Real faces/real_5736.png,0
Real faces/real_8.png,0
Fake faces/fake_6180.png,1
Real faces/real_5971.png,0
Fake faces/fake_83.png,1
Real faces/real_4040.png,0
Fake faces/fake_2901.png,1
Fake faces/fake_7553.png,1
Fake faces/fake_8519.png,1
Fake faces/fake_6189.png,1
Fake faces/fake_4628.png,1
Fake faces/fake_3258.png,1
Real faces/real_5101.png,0
Fake faces/fake_3277.png,1
Fake faces/fake_4046.png,1
Real faces/real_3097.png,0
Real faces/real_9705.png,0
Fake faces/fake_1060.png,1
Real faces/real_4787.png,0
Fake faces/fake_6626.png,1
Fake faces/fake_3786.png,1
Fake faces/fake_5911.png,1
Fake faces/fake_3338.png,1
Real faces/real_8973.png,0
Real faces/real_8935.png,0
Real faces/real_3657.png,0
Real faces/real_3706.png,0
Real faces/real_1190.png,0
Fake faces/fake_8391.png,1
Fake faces/fake_1218.png,1
Fake faces/fake_4312.png,1
Fake faces/fake_5142.png,1
Fake faces/fake_6069.png,1
Real faces/real_9405.png,0
Real faces/real_5846.png,0
Fake faces/fake_4824.png,1
Fake faces/fake_6396.png,1
Real faces/real_9198.png,0
Fake faces/fake_542.png,1
Real faces/real_7726.png,0
Real faces/real_5735.png,0
Fake faces/fake_1433.png,1
Real faces/real_6444.png,0
Fake faces/fake_9604.png,1
Fake faces/fake_9859.png,1
Fake faces/fake_6506.png,1
Real faces/real_5940.png,0
Fake faces/fake_7296.png,1
Real faces/real_7506.png,0
Fake faces/fake_547.png,1
Real faces/real_6607.png,0
Fake faces/fake_8192.png,1
Fake faces/fake_8582.png,1
Fake faces/fake_3149.png,1
Real faces/real_2478.png,0
Real faces/real_8936.png,0
Fake faces/fake_6148.png,1
Fake faces/fake_1593.png,1
Fake faces/fake_7700.png,1
Real faces/real_6580.png,0
Real faces/real_1808.png,0
Real faces/real_7585.png,0
Fake faces/fake_4571.png,1
Fake faces/fake_3101.png,1
Real faces/real_263.png,0
Fake faces/fake_4818.png,1
Fake faces/fake_270.png,1
Real faces/real_8727.png,0
Fake faces/fake_4452.png,1
Fake faces/fake_5294.png,1
Real faces/real_1571.png,0
Fake faces/fake_7378.png,1
Fake faces/fake_6471.png,1
Real faces/real_6484.png,0
Fake faces/fake_7570.png,1
Fake faces/fake_9980.png,1
Fake faces/fake_840.png,1
Fake faces/fake_5311.png,1
Real faces/real_1370.png,0
Real faces/real_3090.png,0
Real faces/real_5038.png,0
Fake faces/fake_5506.png,1
Fake faces/fake_7833.png,1
Fake faces/fake_4724.png,1
Fake faces/fake_4344.png,1
Fake faces/fake_1491.png,1
Fake faces/fake_3590.png,1
Fake faces/fake_5958.png,1
Fake faces/fake_1373.png,1
Fake faces/fake_1137.png,1
Fake faces/fake_3546.png,1
Fake faces/fake_2891.png,1
Real faces/real_5549.png,0
Real faces/real_9143.png,0
Fake faces/fake_5202.png,1
Fake faces/fake_6083.png,1
Fake faces/fake_5103.png,1
Fake faces/fake_9010.png,1
Fake faces/fake_8451.png,1
Fake faces/fake_5669.png,1
Fake faces/fake_4186.png,1
Fake faces/fake_7970.png,1
Fake faces/fake_676.png,1
Real faces/real_1976.png,0
Fake faces/fake_8149.png,1
Real faces/real_1442.png,0
Real faces/real_8674.png,0
Real faces/real_7510.png,0
Real faces/real_2309.png,0
Fake faces/fake_7245.png,1
Real faces/real_1766.png,0
Fake faces/fake_576.png,1
Real faces/real_9395.png,0
Fake faces/fake_8647.png,1
Real faces/real_1488.png,0
Real faces/real_4907.png,0
Real faces/real_9646.png,0
Real faces/real_7882.png,0
Fake faces/fake_8896.png,1
Real faces/real_7346.png,0
Fake faces/fake_788.png,1
Real faces/real_7387.png,0
Fake faces/fake_4173.png,1
Real faces/real_9213.png,0
Fake faces/fake_5403.png,1
Real faces/real_4638.png,0
Fake faces/fake_9052.png,1
Fake faces/fake_609.png,1
Fake faces/fake_5827.png,1
Fake faces/fake_5110.png,1
Real faces/real_1655.png,0
Real faces/real_9038.png,0
Real faces/real_2861.png,0
Real faces/real_5431.png,0
Real faces/real_7563.png,0
Real faces/real_2183.png,0
Fake faces/fake_5775.png,1
Real faces/real_7907.png,0
Fake faces/fake_1756.png,1
Real faces/real_6547.png,0
Fake faces/fake_702.png,1
Fake faces/fake_3507.png,1
Fake faces/fake_6557.png,1
Real faces/real_4812.png,0
Real faces/real_2126.png,0
Fake faces/fake_4395.png,1
Fake faces/fake_4427.png,1
Real faces/real_1011.png,0
Real faces/real_8369.png,0
Real faces/real_2088.png,0
Fake faces/fake_5106.png,1
Real faces/real_981.png,0
Real faces/real_7159.png,0
Real faces/real_6451.png,0
Fake faces/fake_7639.png,1
Real faces/real_4834.png,0
Real faces/real_9672.png,0
Real faces/real_5267.png,0
Real faces/real_6110.png,0
Real faces/real_8342.png,0
Real faces/real_1246.png,0
Fake faces/fake_1483.png,1
Real faces/real_2074.png,0
Fake faces/fake_9460.png,1
Real faces/real_7047.png,0
Fake faces/fake_790.png,1
Real faces/real_8827.png,0
Real faces/real_3290.png,0
Real faces/real_914.png,0
Fake faces/fake_5344.png,1
Fake faces/fake_5946.png,1
Fake faces/fake_3392.png,1
Real faces/real_6389.png,0
Fake faces/fake_1829.png,1
Fake faces/fake_8743.png,1
Real faces/real_6494.png,0
Fake faces/fake_5518.png,1
Real faces/real_8408.png,0
Fake faces/fake_4192.png,1
Real faces/real_7945.png,0
Fake faces/fake_861.png,1
Fake faces/fake_4388.png,1
Fake faces/fake_2031.png,1
Fake faces/fake_9615.png,1
Real faces/real_3387.png,0
Fake faces/fake_3809.png,1
Fake faces/fake_1056.png,1
Fake faces/fake_4213.png,1
Fake faces/fake_2273.png,1
Real faces/real_3813.png,0
Real faces/real_796.png,0
Fake faces/fake_9216.png,1
Fake faces/fake_6978.png,1
Fake faces/fake_2441.png,1
Real faces/real_2619.png,0
Fake faces/fake_8289.png,1
Real faces/real_9286.png,0
Real faces/real_1748.png,0
Fake faces/fake_2531.png,1
Real faces/real_8660.png,0
Real faces/real_5309.png,0
Real faces/real_1122.png,0
Real faces/real_3101.png,0
Real faces/real_84.png,0
Fake faces/fake_3016.png,1
Fake faces/fake_2303.png,1
Fake faces/fake_6566.png,1
Fake faces/fake_8583.png,1
Real faces/real_3099.png,0
Real faces/real_9092.png,0
Real faces/real_9970.png,0
Fake faces/fake_8568.png,1
Fake faces/fake_7618.png,1
Fake faces/fake_5600.png,1
Fake faces/fake_7143.png,1
Fake faces/fake_2927.png,1
Fake faces/fake_2133.png,1
Real faces/real_5658.png,0
Fake faces/fake_2282.png,1
Fake faces/fake_9811.png,1
Fake faces/fake_6405.png,1
Fake faces/fake_856.png,1
Real faces/real_5118.png,0
Real faces/real_2231.png,0
Fake faces/fake_6554.png,1
Real faces/real_3053.png,0
Real faces/real_9728.png,0
Real faces/real_6098.png,0
Fake faces/fake_4982.png,1
Fake faces/fake_5463.png,1
Real faces/real_1592.png,0
Real faces/real_4850.png,0
Fake faces/fake_565.png,1
Fake faces/fake_7815.png,1
Real faces/real_5689.png,0
Fake faces/fake_9598.png,1
Real faces/real_9566.png,0
Real faces/real_3221.png,0
Fake faces/fake_5168.png,1
Real faces/real_8916.png,0
Real faces/real_3546.png,0
Fake faces/fake_6958.png,1
Real faces/real_2404.png,0
Fake faces/fake_464.png,1
Real faces/real_5711.png,0
Real faces/real_3369.png,0
Real faces/real_8010.png,0
Fake faces/fake_2380.png,1
Fake faces/fake_8674.png,1
Fake faces/fake_2117.png,1
Fake faces/fake_4238.png,1
Fake faces/fake_5094.png,1
Real faces/real_8610.png,0
Fake faces/fake_6744.png,1
Fake faces/fake_5268.png,1
Real faces/real_434.png,0
Real faces/real_2528.png,0
Real faces/real_6224.png,0
Real faces/real_4856.png,0
Fake faces/fake_1528.png,1
Fake faces/fake_596.png,1
Fake faces/fake_8057.png,1
Real faces/real_2834.png,0
Real faces/real_2203.png,0
Real faces/real_3445.png,0
Real faces/real_5826.png,0
Fake faces/fake_1732.png,1
Real faces/real_509.png,0
Real faces/real_4280.png,0
Fake faces/fake_4929.png,1
Fake faces/fake_2892.png,1
Fake faces/fake_7958.png,1
Real faces/real_8332.png,0
Real faces/real_7744.png,0
Fake faces/fake_1166.png,1
Fake faces/fake_355.png,1
Real faces/real_8914.png,0
Fake faces/fake_7956.png,1
Fake faces/fake_2486.png,1
Real faces/real_7302.png,0
Real faces/real_9415.png,0
Fake faces/fake_6096.png,1
Real faces/real_8364.png,0
Real faces/real_7672.png,0
Fake faces/fake_6015.png,1
Fake faces/fake_1123.png,1
Real faces/real_932.png,0
Fake faces/fake_6899.png,1
Fake faces/fake_1189.png,1
Fake faces/fake_2527.png,1
Fake faces/fake_5057.png,1
Real faces/real_3685.png,0
Real faces/real_3484.png,0
Fake faces/fake_1578.png,1
Fake faces/fake_7559.png,1
Fake faces/fake_4847.png,1
Real faces/real_6466.png,0
Fake faces/fake_8346.png,1
Real faces/real_3337.png,0
Real faces/real_1368.png,0
Fake faces/fake_225.png,1
Real faces/real_9511.png,0
Real faces/real_1547.png,0
Real faces/real_6051.png,0
Real faces/real_2584.png,0
Fake faces/fake_2475.png,1
Fake faces/fake_435.png,1
Real faces/real_9613.png,0
Real faces/real_7363.png,0
Real faces/real_1818.png,0
Fake faces/fake_9925.png,1
Fake faces/fake_1608.png,1
Real faces/real_353.png,0
Real faces/real_9068.png,0
Fake faces/fake_1947.png,1
Real faces/real_1082.png,0
Real faces/real_7969.png,0
Fake faces/fake_1681.png,1
Real faces/real_1935.png,0
Fake faces/fake_8915.png,1
Real faces/real_4899.png,0
Fake faces/fake_8791.png,1
Real faces/real_5657.png,0
Real faces/real_8766.png,0
Fake faces/fake_5709.png,1
Real faces/real_3991.png,0
Real faces/real_3447.png,0
Fake faces/fake_605.png,1
Real faces/real_7786.png,0
Fake faces/fake_2474.png,1
Real faces/real_8607.png,0
Fake faces/fake_8701.png,1
Fake faces/fake_4767.png,1
Fake faces/fake_4187.png,1
Fake faces/fake_1870.png,1
Real faces/real_2564.png,0
Real faces/real_2918.png,0
Real faces/real_4595.png,0
Real faces/real_5157.png,0
Real faces/real_5862.png,0
Fake faces/fake_2791.png,1
Real faces/real_5321.png,0
Real faces/real_8200.png,0
Fake faces/fake_8913.png,1
Fake faces/fake_7959.png,1
Fake faces/fake_9777.png,1
Fake faces/fake_4003.png,1
Real faces/real_5142.png,0
Real faces/real_6492.png,0
Real faces/real_4993.png,0
Real faces/real_5155.png,0
Fake faces/fake_5446.png,1
Fake faces/fake_4492.png,1
Real faces/real_2291.png,0
Fake faces/fake_6800.png,1
Fake faces/fake_8286.png,1
Real faces/real_3603.png,0
Real faces/real_5094.png,0
Real faces/real_7944.png,0
Real faces/real_8204.png,0
Fake faces/fake_5070.png,1
Fake faces/fake_5673.png,1
Fake faces/fake_6896.png,1
Real faces/real_1659.png,0
Fake faces/fake_9574.png,1
Fake faces/fake_8466.png,1
Fake faces/fake_594.png,1
Real faces/real_842.png,0
Real faces/real_2977.png,0
Real faces/real_4026.png,0
Fake faces/fake_2882.png,1
Real faces/real_5748.png,0
Real faces/real_2091.png,0
Real faces/real_6753.png,0
Real faces/real_7615.png,0
Real faces/real_3063.png,0
Fake faces/fake_7575.png,1
Real faces/real_6778.png,0
Real faces/real_9905.png,0
Fake faces/fake_926.png,1
Fake faces/fake_9700.png,1
Fake faces/fake_966.png,1
Real faces/real_2633.png,0
Fake faces/fake_4538.png,1
Real faces/real_9634.png,0
Real faces/real_7217.png,0
Real faces/real_7405.png,0
Fake faces/fake_5691.png,1
Real faces/real_4100.png,0
Real faces/real_1236.png,0
Real faces/real_2900.png,0
Fake faces/fake_4858.png,1
Fake faces/fake_1377.png,1
Real faces/real_14.png,0
Real faces/real_5652.png,0
Real faces/real_4778.png,0
Real faces/real_2792.png,0
Real faces/real_2927.png,0
Fake faces/fake_8317.png,1
Real faces/real_6551.png,0
Real faces/real_9313.png,0
Real faces/real_6506.png,0
Real faces/real_6950.png,0
Fake faces/fake_3317.png,1
Fake faces/fake_1232.png,1
Fake faces/fake_1418.png,1
Fake faces/fake_6008.png,1
Real faces/real_2606.png,0
Real faces/real_2858.png,0
Real faces/real_6844.png,0
Fake faces/fake_2160.png,1
Fake faces/fake_3790.png,1
Real faces/real_5.png,0
Fake faces/fake_3323.png,1
Real faces/real_5012.png,0
Fake faces/fake_8420.png,1
Fake faces/fake_1914.png,1
Real faces/real_7153.png,0
Fake faces/fake_9902.png,1
Fake faces/fake_209.png,1
Fake faces/fake_2123.png,1
Fake faces/fake_443.png,1
Real faces/real_7916.png,0
Fake faces/fake_5704.png,1
Fake faces/fake_8324.png,1
Fake faces/fake_2914.png,1
Real faces/real_3362.png,0
Fake faces/fake_7465.png,1
Real faces/real_1938.png,0
Real faces/real_7901.png,0
Fake faces/fake_3768.png,1
Real faces/real_5848.png,0
Real faces/real_4870.png,0
Real faces/real_3877.png,0
Fake faces/fake_8107.png,1
Fake faces/fake_3553.png,1
Fake faces/fake_7403.png,1
Real faces/real_2884.png,0
Real faces/real_3714.png,0
Fake faces/fake_5507.png,1
Real faces/real_3480.png,0
Fake faces/fake_9631.png,1
Real faces/real_5069.png,0
Fake faces/fake_2249.png,1
Real faces/real_3027.png,0
Fake faces/fake_4182.png,1
Fake faces/fake_6356.png,1
Real faces/real_9983.png,0
Fake faces/fake_5273.png,1
Fake faces/fake_9133.png,1
Fake faces/fake_9316.png,1
Real faces/real_6097.png,0
Real faces/real_5465.png,0
Real faces/real_7613.png,0
Real faces/real_4705.png,0
Fake faces/fake_7587.png,1
Real faces/real_6489.png,0
Real faces/real_568.png,0
Fake faces/fake_1327.png,1
Fake faces/fake_2094.png,1
Real faces/real_5887.png,0
Fake faces/fake_4055.png,1
Fake faces/fake_2719.png,1
Fake faces/fake_5264.png,1
Fake faces/fake_6311.png,1
Fake faces/fake_3373.png,1
Real faces/real_4715.png,0
Fake faces/fake_8887.png,1
Fake faces/fake_9242.png,1
Real faces/real_2333.png,0
Real faces/real_2455.png,0
Fake faces/fake_467.png,1
Fake faces/fake_9402.png,1
Fake faces/fake_52.png,1
Real faces/real_2525.png,0
Real faces/real_1684.png,0
Real faces/real_9224.png,0
Fake faces/fake_9919.png,1
Real faces/real_5496.png,0
Real faces/real_5535.png,0
Fake faces/fake_6697.png,1
Real faces/real_4454.png,0
Fake faces/fake_4553.png,1
Real faces/real_9210.png,0
Fake faces/fake_8521.png,1
Real faces/real_8559.png,0
Fake faces/fake_585.png,1
Fake faces/fake_1595.png,1
Fake faces/fake_5610.png,1
Real faces/real_2613.png,0
Fake faces/fake_9300.png,1
Real faces/real_9876.png,0
Fake faces/fake_6091.png,1
Real faces/real_5364.png,0
Fake faces/fake_8778.png,1
Real faces/real_1991.png,0
Fake faces/fake_219.png,1
Real faces/real_3946.png,0
Real faces/real_1575.png,0
Real faces/real_1583.png,0
Real faces/real_1520.png,0
Fake faces/fake_7041.png,1
Real faces/real_1617.png,0
Real faces/real_491.png,0
Real faces/real_3929.png,0
Fake faces/fake_5040.png,1
Real faces/real_8262.png,0
Real faces/real_4446.png,0
Real faces/real_1330.png,0
Real faces/real_5416.png,0
Real faces/real_8591.png,0
Real faces/real_6077.png,0
Fake faces/fake_4977.png,1
Fake faces/fake_9821.png,1
Real faces/real_5058.png,0
Real faces/real_3582.png,0
Real faces/real_6392.png,0
Fake faces/fake_1919.png,1
Fake faces/fake_1988.png,1
Real faces/real_2318.png,0
Fake faces/fake_3528.png,1
Real faces/real_405.png,0
Real faces/real_219.png,0
Real faces/real_4123.png,0
Fake faces/fake_2836.png,1
Real faces/real_9717.png,0
Fake faces/fake_4579.png,1
Fake faces/fake_3698.png,1
Real faces/real_2037.png,0
Real faces/real_1022.png,0
Fake faces/fake_8976.png,1
Fake faces/fake_4375.png,1
Fake faces/fake_9876.png,1
Real faces/real_266.png,0
Fake faces/fake_9434.png,1
Fake faces/fake_8092.png,1
Fake faces/fake_9781.png,1
Real faces/real_3827.png,0
Fake faces/fake_1362.png,1
Real faces/real_6180.png,0
Real faces/real_9070.png,0
Fake faces/fake_8974.png,1
Real faces/real_2742.png,0
Real faces/real_4665.png,0
Fake faces/fake_4856.png,1
Real faces/real_1263.png,0
Fake faces/fake_6551.png,1
Real faces/real_3584.png,0
Real faces/real_8913.png,0
Real faces/real_7955.png,0
Fake faces/fake_1248.png,1
Fake faces/fake_4598.png,1
Real faces/real_4762.png,0
Fake faces/fake_9887.png,1
Real faces/real_1668.png,0
Fake faces/fake_5963.png,1
Fake faces/fake_3652.png,1
Fake faces/fake_3716.png,1
Fake faces/fake_3577.png,1
Fake faces/fake_4477.png,1
Fake faces/fake_3479.png,1
Fake faces/fake_3784.png,1
Real faces/real_7558.png,0
Fake faces/fake_7779.png,1
Real faces/real_3833.png,0
Real faces/real_7048.png,0
Fake faces/fake_9262.png,1
Real faces/real_4708.png,0
Fake faces/fake_284.png,1
Real faces/real_8574.png,0
Real faces/real_5440.png,0
Real faces/real_8763.png,0
Real faces/real_5963.png,0
Fake faces/fake_131.png,1
Fake faces/fake_3095.png,1
Real faces/real_8951.png,0
Fake faces/fake_2008.png,1
Fake faces/fake_5768.png,1
Real faces/real_758.png,0
Fake faces/fake_8417.png,1
Real faces/real_7307.png,0
Fake faces/fake_4178.png,1
Fake faces/fake_6038.png,1
Real faces/real_3592.png,0
Fake faces/fake_5345.png,1
Fake faces/fake_5563.png,1
Fake faces/fake_7050.png,1
Fake faces/fake_3872.png,1
Fake faces/fake_5267.png,1
Real faces/real_5088.png,0
Fake faces/fake_816.png,1
Real faces/real_5617.png,0
Real faces/real_7551.png,0
Real faces/real_895.png,0
Fake faces/fake_41.png,1
Real faces/real_8667.png,0
Fake faces/fake_990.png,1
Real faces/real_1225.png,0
Fake faces/fake_3190.png,1
Fake faces/fake_1454.png,1
Real faces/real_3333.png,0
Real faces/real_4754.png,0
Real faces/real_3619.png,0
Fake faces/fake_6433.png,1
Fake faces/fake_3484.png,1
Fake faces/fake_8833.png,1
Fake faces/fake_9984.png,1
Real faces/real_6526.png,0
Fake faces/fake_5181.png,1
Real faces/real_4860.png,0
Fake faces/fake_1140.png,1
Fake faces/fake_654.png,1
Real faces/real_8390.png,0
Real faces/real_2222.png,0
Real faces/real_4679.png,0
Real faces/real_8486.png,0
Real faces/real_3796.png,0
Real faces/real_2227.png,0
Fake faces/fake_4387.png,1
Real faces/real_945.png,0
Real faces/real_1274.png,0
Real faces/real_4464.png,0
Fake faces/fake_4656.png,1
Fake faces/fake_146.png,1
Fake faces/fake_9567.png,1
Real faces/real_9165.png,0
Fake faces/fake_2218.png,1
Fake faces/fake_4188.png,1
Fake faces/fake_8295.png,1
Fake faces/fake_772.png,1
Fake faces/fake_6072.png,1
Fake faces/fake_921.png,1
Real faces/real_6649.png,0
Fake faces/fake_8581.png,1
Real faces/real_8076.png,0
Fake faces/fake_9911.png,1
Real faces/real_2788.png,0
Real faces/real_4901.png,0
Real faces/real_1180.png,0
Real faces/real_9262.png,0
Fake faces/fake_3777.png,1
Real faces/real_6497.png,0
Real faces/real_6887.png,0
Real faces/real_5422.png,0
Real faces/real_3493.png,0
Fake faces/fake_7463.png,1
Real faces/real_1459.png,0
Real faces/real_6455.png,0
Real faces/real_7247.png,0
Real faces/real_5358.png,0
Fake faces/fake_4421.png,1
Fake faces/fake_2681.png,1
Real faces/real_6700.png,0
Fake faces/fake_8152.png,1
Fake faces/fake_7844.png,1
Fake faces/fake_7631.png,1
Real faces/real_1586.png,0
Real faces/real_1395.png,0
Fake faces/fake_2849.png,1
Real faces/real_9868.png,0
Real faces/real_3889.png,0
Fake faces/fake_74.png,1
Fake faces/fake_1795.png,1
Fake faces/fake_6783.png,1
Real faces/real_5620.png,0
Fake faces/fake_5907.png,1
Real faces/real_4851.png,0
Fake faces/fake_8499.png,1
Fake faces/fake_342.png,1
Fake faces/fake_4564.png,1
Fake faces/fake_5670.png,1
Fake faces/fake_1242.png,1
Real faces/real_4849.png,0
Real faces/real_3299.png,0
Fake faces/fake_8307.png,1
Fake faces/fake_4980.png,1
Real faces/real_7330.png,0
Real faces/real_9102.png,0
Fake faces/fake_7530.png,1
Fake faces/fake_6833.png,1
Real faces/real_3032.png,0
Real faces/real_3903.png,0
Real faces/real_2094.png,0
Real faces/real_4469.png,0
Real faces/real_2182.png,0
Fake faces/fake_4968.png,1
Real faces/real_4459.png,0
Fake faces/fake_1751.png,1
Real faces/real_7733.png,0
Fake faces/fake_4456.png,1
Real faces/real_1829.png,0
Real faces/real_9061.png,0
Fake faces/fake_1960.png,1
Real faces/real_4785.png,0
Fake faces/fake_1549.png,1
Real faces/real_6066.png,0
Real faces/real_7946.png,0
Real faces/real_2245.png,0
Real faces/real_1484.png,0
Real faces/real_4545.png,0
Fake faces/fake_1594.png,1
Fake faces/fake_1645.png,1
Real faces/real_3647.png,0
Real faces/real_4929.png,0
Real faces/real_5504.png,0
Fake faces/fake_8897.png,1
Fake faces/fake_7585.png,1
Fake faces/fake_7957.png,1
Real faces/real_3831.png,0
Fake faces/fake_7599.png,1
Fake faces/fake_3761.png,1
Real faces/real_6714.png,0
Fake faces/fake_5522.png,1
Real faces/real_6983.png,0
Fake faces/fake_4528.png,1
Real faces/real_4915.png,0
Fake faces/fake_7552.png,1
Fake faces/fake_485.png,1
Fake faces/fake_3676.png,1
Real faces/real_7278.png,0
Real faces/real_9645.png,0
Real faces/real_468.png,0
Real faces/real_27.png,0
Fake faces/fake_6996.png,1
Fake faces/fake_3225.png,1
Real faces/real_4147.png,0
Fake faces/fake_1615.png,1
Real faces/real_805.png,0
Fake faces/fake_2004.png,1
Fake faces/fake_8552.png,1
Fake faces/fake_5748.png,1
Fake faces/fake_7136.png,1
Real faces/real_7541.png,0
Fake faces/fake_2985.png,1
Real faces/real_1143.png,0
Fake faces/fake_9157.png,1
Real faces/real_2737.png,0
Fake faces/fake_5067.png,1
Fake faces/fake_3629.png,1
Real faces/real_7100.png,0
Fake faces/fake_7900.png,1
Real faces/real_8019.png,0
Real faces/real_6750.png,0
Real faces/real_8902.png,0
Real faces/real_8492.png,0
Real faces/real_7749.png,0
Fake faces/fake_6911.png,1
Fake faces/fake_4333.png,1
Real faces/real_7152.png,0
Fake faces/fake_3511.png,1
Real faces/real_3742.png,0
Real faces/real_83.png,0
Fake faces/fake_2150.png,1
Real faces/real_925.png,0
Fake faces/fake_4310.png,1
Fake faces/fake_7227.png,1
Fake faces/fake_9269.png,1
Fake faces/fake_3078.png,1
Real faces/real_8870.png,0
Fake faces/fake_5117.png,1
Fake faces/fake_5338.png,1
Fake faces/fake_3697.png,1
Real faces/real_2536.png,0
Real faces/real_8692.png,0
Fake faces/fake_3207.png,1
Real faces/real_8639.png,0
Real faces/real_8037.png,0
Fake faces/fake_3037.png,1
Fake faces/fake_2964.png,1
Fake faces/fake_6212.png,1
Real faces/real_2798.png,0
Fake faces/fake_8660.png,1
Fake faces/fake_1664.png,1
Fake faces/fake_3833.png,1
Fake faces/fake_22.png,1
Real faces/real_7068.png,0
Fake faces/fake_3276.png,1
Real faces/real_9892.png,0
Real faces/real_5595.png,0
Fake faces/fake_8655.png,1
Real faces/real_2324.png,0
Fake faces/fake_8770.png,1
Fake faces/fake_8768.png,1
Real faces/real_4863.png,0
Fake faces/fake_9336.png,1
Real faces/real_8229.png,0
Fake faces/fake_8396.png,1
Real faces/real_5441.png,0
Fake faces/fake_2122.png,1
Real faces/real_6252.png,0
Real faces/real_5341.png,0
Real faces/real_3730.png,0
Real faces/real_8866.png,0
Fake faces/fake_8968.png,1
Real faces/real_8267.png,0
Fake faces/fake_4619.png,1
Fake faces/fake_6738.png,1
Fake faces/fake_9898.png,1
Real faces/real_8034.png,0
Real faces/real_6824.png,0
Fake faces/fake_2952.png,1
Fake faces/fake_7794.png,1
Fake faces/fake_1018.png,1
Fake faces/fake_8026.png,1
Real faces/real_4502.png,0
Real faces/real_3980.png,0
Real faces/real_9532.png,0
Fake faces/fake_5570.png,1
Real faces/real_2163.png,0
Fake faces/fake_7439.png,1
Real faces/real_2896.png,0
Fake faces/fake_1376.png,1
Fake faces/fake_3755.png,1
Fake faces/fake_4164.png,1
Fake faces/fake_9368.png,1
Fake faces/fake_116.png,1
Fake faces/fake_6820.png,1
Fake faces/fake_7727.png,1
Real faces/real_875.png,0
Fake faces/fake_4047.png,1
Fake faces/fake_5957.png,1
Real faces/real_8523.png,0
Real faces/real_9015.png,0
Fake faces/fake_8355.png,1
Fake faces/fake_7898.png,1
Real faces/real_4369.png,0
Real faces/real_3021.png,0
Real faces/real_8955.png,0
Fake faces/fake_5793.png,1
Real faces/real_6817.png,0
Fake faces/fake_5035.png,1
Fake faces/fake_9388.png,1
Real faces/real_1047.png,0
Real faces/real_6933.png,0
Fake faces/fake_3717.png,1
Fake faces/fake_9236.png,1
Fake faces/fake_2574.png,1
Real faces/real_9153.png,0
Real faces/real_4353.png,0
Fake faces/fake_693.png,1
Real faces/real_794.png,0
Real faces/real_3745.png,0
Real faces/real_7723.png,0
Fake faces/fake_9548.png,1
Real faces/real_2802.png,0
Fake faces/fake_9959.png,1
Fake faces/fake_4030.png,1
Fake faces/fake_6805.png,1
Fake faces/fake_3038.png,1
Fake faces/fake_2325.png,1
Real faces/real_2194.png,0
Real faces/real_8299.png,0
Fake faces/fake_7308.png,1
Real faces/real_3042.png,0
Fake faces/fake_9474.png,1
Real faces/real_1043.png,0
Fake faces/fake_8747.png,1
Real faces/real_1676.png,0
Real faces/real_8821.png,0
Real faces/real_6834.png,0
Fake faces/fake_4905.png,1
Real faces/real_4278.png,0
Real faces/real_3835.png,0
Real faces/real_1880.png,0
Fake faces/fake_254.png,1
Real faces/real_6725.png,0
Real faces/real_5025.png,0
Fake faces/fake_6110.png,1
Real faces/real_1775.png,0
Fake faces/fake_3475.png,1
Fake faces/fake_3992.png,1
Fake faces/fake_2307.png,1
Real faces/real_7814.png,0
Real faces/real_8588.png,0
Fake faces/fake_5980.png,1
Real faces/real_5942.png,0
Real faces/real_2692.png,0
Real faces/real_9653.png,0
Real faces/real_7884.png,0
Fake faces/fake_4219.png,1
Real faces/real_7751.png,0
Fake faces/fake_6534.png,1
Fake faces/fake_3714.png,1
Fake faces/fake_8980.png,1
Real faces/real_199.png,0
Real faces/real_4397.png,0
Fake faces/fake_5503.png,1
Real faces/real_554.png,0
Real faces/real_7359.png,0
Real faces/real_345.png,0
Fake faces/fake_3024.png,1
Fake faces/fake_9305.png,1
Fake faces/fake_6603.png,1
Real faces/real_4176.png,0
Real faces/real_2236.png,0
Real faces/real_7408.png,0
Real faces/real_6151.png,0
Real faces/real_5843.png,0
Real faces/real_580.png,0
Real faces/real_2154.png,0
Real faces/real_6325.png,0
Real faces/real_5339.png,0
Fake faces/fake_5197.png,1
Real faces/real_1791.png,0
Real faces/real_3692.png,0
Real faces/real_8517.png,0
Real faces/real_831.png,0
Real faces/real_9132.png,0
Fake faces/fake_6734.png,1
Fake faces/fake_5460.png,1
Fake faces/fake_7184.png,1
Real faces/real_9387.png,0
Real faces/real_2453.png,0
Fake faces/fake_3917.png,1
Fake faces/fake_6036.png,1
Real faces/real_8192.png,0
Real faces/real_360.png,0
Real faces/real_5007.png,0
Real faces/real_7182.png,0
Fake faces/fake_6432.png,1
Real faces/real_289.png,0
Fake faces/fake_2463.png,1
Real faces/real_2375.png,0
Fake faces/fake_599.png,1
Real faces/real_2055.png,0
Fake faces/fake_1404.png,1
Fake faces/fake_7879.png,1
Real faces/real_5082.png,0
Fake faces/fake_9049.png,1
Fake faces/fake_8148.png,1
Real faces/real_5725.png,0
Fake faces/fake_2975.png,1
Real faces/real_6867.png,0
Real faces/real_8295.png,0
Fake faces/fake_7027.png,1
Real faces/real_9985.png,0
Fake faces/fake_3213.png,1
Real faces/real_5386.png,0
Fake faces/fake_4898.png,1
Real faces/real_5575.png,0
Real faces/real_4560.png,0
Fake faces/fake_2503.png,1
Fake faces/fake_1293.png,1
Real faces/real_7317.png,0
Fake faces/fake_1160.png,1
Real faces/real_6534.png,0
Fake faces/fake_8509.png,1
Real faces/real_7150.png,0
Fake faces/fake_7516.png,1
Real faces/real_6355.png,0
Real faces/real_5278.png,0
Fake faces/fake_8041.png,1
Fake faces/fake_1154.png,1
Real faces/real_9443.png,0
Real faces/real_5133.png,0
Fake faces/fake_2148.png,1
Real faces/real_3108.png,0
Real faces/real_6388.png,0
Real faces/real_863.png,0
Real faces/real_3254.png,0
Fake faces/fake_9257.png,1
Fake faces/fake_756.png,1
Real faces/real_9478.png,0
Real faces/real_1508.png,0
Real faces/real_2872.png,0
Fake faces/fake_4239.png,1
Fake faces/fake_7704.png,1
Fake faces/fake_3112.png,1
Real faces/real_8379.png,0
Real faces/real_6011.png,0
Real faces/real_6556.png,0
Real faces/real_4124.png,0
Real faces/real_3438.png,0
Fake faces/fake_7847.png,1
Fake faces/fake_9803.png,1
Fake faces/fake_4307.png,1
Real faces/real_4216.png,0
Real faces/real_6545.png,0
Fake faces/fake_2904.png,1
Real faces/real_5375.png,0
Fake faces/fake_3466.png,1
Real faces/real_5613.png,0
Real faces/real_2734.png,0
Fake faces/fake_4294.png,1
Real faces/real_674.png,0
Real faces/real_1711.png,0
Fake faces/fake_3205.png,1
Fake faces/fake_750.png,1
Real faces/real_7625.png,0
Real faces/real_4789.png,0
Real faces/real_8776.png,0
Fake faces/fake_6646.png,1
Real faces/real_2899.png,0
Real faces/real_4035.png,0
Fake faces/fake_7047.png,1
Real faces/real_4990.png,0
Fake faces/fake_9564.png,1
Fake faces/fake_4544.png,1
Real faces/real_4257.png,0
Real faces/real_6904.png,0
Real faces/real_5473.png,0
Fake faces/fake_2704.png,1
Fake faces/fake_5984.png,1
Fake faces/fake_7837.png,1
Real faces/real_1254.png,0
Fake faces/fake_5340.png,1
Fake faces/fake_9855.png,1
Fake faces/fake_8571.png,1
Fake faces/fake_101.png,1
Real faces/real_2122.png,0
Real faces/real_2673.png,0
Fake faces/fake_6014.png,1
Fake faces/fake_1042.png,1
Real faces/real_6118.png,0
Real faces/real_3953.png,0
Real faces/real_1516.png,0
Fake faces/fake_3425.png,1
Real faces/real_3611.png,0
Real faces/real_791.png,0
Real faces/real_7071.png,0
Real faces/real_1865.png,0
Real faces/real_6064.png,0
Real faces/real_337.png,0
Fake faces/fake_5692.png,1
Real faces/real_9419.png,0
Real faces/real_2344.png,0
Real faces/real_4004.png,0
Fake faces/fake_3310.png,1
Fake faces/fake_9597.png,1
Fake faces/fake_936.png,1
Fake faces/fake_3837.png,1
Real faces/real_5706.png,0
Real faces/real_8939.png,0
Real faces/real_8131.png,0
Fake faces/fake_9493.png,1
Real faces/real_6868.png,0
Fake faces/fake_7412.png,1
Real faces/real_6832.png,0
Fake faces/fake_3502.png,1
Fake faces/fake_3539.png,1
Fake faces/fake_2999.png,1
Fake faces/fake_3556.png,1
Real faces/real_33.png,0
Real faces/real_1076.png,0
Real faces/real_311.png,0
Fake faces/fake_1812.png,1
Fake faces/fake_3400.png,1
Real faces/real_9192.png,0
Fake faces/fake_7511.png,1
Real faces/real_5399.png,0
Real faces/real_9954.png,0
Real faces/real_9831.png,0
Fake faces/fake_4044.png,1
Fake faces/fake_4362.png,1
Fake faces/fake_7310.png,1
Real faces/real_239.png,0
Real faces/real_5158.png,0
Fake faces/fake_6293.png,1
Real faces/real_472.png,0
Fake faces/fake_7660.png,1
Fake faces/fake_2088.png,1
Real faces/real_5886.png,0
Fake faces/fake_7120.png,1
Real faces/real_5270.png,0
Real faces/real_1745.png,0
Fake faces/fake_5635.png,1
Fake faces/fake_6034.png,1
Real faces/real_4256.png,0
Real faces/real_5280.png,0
Fake faces/fake_7637.png,1
Fake faces/fake_7894.png,1
Fake faces/fake_5778.png,1
Real faces/real_1024.png,0
Real faces/real_4718.png,0
Fake faces/fake_3056.png,1
Fake faces/fake_4832.png,1
Real faces/real_2906.png,0
Fake faces/fake_8920.png,1
Fake faces/fake_3348.png,1
Fake faces/fake_5744.png,1
Real faces/real_1703.png,0
Fake faces/fake_5591.png,1
Real faces/real_6348.png,0
Real faces/real_3743.png,0
Real faces/real_7696.png,0
Real faces/real_8541.png,0
Fake faces/fake_1836.png,1
Real faces/real_9054.png,0
Fake faces/fake_2943.png,1
Real faces/real_4203.png,0
Fake faces/fake_7546.png,1
Fake faces/fake_1833.png,1
Fake faces/fake_1051.png,1
Real faces/real_6803.png,0
Fake faces/fake_8250.png,1
Real faces/real_8396.png,0
Real faces/real_8805.png,0
Fake faces/fake_8960.png,1
Fake faces/fake_8430.png,1
Fake faces/fake_7929.png,1
Real faces/real_9397.png,0
Real faces/real_6723.png,0
Fake faces/fake_1111.png,1
Fake faces/fake_7171.png,1
Real faces/real_2357.png,0
Real faces/real_4664.png,0
Real faces/real_8237.png,0
Fake faces/fake_920.png,1
Fake faces/fake_7776.png,1
Real faces/real_4127.png,0
Real faces/real_7462.png,0
Fake faces/fake_3287.png,1
Fake faces/fake_5628.png,1
Real faces/real_5707.png,0
Real faces/real_9406.png,0
Fake faces/fake_3215.png,1
Real faces/real_2124.png,0
Fake faces/fake_7761.png,1
Real faces/real_5659.png,0
Real faces/real_6958.png,0
Real faces/real_3976.png,0
Real faces/real_732.png,0
Fake faces/fake_7036.png,1
Real faces/real_5196.png,0
Fake faces/fake_6317.png,1
Real faces/real_3763.png,0
Real faces/real_79.png,0
Real faces/real_4561.png,0
Real faces/real_2331.png,0
Real faces/real_4506.png,0
Fake faces/fake_711.png,1
Real faces/real_333.png,0
Fake faces/fake_9540.png,1
Real faces/real_5180.png,0
Fake faces/fake_4470.png,1
Fake faces/fake_1125.png,1
Fake faces/fake_395.png,1
Fake faces/fake_2093.png,1
Fake faces/fake_9265.png,1
Real faces/real_2188.png,0
Fake faces/fake_1562.png,1
Real faces/real_9955.png,0
Fake faces/fake_9007.png,1
Real faces/real_6177.png,0
Fake faces/fake_591.png,1
Fake faces/fake_4068.png,1
Real faces/real_9245.png,0
Real faces/real_4289.png,0
Fake faces/fake_8038.png,1
Fake faces/fake_2086.png,1
Fake faces/fake_8384.png,1
Fake faces/fake_7135.png,1
Real faces/real_5400.png,0
Real faces/real_214.png,0
Fake faces/fake_7899.png,1
Fake faces/fake_4805.png,1
Fake faces/fake_4772.png,1
Fake faces/fake_1701.png,1
Fake faces/fake_3979.png,1
Fake faces/fake_452.png,1
Real faces/real_3154.png,0
Real faces/real_8198.png,0
Real faces/real_8765.png,0
Real faces/real_5049.png,0
Real faces/real_106.png,0
Real faces/real_8440.png,0
Fake faces/fake_7934.png,1
Real faces/real_3404.png,0
Real faces/real_5639.png,0
Real faces/real_7474.png,0
Real faces/real_8284.png,0
Real faces/real_6602.png,0
Real faces/real_6525.png,0
Real faces/real_7802.png,0
Real faces/real_6387.png,0
Fake faces/fake_8917.png,1
Real faces/real_5096.png,0
Fake faces/fake_7918.png,1
Fake faces/fake_577.png,1
Real faces/real_1528.png,0
Fake faces/fake_3756.png,1
Real faces/real_6946.png,0
Real faces/real_965.png,0
Real faces/real_9450.png,0
Real faces/real_1662.png,0
Real faces/real_455.png,0
Fake faces/fake_130.png,1
Real faces/real_8482.png,0
Fake faces/fake_4797.png,1
Fake faces/fake_9499.png,1
Real faces/real_6815.png,0
Fake faces/fake_4050.png,1
Real faces/real_8885.png,0
Fake faces/fake_2413.png,1
Fake faces/fake_842.png,1
Fake faces/fake_1216.png,1
Fake faces/fake_4272.png,1
Fake faces/fake_8888.png,1
Fake faces/fake_8751.png,1
Fake faces/fake_2842.png,1
Real faces/real_9647.png,0
Real faces/real_8842.png,0
Fake faces/fake_2846.png,1
Fake faces/fake_950.png,1
Real faces/real_6729.png,0
Fake faces/fake_5950.png,1
Fake faces/fake_5235.png,1
Real faces/real_3646.png,0
Fake faces/fake_7106.png,1
Fake faces/fake_6270.png,1
Real faces/real_9167.png,0
Real faces/real_173.png,0
Fake faces/fake_9883.png,1
Real faces/real_335.png,0
Real faces/real_5151.png,0
Real faces/real_9295.png,0
Fake faces/fake_8301.png,1
Fake faces/fake_3591.png,1
Real faces/real_1526.png,0
Real faces/real_399.png,0
Fake faces/fake_2000.png,1
Real faces/real_5388.png,0
Real faces/real_749.png,0
Real faces/real_611.png,0
Fake faces/fake_6637.png,1
Fake faces/fake_8617.png,1
Real faces/real_7070.png,0
Fake faces/fake_6010.png,1
Real faces/real_6688.png,0
Real faces/real_9976.png,0
Real faces/real_5175.png,0
Fake faces/fake_353.png,1
Fake faces/fake_6415.png,1
Real faces/real_3087.png,0
Fake faces/fake_3578.png,1
Fake faces/fake_2174.png,1
Fake faces/fake_607.png,1
Real faces/real_3187.png,0
Fake faces/fake_3881.png,1
Real faces/real_2030.png,0
Real faces/real_7486.png,0
Real faces/real_245.png,0
Fake faces/fake_2090.png,1
Fake faces/fake_4105.png,1
Fake faces/fake_568.png,1
Fake faces/fake_4764.png,1
Fake faces/fake_5873.png,1
Fake faces/fake_9936.png,1
Fake faces/fake_4580.png,1
Fake faces/fake_9352.png,1
Fake faces/fake_1270.png,1
Fake faces/fake_4062.png,1
Real faces/real_3736.png,0
Fake faces/fake_3444.png,1
Real faces/real_8088.png,0
Fake faces/fake_2570.png,1
Fake faces/fake_4430.png,1
Real faces/real_9853.png,0
Fake faces/fake_8209.png,1
Real faces/real_1562.png,0
Fake faces/fake_3780.png,1
Fake faces/fake_5161.png,1
Fake faces/fake_1962.png,1
Real faces/real_5623.png,0
Fake faces/fake_2823.png,1
Real faces/real_8452.png,0
Real faces/real_6699.png,0
Real faces/real_2755.png,0
Real faces/real_3212.png,0
Real faces/real_2694.png,0
Fake faces/fake_2841.png,1
Fake faces/fake_9934.png,1
Fake faces/fake_2591.png,1
Fake faces/fake_9774.png,1
Fake faces/fake_939.png,1
Real faces/real_4721.png,0
Fake faces/fake_5530.png,1
Fake faces/fake_4529.png,1
Fake faces/fake_8506.png,1
Fake faces/fake_9603.png,1
Real faces/real_5965.png,0
Fake faces/fake_7696.png,1
Fake faces/fake_1057.png,1
Real faces/real_62.png,0
Fake faces/fake_4573.png,1
Fake faces/fake_4936.png,1
Real faces/real_4096.png,0
Real faces/real_6459.png,0
Real faces/real_2213.png,0
Real faces/real_7163.png,0
Fake faces/fake_6130.png,1
Real faces/real_3336.png,0
Real faces/real_6930.png,0
Fake faces/fake_8364.png,1
Real faces/real_2348.png,0
Fake faces/fake_9943.png,1
Fake faces/fake_9727.png,1
Fake faces/fake_37.png,1
Fake faces/fake_4288.png,1
Real faces/real_5146.png,0
Real faces/real_8819.png,0
Fake faces/fake_4952.png,1
Fake faces/fake_739.png,1
Fake faces/fake_5050.png,1
Fake faces/fake_6876.png,1
Fake faces/fake_9904.png,1
Fake faces/fake_4232.png,1
Fake faces/fake_8503.png,1
Fake faces/fake_4281.png,1
Fake faces/fake_3025.png,1
Real faces/real_8709.png,0
Fake faces/fake_8198.png,1
Real faces/real_8694.png,0
Real faces/real_2683.png,0
Fake faces/fake_2427.png,1
Real faces/real_8796.png,0
Fake faces/fake_6115.png,1
Fake faces/fake_5413.png,1
Real faces/real_4422.png,0
Fake faces/fake_4091.png,1
Real faces/real_2679.png,0
Fake faces/fake_3851.png,1
Fake faces/fake_6423.png,1
Real faces/real_7771.png,0
Fake faces/fake_3802.png,1
Real faces/real_1521.png,0
Fake faces/fake_9098.png,1
Real faces/real_7682.png,0
Real faces/real_5030.png,0
Fake faces/fake_7796.png,1
Fake faces/fake_1484.png,1
Fake faces/fake_1090.png,1
Real faces/real_2527.png,0
Fake faces/fake_848.png,1
Real faces/real_3591.png,0
Fake faces/fake_3436.png,1
Fake faces/fake_4248.png,1
Real faces/real_3905.png,0
Fake faces/fake_6451.png,1
Fake faces/fake_6088.png,1
Real faces/real_1675.png,0
Fake faces/fake_8805.png,1
Fake faces/fake_9137.png,1
Fake faces/fake_9730.png,1
Real faces/real_9226.png,0
Real faces/real_2056.png,0
Fake faces/fake_4712.png,1
Fake faces/fake_13.png,1
Real faces/real_2304.png,0
Fake faces/fake_152.png,1
Real faces/real_4553.png,0
Fake faces/fake_4175.png,1
Real faces/real_7120.png,0
Fake faces/fake_7409.png,1
Fake faces/fake_3518.png,1
Real faces/real_9844.png,0
Fake faces/fake_448.png,1
Real faces/real_9785.png,0
Real faces/real_5346.png,0
Fake faces/fake_6236.png,1
Fake faces/fake_1486.png,1
Real faces/real_5361.png,0
Real faces/real_5284.png,0
Fake faces/fake_5826.png,1
Real faces/real_1896.png,0
Fake faces/fake_4750.png,1
Real faces/real_8810.png,0
Real faces/real_4429.png,0
Fake faces/fake_4236.png,1
Fake faces/fake_1364.png,1
Fake faces/fake_4690.png,1
Real faces/real_3774.png,0
Fake faces/fake_9071.png,1
Real faces/real_3316.png,0
Real faces/real_8132.png,0
Fake faces/fake_5619.png,1
Real faces/real_5291.png,0
Fake faces/fake_3988.png,1
Fake faces/fake_2369.png,1
Fake faces/fake_3189.png,1
Fake faces/fake_2500.png,1
Fake faces/fake_8426.png,1
Real faces/real_4221.png,0
Fake faces/fake_2363.png,1
Fake faces/fake_7359.png,1
Real faces/real_4424.png,0
Real faces/real_8455.png,0
Fake faces/fake_847.png,1
Fake faces/fake_6932.png,1
Real faces/real_1615.png,0
Fake faces/fake_1422.png,1
Real faces/real_8470.png,0
Real faces/real_3973.png,0
Fake faces/fake_2330.png,1
Real faces/real_5567.png,0
Fake faces/fake_1215.png,1
Real faces/real_1598.png,0
Fake faces/fake_1758.png,1
Fake faces/fake_9584.png,1
Real faces/real_1803.png,0
Fake faces/fake_1037.png,1
Fake faces/fake_9212.png,1
Fake faces/fake_1043.png,1
Real faces/real_9946.png,0
Fake faces/fake_3700.png,1
Real faces/real_7015.png,0
Real faces/real_8850.png,0
Real faces/real_7202.png,0
Real faces/real_1732.png,0
Fake faces/fake_9363.png,1
Real faces/real_772.png,0
Real faces/real_8599.png,0
Fake faces/fake_2768.png,1
Fake faces/fake_6073.png,1
Real faces/real_2332.png,0
Fake faces/fake_8109.png,1
Fake faces/fake_3685.png,1
Real faces/real_6443.png,0
Real faces/real_394.png,0
Fake faces/fake_7052.png,1
Real faces/real_3427.png,0
Fake faces/fake_5341.png,1
Real faces/real_2595.png,0
Fake faces/fake_7176.png,1
Real faces/real_4948.png,0
Real faces/real_5125.png,0
Fake faces/fake_8199.png,1
Real faces/real_6919.png,0
Fake faces/fake_2235.png,1
Fake faces/fake_3983.png,1
Fake faces/fake_6094.png,1
Fake faces/fake_7523.png,1
Real faces/real_7592.png,0
Real faces/real_8868.png,0
Real faces/real_5717.png,0
Fake faces/fake_8682.png,1
Real faces/real_2029.png,0
Fake faces/fake_4446.png,1
Fake faces/fake_850.png,1
Real faces/real_2057.png,0
Fake faces/fake_1625.png,1
Fake faces/fake_9021.png,1
Fake faces/fake_6732.png,1
Real faces/real_4237.png,0
Fake faces/fake_9369.png,1
Fake faces/fake_428.png,1
Real faces/real_4723.png,0
Fake faces/fake_718.png,1
Fake faces/fake_7122.png,1
Real faces/real_8499.png,0
Fake faces/fake_5263.png,1
Real faces/real_871.png,0
Real faces/real_2816.png,0
Fake faces/fake_5584.png,1
Fake faces/fake_2358.png,1
Fake faces/fake_9083.png,1
Fake faces/fake_6093.png,1
Real faces/real_4098.png,0
Fake faces/fake_6571.png,1
Fake faces/fake_6387.png,1
Real faces/real_8382.png,0
Real faces/real_6951.png,0
Fake faces/fake_4205.png,1
Fake faces/fake_749.png,1
Real faces/real_8735.png,0
Fake faces/fake_5711.png,1
Real faces/real_2288.png,0
Real faces/real_1943.png,0
Real faces/real_5721.png,0
Fake faces/fake_2149.png,1
Real faces/real_9178.png,0
Fake faces/fake_5266.png,1
Fake faces/fake_7114.png,1
Real faces/real_3025.png,0
Real faces/real_4057.png,0
Fake faces/fake_9454.png,1
Fake faces/fake_9376.png,1
Real faces/real_891.png,0
Real faces/real_275.png,0
Fake faces/fake_8806.png,1
Real faces/real_3576.png,0
Fake faces/fake_2083.png,1
Fake faces/fake_1292.png,1
Real faces/real_5516.png,0
Real faces/real_5910.png,0
Real faces/real_3678.png,0
Real faces/real_5681.png,0
Fake faces/fake_6431.png,1
Fake faces/fake_720.png,1
Fake faces/fake_2908.png,1
Real faces/real_9880.png,0
Fake faces/fake_9890.png,1
Real faces/real_1399.png,0
Real faces/real_20.png,0
Real faces/real_8270.png,0
Fake faces/fake_5560.png,1
Fake faces/fake_5349.png,1
Fake faces/fake_7068.png,1
Real faces/real_9006.png,0
Fake faces/fake_5420.png,1
Fake faces/fake_5927.png,1
Real faces/real_1851.png,0
Real faces/real_4139.png,0
Real faces/real_2473.png,0
Fake faces/fake_7862.png,1
Real faces/real_4592.png,0
Real faces/real_8140.png,0
Fake faces/fake_3463.png,1
Real faces/real_1922.png,0
Fake faces/fake_875.png,1
Fake faces/fake_9607.png,1
Fake faces/fake_3172.png,1
Real faces/real_8062.png,0
Fake faces/fake_5384.png,1
Fake faces/fake_3177.png,1
Real faces/real_2342.png,0
Fake faces/fake_811.png,1
Fake faces/fake_348.png,1
Fake faces/fake_1495.png,1
Real faces/real_6260.png,0
Real faces/real_9572.png,0
Fake faces/fake_340.png,1
Fake faces/fake_4962.png,1
Fake faces/fake_4171.png,1
Fake faces/fake_5454.png,1
Fake faces/fake_9620.png,1
Real faces/real_7094.png,0
Real faces/real_9796.png,0
Fake faces/fake_8868.png,1
Fake faces/fake_1541.png,1
Real faces/real_4130.png,0
Fake faces/fake_9090.png,1
Fake faces/fake_1770.png,1
Real faces/real_3220.png,0
Real faces/real_1217.png,0
Fake faces/fake_509.png,1
Fake faces/fake_9226.png,1
Real faces/real_6827.png,0
Fake faces/fake_4252.png,1
Real faces/real_6345.png,0
Fake faces/fake_2344.png,1
Fake faces/fake_5402.png,1
Real faces/real_2391.png,0
Fake faces/fake_4121.png,1
Real faces/real_1954.png,0
Real faces/real_6321.png,0
Fake faces/fake_2562.png,1
Real faces/real_9939.png,0
Real faces/real_5545.png,0
Real faces/real_1740.png,0
Real faces/real_6053.png,0
Fake faces/fake_434.png,1
Fake faces/fake_3908.png,1
Fake faces/fake_6768.png,1
Real faces/real_457.png,0
Real faces/real_9191.png,0
Fake faces/fake_6267.png,1
Real faces/real_5962.png,0
Fake faces/fake_7401.png,1
Fake faces/fake_8167.png,1
Real faces/real_1345.png,0
Real faces/real_63.png,0
Fake faces/fake_4965.png,1
Fake faces/fake_8723.png,1
Fake faces/fake_4716.png,1
Fake faces/fake_3594.png,1
Real faces/real_7495.png,0
Real faces/real_3029.png,0
Real faces/real_7936.png,0
Fake faces/fake_1235.png,1
Real faces/real_9563.png,0
Fake faces/fake_4330.png,1
Fake faces/fake_155.png,1
Real faces/real_7732.png,0
Fake faces/fake_6362.png,1
Real faces/real_7588.png,0
Fake faces/fake_1097.png,1
Real faces/real_1454.png,0
Fake faces/fake_4389.png,1
Fake faces/fake_1201.png,1
Real faces/real_3451.png,0
Fake faces/fake_5073.png,1
Fake faces/fake_6106.png,1
Fake faces/fake_7319.png,1
Real faces/real_1817.png,0
Fake faces/fake_1661.png,1
Real faces/real_7760.png,0
Real faces/real_61.png,0
Fake faces/fake_632.png,1
Real faces/real_7003.png,0
Real faces/real_5312.png,0
Real faces/real_3098.png,0
Real faces/real_7511.png,0
Fake faces/fake_7320.png,1
Fake faces/fake_2033.png,1
Fake faces/fake_246.png,1
Fake faces/fake_8408.png,1
Real faces/real_5164.png,0
Fake faces/fake_884.png,1
Fake faces/fake_5708.png,1
Real faces/real_9050.png,0
Real faces/real_6822.png,0
Real faces/real_633.png,0
Real faces/real_6707.png,0
Real faces/real_1923.png,0
Fake faces/fake_6459.png,1
Real faces/real_7539.png,0
Real faces/real_7931.png,0
Real faces/real_3132.png,0
Fake faces/fake_8218.png,1
Fake faces/fake_7699.png,1
Fake faces/fake_1558.png,1
Fake faces/fake_6268.png,1
Fake faces/fake_1176.png,1
Real faces/real_7665.png,0
Fake faces/fake_6280.png,1
Real faces/real_3147.png,0
Fake faces/fake_2420.png,1
Real faces/real_4714.png,0
Fake faces/fake_3414.png,1
Real faces/real_5001.png,0
Fake faces/fake_9432.png,1
Real faces/real_6804.png,0
Fake faces/fake_961.png,1
Fake faces/fake_4705.png,1
Real faces/real_3437.png,0
Fake faces/fake_5390.png,1
Fake faces/fake_1109.png,1
Real faces/real_4965.png,0
Fake faces/fake_9802.png,1
Real faces/real_8288.png,0
Fake faces/fake_126.png,1
Real faces/real_7046.png,0
Fake faces/fake_691.png,1
Real faces/real_4169.png,0
Real faces/real_8473.png,0
Real faces/real_407.png,0
Real faces/real_9839.png,0
Real faces/real_7796.png,0
Fake faces/fake_6950.png,1
Real faces/real_4122.png,0
Real faces/real_1623.png,0
Real faces/real_1595.png,0
Fake faces/fake_9069.png,1
Fake faces/fake_379.png,1
Real faces/real_6356.png,0
Real faces/real_170.png,0
Real faces/real_4904.png,0
Real faces/real_2882.png,0
Real faces/real_3205.png,0
Fake faces/fake_9735.png,1
Fake faces/fake_7593.png,1
Fake faces/fake_7825.png,1
Real faces/real_9872.png,0
Fake faces/fake_8786.png,1
Fake faces/fake_5071.png,1
Real faces/real_5405.png,0
Fake faces/fake_8244.png,1
Fake faces/fake_662.png,1
Fake faces/fake_4326.png,1
Real faces/real_1385.png,0
Real faces/real_7417.png,0
Real faces/real_1295.png,0
Real faces/real_683.png,0
Fake faces/fake_9115.png,1
Fake faces/fake_2362.png,1
Fake faces/fake_3868.png,1
Fake faces/fake_4961.png,1
Fake faces/fake_4394.png,1
Fake faces/fake_3073.png,1
Fake faces/fake_2937.png,1
Real faces/real_9816.png,0
Real faces/real_679.png,0
Fake faces/fake_359.png,1
Real faces/real_1497.png,0
Fake faces/fake_7139.png,1
Real faces/real_800.png,0
Fake faces/fake_5869.png,1
Real faces/real_747.png,0
Fake faces/fake_3864.png,1
Real faces/real_4029.png,0
Real faces/real_5981.png,0
Fake faces/fake_9383.png,1
Real faces/real_7878.png,0
Real faces/real_2206.png,0
Real faces/real_3056.png,0
Fake faces/fake_9408.png,1
Real faces/real_590.png,0
Fake faces/fake_9863.png,1
Real faces/real_7840.png,0
Real faces/real_3689.png,0
Fake faces/fake_1183.png,1
Real faces/real_1491.png,0
Fake faces/fake_681.png,1
Fake faces/fake_2164.png,1
Fake faces/fake_2426.png,1
Real faces/real_516.png,0
Fake faces/fake_1702.png,1
Real faces/real_1405.png,0
Real faces/real_5265.png,0
Fake faces/fake_1982.png,1
Real faces/real_962.png,0
Fake faces/fake_4880.png,1
Fake faces/fake_8489.png,1
Fake faces/fake_8219.png,1
Fake faces/fake_8627.png,1
Fake faces/fake_9029.png,1
Fake faces/fake_3740.png,1
Fake faces/fake_1534.png,1
Fake faces/fake_7445.png,1
Real faces/real_3286.png,0
Fake faces/fake_8398.png,1
Fake faces/fake_5735.png,1
Real faces/real_5841.png,0
Real faces/real_7110.png,0
Real faces/real_5803.png,0
Fake faces/fake_3017.png,1
Real faces/real_6518.png,0
Real faces/real_1503.png,0
Real faces/real_1187.png,0
Real faces/real_4316.png,0
Fake faces/fake_7062.png,1
Fake faces/fake_6328.png,1
Fake faces/fake_149.png,1
Fake faces/fake_4869.png,1
Fake faces/fake_7026.png,1
Real faces/real_4685.png,0
Real faces/real_7197.png,0
Real faces/real_4682.png,0
Fake faces/fake_881.png,1
Real faces/real_8145.png,0
Real faces/real_2991.png,0
Fake faces/fake_2049.png,1
Real faces/real_4764.png,0
Fake faces/fake_3906.png,1
Fake faces/fake_831.png,1
Real faces/real_3325.png,0
Fake faces/fake_6406.png,1
Fake faces/fake_7739.png,1
Fake faces/fake_592.png,1
Fake faces/fake_8011.png,1
Real faces/real_824.png,0
Fake faces/fake_5461.png,1
Fake faces/fake_783.png,1
Fake faces/fake_3252.png,1
Fake faces/fake_4590.png,1
Real faces/real_8404.png,0
Real faces/real_1612.png,0
Real faces/real_4955.png,0
Real faces/real_7753.png,0
Fake faces/fake_323.png,1
Real faces/real_6133.png,0
Real faces/real_6234.png,0
Fake faces/fake_7382.png,1
Real faces/real_9303.png,0
Real faces/real_7792.png,0
Real faces/real_1451.png,0
Fake faces/fake_4719.png,1
Real faces/real_1513.png,0
Real faces/real_2675.png,0
Real faces/real_7810.png,0
Fake faces/fake_6608.png,1
Real faces/real_6608.png,0
Fake faces/fake_1310.png,1
Real faces/real_7827.png,0
Real faces/real_7687.png,0
Fake faces/fake_3875.png,1
Fake faces/fake_7400.png,1
Fake faces/fake_3813.png,1
Real faces/real_1744.png,0
Fake faces/fake_350.png,1
Real faces/real_4862.png,0
Real faces/real_1822.png,0
Real faces/real_811.png,0
Real faces/real_868.png,0
Fake faces/fake_7604.png,1
Fake faces/fake_867.png,1
Fake faces/fake_930.png,1
Fake faces/fake_487.png,1
Fake faces/fake_6194.png,1
Real faces/real_7021.png,0
Fake faces/fake_5359.png,1
Real faces/real_3280.png,0
Fake faces/fake_1082.png,1
Fake faces/fake_8607.png,1
Fake faces/fake_8201.png,1
Real faces/real_9938.png,0
Fake faces/fake_2978.png,1
Fake faces/fake_2499.png,1
Fake faces/fake_9968.png,1
Fake faces/fake_6154.png,1
Fake faces/fake_620.png,1
Real faces/real_5414.png,0
Fake faces/fake_9571.png,1
Fake faces/fake_5918.png,1
Fake faces/fake_380.png,1
Fake faces/fake_5668.png,1
Fake faces/fake_5019.png,1
Real faces/real_3524.png,0
Real faces/real_7361.png,0
Fake faces/fake_9815.png,1
Fake faces/fake_2195.png,1
Real faces/real_6149.png,0
Real faces/real_5420.png,0
Real faces/real_6724.png,0
Fake faces/fake_3000.png,1
Real faces/real_5079.png,0
Fake faces/fake_1068.png,1
Real faces/real_2558.png,0
Real faces/real_4963.png,0
Fake faces/fake_4938.png,1
Real faces/real_1844.png,0
Fake faces/fake_9466.png,1
Fake faces/fake_2261.png,1
Fake faces/fake_4888.png,1
Fake faces/fake_7020.png,1
Fake faces/fake_8527.png,1
Fake faces/fake_510.png,1
Fake faces/fake_2505.png,1
Real faces/real_4533.png,0
Fake faces/fake_2322.png,1
Real faces/real_8658.png,0
Real faces/real_4044.png,0
Fake faces/fake_7537.png,1
Fake faces/fake_335.png,1
Fake faces/fake_9572.png,1
Fake faces/fake_3723.png,1
Real faces/real_5294.png,0
Real faces/real_4473.png,0
Real faces/real_3372.png,0
Real faces/real_9468.png,0
Real faces/real_6408.png,0
Fake faces/fake_9091.png,1
Real faces/real_3634.png,0
Real faces/real_7476.png,0
Fake faces/fake_4789.png,1
Real faces/real_1743.png,0
Real faces/real_5349.png,0
Fake faces/fake_9769.png,1
Fake faces/fake_3401.png,1
Real faces/real_2016.png,0
Real faces/real_3517.png,0
Fake faces/fake_8854.png,1
Fake faces/fake_1569.png,1
Fake faces/fake_1872.png,1
Fake faces/fake_6660.png,1
Fake faces/fake_415.png,1
Fake faces/fake_2954.png,1
Fake faces/fake_5879.png,1
Real faces/real_4604.png,0
Real faces/real_3396.png,0
Real faces/real_6147.png,0
Fake faces/fake_3453.png,1
Real faces/real_29.png,0
Real faces/real_520.png,0
Real faces/real_6128.png,0
Fake faces/fake_2835.png,1
Fake faces/fake_5667.png,1
Real faces/real_8590.png,0
Real faces/real_131.png,0
Fake faces/fake_896.png,1
Real faces/real_4643.png,0
Real faces/real_5524.png,0
Real faces/real_3817.png,0
Fake faces/fake_4701.png,1
Fake faces/fake_9001.png,1
Fake faces/fake_2690.png,1
Fake faces/fake_3737.png,1
Real faces/real_4826.png,0
Fake faces/fake_1685.png,1
Real faces/real_6174.png,0
Real faces/real_5528.png,0
Fake faces/fake_9264.png,1
Fake faces/fake_292.png,1
Real faces/real_1979.png,0
Real faces/real_8487.png,0
Fake faces/fake_7487.png,1
Fake faces/fake_1386.png,1
Real faces/real_8203.png,0
Real faces/real_9962.png,0
Fake faces/fake_5564.png,1
Fake faces/fake_1054.png,1
Fake faces/fake_7811.png,1
Fake faces/fake_1814.png,1
Fake faces/fake_3584.png,1
Real faces/real_3597.png,0
Fake faces/fake_4872.png,1
Fake faces/fake_5875.png,1
Real faces/real_2201.png,0
Real faces/real_7854.png,0
Real faces/real_1579.png,0
Real faces/real_4398.png,0
Real faces/real_7628.png,0
Fake faces/fake_16.png,1
Real faces/real_2326.png,0
Fake faces/fake_3579.png,1
Fake faces/fake_3798.png,1
Fake faces/fake_977.png,1
Fake faces/fake_7195.png,1
Fake faces/fake_8369.png,1
Fake faces/fake_3712.png,1
Fake faces/fake_5887.png,1
Fake faces/fake_6665.png,1
Real faces/real_8704.png,0
Real faces/real_8174.png,0
Fake faces/fake_7309.png,1
Real faces/real_5924.png,0
Real faces/real_9701.png,0
Fake faces/fake_8715.png,1
Real faces/real_9326.png,0
Real faces/real_6864.png,0
Real faces/real_5066.png,0
Real faces/real_6840.png,0
Real faces/real_7908.png,0
Fake faces/fake_5401.png,1
Fake faces/fake_5205.png,1
Real faces/real_2769.png,0
Real faces/real_388.png,0
Real faces/real_1953.png,0
Fake faces/fake_3120.png,1
Fake faces/fake_3251.png,1
Fake faces/fake_7369.png,1
Fake faces/fake_4754.png,1
Fake faces/fake_2483.png,1
Real faces/real_315.png,0
Real faces/real_2004.png,0
Fake faces/fake_4454.png,1
Real faces/real_413.png,0
Real faces/real_7315.png,0
Fake faces/fake_6742.png,1
Fake faces/fake_1482.png,1
Real faces/real_6625.png,0
Real faces/real_6086.png,0
Real faces/real_3383.png,0
Real faces/real_7300.png,0
Fake faces/fake_5173.png,1
Fake faces/fake_7841.png,1
Real faces/real_605.png,0
Real faces/real_15.png,0
Real faces/real_9932.png,0
Fake faces/fake_3186.png,1
Real faces/real_6412.png,0
Fake faces/fake_8272.png,1
Fake faces/fake_7612.png,1
Fake faces/fake_9804.png,1
Real faces/real_5766.png,0
Real faces/real_3049.png,0
Real faces/real_3952.png,0
Fake faces/fake_3415.png,1
Real faces/real_309.png,0
Real faces/real_5464.png,0
Real faces/real_1483.png,0
Real faces/real_1253.png,0
Real faces/real_8829.png,0
Fake faces/fake_9186.png,1
Real faces/real_5987.png,0
Real faces/real_6036.png,0
Real faces/real_1149.png,0
Real faces/real_9902.png,0
Real faces/real_2517.png,0
Fake faces/fake_6436.png,1
Real faces/real_9754.png,0
Fake faces/fake_5942.png,1
Real faces/real_2128.png,0
Real faces/real_702.png,0
Real faces/real_1947.png,0
Real faces/real_4866.png,0
Real faces/real_3674.png,0
Real faces/real_3842.png,0
Real faces/real_6569.png,0
Real faces/real_7590.png,0
Fake faces/fake_7202.png,1
Real faces/real_9801.png,0
Real faces/real_1111.png,0
Fake faces/fake_2552.png,1
Real faces/real_1904.png,0
Fake faces/fake_7878.png,1
Real faces/real_637.png,0
Real faces/real_248.png,0
Real faces/real_2406.png,0
Fake faces/fake_425.png,1
Fake faces/fake_9657.png,1
Real faces/real_6746.png,0
Real faces/real_696.png,0
Fake faces/fake_1892.png,1
Real faces/real_1886.png,0
Fake faces/fake_2613.png,1
Fake faces/fake_9280.png,1
Real faces/real_2228.png,0
Fake faces/fake_9810.png,1
Fake faces/fake_5554.png,1
Fake faces/fake_9144.png,1
Real faces/real_5612.png,0
Real faces/real_9805.png,0
Fake faces/fake_3279.png,1
Real faces/real_7155.png,0
Real faces/real_70.png,0
Fake faces/fake_9670.png,1
Fake faces/fake_5411.png,1
Real faces/real_5768.png,0
Real faces/real_1178.png,0
Real faces/real_7477.png,0
Fake faces/fake_7371.png,1
Fake faces/fake_2787.png,1
Real faces/real_1891.png,0
Real faces/real_4844.png,0
Fake faces/fake_6176.png,1
Real faces/real_2010.png,0
Fake faces/fake_3860.png,1
Fake faces/fake_5705.png,1
Fake faces/fake_6532.png,1
Real faces/real_6425.png,0
Fake faces/fake_2339.png,1
Fake faces/fake_6222.png,1
Fake faces/fake_7655.png,1
Real faces/real_5964.png,0
Real faces/real_6247.png,0
Fake faces/fake_4081.png,1
Real faces/real_2089.png,0
Fake faces/fake_1884.png,1
Fake faces/fake_3210.png,1
Real faces/real_4191.png,0
Real faces/real_9760.png,0
Fake faces/fake_3145.png,1
Fake faces/fake_956.png,1
Real faces/real_2957.png,0
Fake faces/fake_2555.png,1
Fake faces/fake_8986.png,1
Real faces/real_433.png,0
Real faces/real_3538.png,0
Real faces/real_1083.png,0
Real faces/real_6907.png,0
Fake faces/fake_9101.png,1
Fake faces/fake_9862.png,1
Real faces/real_2853.png,0
Real faces/real_4120.png,0
Real faces/real_8871.png,0
Real faces/real_7078.png,0
Fake faces/fake_7490.png,1
Real faces/real_7895.png,0
Real faces/real_944.png,0
Real faces/real_8271.png,0
Fake faces/fake_7331.png,1
Fake faces/fake_9933.png,1
Real faces/real_8406.png,0
Fake faces/fake_4769.png,1
Fake faces/fake_9285.png,1
Fake faces/fake_4862.png,1
Fake faces/fake_589.png,1
Real faces/real_1588.png,0
Fake faces/fake_217.png,1
Fake faces/fake_6111.png,1
Real faces/real_3328.png,0
Real faces/real_3638.png,0
Fake faces/fake_6868.png,1
Fake faces/fake_9239.png,1
Fake faces/fake_723.png,1
Real faces/real_367.png,0
Real faces/real_9272.png,0
Fake faces/fake_5048.png,1
Fake faces/fake_4833.png,1
Fake faces/fake_7994.png,1
Real faces/real_8045.png,0
Real faces/real_1152.png,0
Fake faces/fake_8719.png,1
Real faces/real_8142.png,0
Fake faces/fake_8753.png,1
Fake faces/fake_3031.png,1
Fake faces/fake_8170.png,1
Real faces/real_4313.png,0
Real faces/real_6274.png,0
Fake faces/fake_1409.png,1
Real faces/real_9495.png,0
Fake faces/fake_8914.png,1
Fake faces/fake_2173.png,1
Real faces/real_2012.png,0
Real faces/real_2615.png,0
Real faces/real_6787.png,0
Real faces/real_2474.png,0
Real faces/real_6765.png,0
Fake faces/fake_5077.png,1
Real faces/real_2945.png,0
Fake faces/fake_3951.png,1
Fake faces/fake_6478.png,1
Fake faces/fake_5649.png,1
Fake faces/fake_634.png,1
Fake faces/fake_3107.png,1
Real faces/real_5860.png,0
Real faces/real_184.png,0
Real faces/real_3711.png,0
Fake faces/fake_5843.png,1
Fake faces/fake_5174.png,1
Fake faces/fake_7813.png,1
Real faces/real_7528.png,0
Fake faces/fake_7082.png,1
Fake faces/fake_5882.png,1
Real faces/real_3694.png,0
Fake faces/fake_9092.png,1
Fake faces/fake_8788.png,1
Real faces/real_5541.png,0
Fake faces/fake_4953.png,1
Fake faces/fake_4677.png,1
Fake faces/fake_1022.png,1
Fake faces/fake_1539.png,1
Fake faces/fake_6982.png,1
Fake faces/fake_4242.png,1
Real faces/real_592.png,0
Real faces/real_7981.png,0
Fake faces/fake_8331.png,1
Real faces/real_6018.png,0
Real faces/real_3665.png,0
Real faces/real_1028.png,0
Fake faces/fake_9407.png,1
Real faces/real_3925.png,0
Real faces/real_3162.png,0
Real faces/real_5777.png,0
Real faces/real_819.png,0
Real faces/real_538.png,0
Fake faces/fake_6092.png,1
Real faces/real_5562.png,0
Fake faces/fake_8339.png,1
Real faces/real_1360.png,0
Real faces/real_5950.png,0
Real faces/real_7738.png,0
Fake faces/fake_3419.png,1
Fake faces/fake_5483.png,1
Fake faces/fake_4170.png,1
Real faces/real_8097.png,0
Real faces/real_4905.png,0
Fake faces/fake_1468.png,1
Real faces/real_6656.png,0
Real faces/real_6538.png,0
Real faces/real_5727.png,0
Fake faces/fake_4487.png,1
Fake faces/fake_3113.png,1
Fake faces/fake_3471.png,1
Real faces/real_8986.png,0
Fake faces/fake_8945.png,1
Real faces/real_2310.png,0
Real faces/real_528.png,0
Fake faces/fake_6763.png,1
Real faces/real_3467.png,0
Real faces/real_2369.png,0
Fake faces/fake_9638.png,1
Real faces/real_3455.png,0
Fake faces/fake_7263.png,1
Fake faces/fake_2097.png,1
Real faces/real_9445.png,0
Fake faces/fake_7181.png,1
Real faces/real_2631.png,0
Fake faces/fake_9711.png,1
Fake faces/fake_7684.png,1
Fake faces/fake_356.png,1
Real faces/real_7326.png,0
Real faces/real_9925.png,0
Real faces/real_9093.png,0
Real faces/real_4579.png,0
Real faces/real_8840.png,0
Real faces/real_303.png,0
Real faces/real_4162.png,0
Real faces/real_1765.png,0
Fake faces/fake_4753.png,1
Real faces/real_7580.png,0
Real faces/real_4536.png,0
Fake faces/fake_7793.png,1
Real faces/real_9084.png,0
Fake faces/fake_7165.png,1
Fake faces/fake_2572.png,1
Fake faces/fake_2712.png,1
Real faces/real_465.png,0
Fake faces/fake_2250.png,1
Real faces/real_1197.png,0
Fake faces/fake_2213.png,1
Fake faces/fake_5677.png,1
Real faces/real_4209.png,0
Real faces/real_9564.png,0
Fake faces/fake_2348.png,1
Real faces/real_8887.png,0
Real faces/real_6187.png,0
Real faces/real_5123.png,0
Fake faces/fake_1651.png,1
Fake faces/fake_5822.png,1
Fake faces/fake_8628.png,1
Fake faces/fake_9110.png,1
Real faces/real_7215.png,0
Fake faces/fake_9907.png,1
Real faces/real_9364.png,0
Fake faces/fake_8086.png,1
Real faces/real_6693.png,0
Real faces/real_2531.png,0
Fake faces/fake_2170.png,1
Fake faces/fake_6764.png,1
Real faces/real_4003.png,0
Fake faces/fake_9722.png,1
Real faces/real_2320.png,0
Fake faces/fake_885.png,1
Real faces/real_2019.png,0
Fake faces/fake_9138.png,1
Fake faces/fake_5528.png,1
Real faces/real_567.png,0
Fake faces/fake_419.png,1
Fake faces/fake_7561.png,1
Fake faces/fake_1785.png,1
Real faces/real_4111.png,0
Fake faces/fake_4909.png,1
Real faces/real_4486.png,0
Real faces/real_9586.png,0
Fake faces/fake_5285.png,1
Real faces/real_1945.png,0
Real faces/real_5169.png,0
Fake faces/fake_6207.png,1
Fake faces/fake_2597.png,1
Real faces/real_7487.png,0
Fake faces/fake_9125.png,1
Fake faces/fake_5857.png,1
Real faces/real_2570.png,0
Real faces/real_8538.png,0
Fake faces/fake_9494.png,1
Fake faces/fake_5967.png,1
Fake faces/fake_8136.png,1
Fake faces/fake_2442.png,1
Real faces/real_6921.png,0
Fake faces/fake_5433.png,1
Real faces/real_5050.png,0
Fake faces/fake_251.png,1
Fake faces/fake_5745.png,1
Fake faces/fake_499.png,1
Real faces/real_8637.png,0
Fake faces/fake_7577.png,1
Real faces/real_4455.png,0
Fake faces/fake_1139.png,1
Real faces/real_3283.png,0
Fake faces/fake_7930.png,1
Real faces/real_1138.png,0
Fake faces/fake_7061.png,1
Fake faces/fake_9792.png,1
Fake faces/fake_2231.png,1
Fake faces/fake_7824.png,1
Fake faces/fake_4113.png,1
Real faces/real_9392.png,0
Fake faces/fake_7305.png,1
Real faces/real_7514.png,0
Real faces/real_8460.png,0
Real faces/real_2596.png,0
Real faces/real_9328.png,0
Fake faces/fake_689.png,1
Real faces/real_158.png,0
Fake faces/fake_6713.png,1
Real faces/real_2452.png,0
Real faces/real_8537.png,0
Real faces/real_1237.png,0
Fake faces/fake_1021.png,1
Fake faces/fake_562.png,1
Fake faces/fake_3283.png,1
Real faces/real_2060.png,0
Real faces/real_881.png,0
Real faces/real_5871.png,0
Real faces/real_3307.png,0
Fake faces/fake_2166.png,1
Fake faces/fake_250.png,1
Real faces/real_7547.png,0
Real faces/real_4959.png,0
Real faces/real_7050.png,0
Fake faces/fake_5856.png,1
Real faces/real_133.png,0
Real faces/real_8421.png,0
Real faces/real_6762.png,0
Fake faces/fake_4547.png,1
Real faces/real_8561.png,0
Real faces/real_4802.png,0
Real faces/real_7712.png,0
Real faces/real_6299.png,0
Fake faces/fake_4243.png,1
Fake faces/fake_7414.png,1
Fake faces/fake_1131.png,1
Real faces/real_6505.png,0
Real faces/real_408.png,0
Fake faces/fake_9054.png,1
Real faces/real_8046.png,0
Real faces/real_8018.png,0
Fake faces/fake_4993.png,1
Real faces/real_2058.png,0
Fake faces/fake_3104.png,1
Fake faces/fake_7960.png,1
Real faces/real_9238.png,0
Real faces/real_5098.png,0
Fake faces/fake_3663.png,1
Real faces/real_7075.png,0
Real faces/real_8247.png,0
Real faces/real_2764.png,0
Real faces/real_9786.png,0
Real faces/real_6339.png,0
Real faces/real_6498.png,0
Fake faces/fake_5904.png,1
Real faces/real_5821.png,0
Fake faces/fake_4283.png,1
Real faces/real_4716.png,0
Real faces/real_5045.png,0
Real faces/real_2215.png,0
Real faces/real_8965.png,0
Real faces/real_6994.png,0
Fake faces/fake_2422.png,1
Fake faces/fake_3668.png,1
Real faces/real_3045.png,0
Fake faces/fake_4691.png,1
Real faces/real_1482.png,0
Fake faces/fake_9666.png,1
Real faces/real_5042.png,0
Fake faces/fake_7556.png,1
Real faces/real_2943.png,0
Fake faces/fake_1600.png,1
Fake faces/fake_5230.png,1
Real faces/real_6632.png,0
Real faces/real_7721.png,0
Real faces/real_5444.png,0
Fake faces/fake_2521.png,1
Fake faces/fake_8877.png,1
Fake faces/fake_253.png,1
Fake faces/fake_6408.png,1
Fake faces/fake_780.png,1
Fake faces/fake_1783.png,1
Fake faces/fake_8214.png,1
Real faces/real_369.png,0
Real faces/real_3693.png,0
Real faces/real_2548.png,0
Fake faces/fake_6674.png,1
Real faces/real_642.png,0
Fake faces/fake_4145.png,1
Fake faces/fake_7162.png,1
Real faces/real_3469.png,0
Fake faces/fake_4060.png,1
Fake faces/fake_7459.png,1
Fake faces/fake_6287.png,1
Fake faces/fake_3870.png,1
Real faces/real_8883.png,0
Real faces/real_4064.png,0
Real faces/real_4781.png,0
Real faces/real_1858.png,0
Fake faces/fake_9733.png,1
Real faces/real_6579.png,0
Real faces/real_7735.png,0
Fake faces/fake_6262.png,1
Real faces/real_4343.png,0
Fake faces/fake_1662.png,1
Real faces/real_8781.png,0
Fake faces/fake_6838.png,1
Real faces/real_3355.png,0
Real faces/real_521.png,0
Real faces/real_4030.png,0
Fake faces/fake_418.png,1
Fake faces/fake_2444.png,1
Fake faces/fake_440.png,1
Fake faces/fake_5408.png,1
Real faces/real_7256.png,0
Fake faces/fake_1392.png,1
Fake faces/fake_6278.png,1
Real faces/real_9250.png,0
Real faces/real_5700.png,0
Fake faces/fake_3069.png,1
Real faces/real_9542.png,0
Fake faces/fake_3928.png,1
Real faces/real_5437.png,0
Real faces/real_4744.png,0
Real faces/real_1057.png,0
Fake faces/fake_1985.png,1
Real faces/real_7958.png,0
Fake faces/fake_9953.png,1
Fake faces/fake_5274.png,1
Real faces/real_872.png,0
Fake faces/fake_8746.png,1
Real faces/real_9039.png,0
Fake faces/fake_3065.png,1
Fake faces/fake_7603.png,1
Real faces/real_4015.png,0
Fake faces/fake_2542.png,1
Real faces/real_4231.png,0
Fake faces/fake_7301.png,1
Real faces/real_306.png,0
Fake faces/fake_3841.png,1
Fake faces/fake_2698.png,1
Real faces/real_3492.png,0
Fake faces/fake_9520.png,1
Real faces/real_5139.png,0
Fake faces/fake_8039.png,1
Fake faces/fake_7971.png,1
Fake faces/fake_182.png,1
Real faces/real_5181.png,0
Fake faces/fake_8361.png,1
Fake faces/fake_8484.png,1
Real faces/real_1924.png,0
Fake faces/fake_1105.png,1
Real faces/real_9535.png,0
Fake faces/fake_6874.png,1
Fake faces/fake_6595.png,1
Fake faces/fake_3264.png,1
Real faces/real_6208.png,0
Real faces/real_1351.png,0
Fake faces/fake_4693.png,1
Fake faces/fake_7690.png,1
Real faces/real_9598.png,0
Real faces/real_5161.png,0
Fake faces/fake_6187.png,1
Real faces/real_866.png,0
Fake faces/fake_6056.png,1
Real faces/real_3344.png,0
Real faces/real_8195.png,0
Real faces/real_4301.png,0
Real faces/real_9731.png,0
Real faces/real_3533.png,0
Real faces/real_2449.png,0
Real faces/real_7621.png,0
Fake faces/fake_1300.png,1
Real faces/real_1185.png,0
Real faces/real_4900.png,0
Fake faces/fake_3961.png,1
Real faces/real_5936.png,0
Real faces/real_2264.png,0
Real faces/real_260.png,0
Fake faces/fake_2797.png,1
Fake faces/fake_1501.png,1
Real faces/real_3914.png,0
Fake faces/fake_2684.png,1
Real faces/real_1091.png,0
Fake faces/fake_2017.png,1
Real faces/real_6931.png,0
Real faces/real_4649.png,0
Real faces/real_2209.png,0
Fake faces/fake_5383.png,1
Fake faces/fake_3302.png,1
Real faces/real_9838.png,0
Real faces/real_7142.png,0
Real faces/real_833.png,0
Fake faces/fake_8513.png,1
Fake faces/fake_9885.png,1
Fake faces/fake_4816.png,1
Fake faces/fake_545.png,1
Fake faces/fake_9459.png,1
Real faces/real_8256.png,0
Real faces/real_898.png,0
Fake faces/fake_7510.png,1
Real faces/real_5271.png,0
Real faces/real_532.png,0
Real faces/real_2417.png,0
Fake faces/fake_1753.png,1
Real faces/real_4676.png,0
Real faces/real_2921.png,0
Fake faces/fake_6709.png,1
Real faces/real_2249.png,0
Fake faces/fake_1187.png,1
Real faces/real_5479.png,0
Real faces/real_3473.png,0
Fake faces/fake_4479.png,1
Fake faces/fake_9456.png,1
Real faces/real_8377.png,0
Fake faces/fake_9588.png,1
Real faces/real_1718.png,0
Fake faces/fake_9605.png,1
Real faces/real_5802.png,0
Real faces/real_4192.png,0
Real faces/real_2459.png,0
Real faces/real_5293.png,0
Real faces/real_6793.png,0
Fake faces/fake_8321.png,1
Real faces/real_429.png,0
Real faces/real_2966.png,0
Fake faces/fake_2829.png,1
Fake faces/fake_2700.png,1
Real faces/real_2115.png,0
Real faces/real_9320.png,0
Real faces/real_9501.png,0
Fake faces/fake_2115.png,1
Fake faces/fake_6061.png,1
Fake faces/fake_331.png,1
Real faces/real_9100.png,0
Fake faces/fake_8650.png,1
Fake faces/fake_3954.png,1
Real faces/real_3338.png,0
Fake faces/fake_9075.png,1
Real faces/real_7333.png,0
Real faces/real_3008.png,0
Fake faces/fake_1138.png,1
Fake faces/fake_5130.png,1
Fake faces/fake_2669.png,1
Fake faces/fake_8933.png,1
Real faces/real_6621.png,0
Real faces/real_5853.png,0
Fake faces/fake_2793.png,1
Fake faces/fake_2855.png,1
Real faces/real_7934.png,0
Real faces/real_3691.png,0
Fake faces/fake_8636.png,1
Real faces/real_5767.png,0
Real faces/real_9857.png,0
Fake faces/fake_1521.png,1
Real faces/real_4395.png,0
Real faces/real_6205.png,0
Real faces/real_2903.png,0
Real faces/real_1839.png,0
Fake faces/fake_8243.png,1
Real faces/real_8896.png,0
Fake faces/fake_2979.png,1
Fake faces/fake_6358.png,1
Fake faces/fake_9543.png,1
Real faces/real_6758.png,0
Fake faces/fake_5018.png,1
Fake faces/fake_4334.png,1
Real faces/real_6577.png,0
Fake faces/fake_6101.png,1
Fake faces/fake_2626.png,1
Real faces/real_620.png,0
Real faces/real_1656.png,0
Real faces/real_2628.png,0
Fake faces/fake_3787.png,1
Fake faces/fake_2679.png,1
Real faces/real_6508.png,0
Fake faces/fake_7646.png,1
Fake faces/fake_5085.png,1
Fake faces/fake_1316.png,1
Real faces/real_1999.png,0
Fake faces/fake_1046.png,1
Real faces/real_1686.png,0
Real faces/real_3881.png,0
Real faces/real_5286.png,0
Real faces/real_6242.png,0
Real faces/real_7518.png,0
Fake faces/fake_6330.png,1
Fake faces/fake_4653.png,1
Real faces/real_4215.png,0
Fake faces/fake_6892.png,1
Real faces/real_6595.png,0
Fake faces/fake_6585.png,1
Fake faces/fake_3677.png,1
Real faces/real_8291.png,0
Real faces/real_3322.png,0
Real faces/real_7224.png,0
Real faces/real_1723.png,0
Real faces/real_5747.png,0
Real faces/real_6104.png,0
Fake faces/fake_3535.png,1
Fake faces/fake_196.png,1
Real faces/real_2407.png,0
Fake faces/fake_7221.png,1
Real faces/real_3465.png,0
Real faces/real_8149.png,0
Real faces/real_9571.png,0
Fake faces/fake_7005.png,1
Real faces/real_2171.png,0
Fake faces/fake_3012.png,1
Real faces/real_7831.png,0
Real faces/real_3604.png,0
Real faces/real_8726.png,0
Fake faces/fake_1328.png,1
Real faces/real_443.png,0
Real faces/real_3076.png,0
Fake faces/fake_995.png,1
Fake faces/fake_4176.png,1
Real faces/real_376.png,0
Real faces/real_3460.png,0
Real faces/real_9579.png,0
Real faces/real_825.png,0
Real faces/real_7470.png,0
Real faces/real_704.png,0
Fake faces/fake_1965.png,1
Fake faces/fake_4558.png,1
Real faces/real_4012.png,0
Real faces/real_2655.png,0
Real faces/real_5477.png,0
Real faces/real_4950.png,0
Real faces/real_8293.png,0
Fake faces/fake_6265.png,1
Fake faces/fake_8036.png,1
Fake faces/fake_9437.png,1
Real faces/real_5838.png,0
Real faces/real_9252.png,0
Fake faces/fake_2678.png,1
Real faces/real_7599.png,0
Fake faces/fake_95.png,1
Fake faces/fake_9812.png,1
Real faces/real_3442.png,0
Real faces/real_5973.png,0
Real faces/real_9950.png,0
Real faces/real_6820.png,0
Fake faces/fake_9038.png,1
Real faces/real_8698.png,0
Real faces/real_208.png,0
Real faces/real_2337.png,0
Fake faces/fake_4776.png,1
Real faces/real_4872.png,0
Real faces/real_3066.png,0
Fake faces/fake_3889.png,1
Fake faces/fake_8537.png,1
Real faces/real_5621.png,0
Real faces/real_4801.png,0
Real faces/real_3909.png,0
Fake faces/fake_6376.png,1
Real faces/real_7527.png,0
Fake faces/fake_4722.png,1
Fake faces/fake_2893.png,1
Fake faces/fake_5149.png,1
Real faces/real_703.png,0
Real faces/real_8865.png,0
Real faces/real_5172.png,0
Real faces/real_1934.png,0
Fake faces/fake_1740.png,1
Fake faces/fake_1456.png,1
Real faces/real_4694.png,0
Real faces/real_5165.png,0
Fake faces/fake_6465.png,1
Real faces/real_5526.png,0
Fake faces/fake_9500.png,1
Fake faces/fake_5187.png,1
Real faces/real_2804.png,0
Fake faces/fake_6726.png,1
Real faces/real_2702.png,0
Fake faces/fake_4971.png,1
Fake faces/fake_7973.png,1
Real faces/real_461.png,0
Fake faces/fake_6914.png,1
Real faces/real_753.png,0
Real faces/real_8156.png,0
Fake faces/fake_8900.png,1
Fake faces/fake_4405.png,1
Fake faces/fake_5953.png,1
Real faces/real_8013.png,0
Real faces/real_4129.png,0
Real faces/real_1049.png,0
Fake faces/fake_5789.png,1
Fake faces/fake_2635.png,1
Fake faces/fake_9513.png,1
Fake faces/fake_5355.png,1
Fake faces/fake_7544.png,1
Fake faces/fake_648.png,1
Fake faces/fake_2689.png,1
Fake faces/fake_514.png,1
Fake faces/fake_5435.png,1
Real faces/real_5825.png,0
Fake faces/fake_9533.png,1
Fake faces/fake_9824.png,1
Real faces/real_7828.png,0
Fake faces/fake_1766.png,1
Real faces/real_9988.png,0
Fake faces/fake_834.png,1
Fake faces/fake_2341.png,1
Real faces/real_4617.png,0
Real faces/real_9276.png,0
Real faces/real_908.png,0
Real faces/real_8839.png,0
Fake faces/fake_6588.png,1
Real faces/real_2293.png,0
Real faces/real_8193.png,0
Real faces/real_1841.png,0
Real faces/real_6892.png,0
Real faces/real_7273.png,0
Real faces/real_5651.png,0
Real faces/real_3388.png,0
Real faces/real_8746.png,0
Real faces/real_6674.png,0
Fake faces/fake_2738.png,1
Fake faces/fake_7257.png,1
Real faces/real_4121.png,0
Fake faces/fake_677.png,1
Real faces/real_1201.png,0
Fake faces/fake_1276.png,1
Real faces/real_8917.png,0
Real faces/real_111.png,0
Fake faces/fake_1219.png,1
Real faces/real_7229.png,0
Real faces/real_1701.png,0
Real faces/real_5879.png,0
Fake faces/fake_7726.png,1
Fake faces/fake_7428.png,1
Fake faces/fake_2795.png,1
Fake faces/fake_9393.png,1
Real faces/real_9767.png,0
Real faces/real_978.png,0
Fake faces/fake_3159.png,1
Fake faces/fake_5290.png,1
Fake faces/fake_3634.png,1
Fake faces/fake_5678.png,1
Real faces/real_7730.png,0
Real faces/real_7570.png,0
Real faces/real_6194.png,0
Fake faces/fake_4925.png,1
Real faces/real_6550.png,0
Fake faces/fake_1873.png,1
Fake faces/fake_7273.png,1
Real faces/real_9720.png,0
Real faces/real_4960.png,0
Fake faces/fake_719.png,1
Real faces/real_6842.png,0
Fake faces/fake_7004.png,1
Fake faces/fake_417.png,1
Real faces/real_8496.png,0
Real faces/real_4364.png,0
Real faces/real_1408.png,0
Real faces/real_7136.png,0
Fake faces/fake_5225.png,1
Real faces/real_8565.png,0
Fake faces/fake_9034.png,1
Fake faces/fake_6847.png,1
Fake faces/fake_4667.png,1
Fake faces/fake_6827.png,1
Fake faces/fake_7204.png,1
Real faces/real_8309.png,0
Fake faces/fake_8802.png,1
Real faces/real_3386.png,0
Real faces/real_7112.png,0
Real faces/real_7699.png,0
Fake faces/fake_3418.png,1
Real faces/real_9248.png,0
Fake faces/fake_6824.png,1
Fake faces/fake_1894.png,1
Fake faces/fake_9274.png,1
Real faces/real_4641.png,0
Fake faces/fake_8979.png,1
Fake faces/fake_6241.png,1
Real faces/real_2416.png,0
Real faces/real_9189.png,0
Fake faces/fake_6209.png,1
Real faces/real_1614.png,0
Fake faces/fake_79.png,1
Fake faces/fake_8215.png,1
Fake faces/fake_7276.png,1
Fake faces/fake_6161.png,1
Fake faces/fake_5147.png,1
Real faces/real_7335.png,0
Real faces/real_8618.png,0
Fake faces/fake_1156.png,1
Fake faces/fake_3053.png,1
Real faces/real_1972.png,0
Fake faces/fake_3301.png,1
Real faces/real_2366.png,0
Fake faces/fake_8074.png,1
Fake faces/fake_3674.png,1
Fake faces/fake_4652.png,1
Fake faces/fake_9547.png,1
Fake faces/fake_3459.png,1
Fake faces/fake_8194.png,1
Real faces/real_4786.png,0
Real faces/real_3996.png,0
Real faces/real_8064.png,0
Real faces/real_7074.png,0
Fake faces/fake_3886.png,1
Real faces/real_7540.png,0
Real faces/real_4913.png,0
Real faces/real_3679.png,0
Fake faces/fake_2468.png,1
Fake faces/fake_5654.png,1
Fake faces/fake_8532.png,1
Real faces/real_8350.png,0
Fake faces/fake_5410.png,1
Fake faces/fake_1476.png,1
Fake faces/fake_3142.png,1
Fake faces/fake_5155.png,1
Real faces/real_4106.png,0
Fake faces/fake_4146.png,1
Real faces/real_8836.png,0
Fake faces/fake_5625.png,1
Real faces/real_216.png,0
Fake faces/fake_2263.png,1
Real faces/real_4970.png,0
Fake faces/fake_469.png,1
Real faces/real_5531.png,0
Real faces/real_5511.png,0
Real faces/real_1670.png,0
Fake faces/fake_4648.png,1
Real faces/real_6101.png,0
Real faces/real_6395.png,0
Real faces/real_4707.png,0
Real faces/real_8729.png,0
Real faces/real_5608.png,0
Real faces/real_3360.png,0
Fake faces/fake_3042.png,1
Fake faces/fake_5991.png,1
Real faces/real_8093.png,0
Fake faces/fake_5016.png,1
Fake faces/fake_2112.png,1
Real faces/real_4878.png,0
Real faces/real_3804.png,0
Fake faces/fake_5728.png,1
Fake faces/fake_4744.png,1
Real faces/real_6486.png,0
Fake faces/fake_453.png,1
Real faces/real_6293.png,0
Fake faces/fake_7339.png,1
Real faces/real_7663.png,0
Fake faces/fake_582.png,1
Real faces/real_7304.png,0
Real faces/real_5076.png,0
Real faces/real_8253.png,0
Fake faces/fake_5840.png,1
Real faces/real_4696.png,0
Real faces/real_7576.png,0
Real faces/real_8116.png,0
Real faces/real_2297.png,0
Real faces/real_1642.png,0
Real faces/real_9606.png,0
Real faces/real_7546.png,0
Fake faces/fake_9205.png,1
Fake faces/fake_9621.png,1
Real faces/real_763.png,0
Fake faces/fake_4799.png,1
Fake faces/fake_8275.png,1
Real faces/real_9299.png,0
Fake faces/fake_5242.png,1
Real faces/real_8395.png,0
Real faces/real_644.png,0
Fake faces/fake_9935.png,1
Fake faces/fake_7307.png,1
Real faces/real_3297.png,0
Fake faces/fake_7218.png,1
Fake faces/fake_1930.png,1
Real faces/real_2340.png,0
Fake faces/fake_2452.png,1
Real faces/real_7430.png,0
Real faces/real_2913.png,0
Real faces/real_3351.png,0
Real faces/real_2390.png,0
Real faces/real_7004.png,0
Fake faces/fake_7447.png,1
Fake faces/fake_1001.png,1
Real faces/real_7207.png,0
Real faces/real_8757.png,0
Real faces/real_2477.png,0
Real faces/real_9414.png,0
Fake faces/fake_8967.png,1
Fake faces/fake_2199.png,1
Real faces/real_4558.png,0
Fake faces/fake_5245.png,1
Real faces/real_7904.png,0
Fake faces/fake_4849.png,1
Real faces/real_9273.png,0
Real faces/real_8815.png,0
Real faces/real_7039.png,0
Real faces/real_9849.png,0
Real faces/real_6021.png,0
Real faces/real_1126.png,0
Fake faces/fake_4018.png,1
Real faces/real_7308.png,0
Fake faces/fake_627.png,1
Real faces/real_6634.png,0
Fake faces/fake_4793.png,1
Fake faces/fake_6219.png,1
Fake faces/fake_2911.png,1
Real faces/real_1669.png,0
Fake faces/fake_3853.png,1
Real faces/real_8344.png,0
Real faces/real_8176.png,0
Fake faces/fake_8585.png,1
Fake faces/fake_2331.png,1
Fake faces/fake_8610.png,1
Real faces/real_3898.png,0
Real faces/real_6744.png,0
Real faces/real_7919.png,0
Real faces/real_6156.png,0
Real faces/real_3312.png,0
Real faces/real_479.png,0
Real faces/real_1596.png,0
Fake faces/fake_5813.png,1
Real faces/real_8915.png,0
Fake faces/fake_2662.png,1
Real faces/real_5715.png,0
Real faces/real_1786.png,0
Real faces/real_8254.png,0
Fake faces/fake_793.png,1
Fake faces/fake_4354.png,1
Fake faces/fake_76.png,1
Fake faces/fake_6730.png,1
Real faces/real_8040.png,0
Fake faces/fake_7947.png,1
Real faces/real_883.png,0
Real faces/real_543.png,0
Fake faces/fake_8456.png,1
Real faces/real_4919.png,0
Fake faces/fake_1797.png,1
Real faces/real_1977.png,0
Fake faces/fake_6636.png,1
Real faces/real_4457.png,0
Fake faces/fake_1863.png,1
Real faces/real_2160.png,0
Real faces/real_7820.png,0
Fake faces/fake_3313.png,1
Fake faces/fake_5930.png,1
Fake faces/fake_1585.png,1
Real faces/real_5434.png,0
Fake faces/fake_2667.png,1
Fake faces/fake_1998.png,1
Fake faces/fake_2171.png,1
Real faces/real_510.png,0
Fake faces/fake_6197.png,1
Real faces/real_8194.png,0
Real faces/real_839.png,0
Fake faces/fake_4322.png,1
Fake faces/fake_709.png,1
Fake faces/fake_7525.png,1
Real faces/real_4839.png,0
Real faces/real_4889.png,0
Fake faces/fake_2228.png,1
Real faces/real_762.png,0
Fake faces/fake_8012.png,1
Fake faces/fake_3286.png,1
Real faces/real_4840.png,0
Real faces/real_8358.png,0
Real faces/real_7076.png,0
Real faces/real_1142.png,0
Real faces/real_6189.png,0
Fake faces/fake_5860.png,1
Real faces/real_9500.png,0
Real faces/real_5461.png,0
Fake faces/fake_3987.png,1
Real faces/real_5156.png,0
Real faces/real_1801.png,0
Real faces/real_4756.png,0
Fake faces/fake_4413.png,1
Real faces/real_8909.png,0
Fake faces/fake_9528.png,1
Real faces/real_530.png,0
Real faces/real_1919.png,0
Fake faces/fake_3249.png,1
Fake faces/fake_1055.png,1
Fake faces/fake_5176.png,1
Fake faces/fake_9475.png,1
Real faces/real_1949.png,0
Fake faces/fake_56.png,1
Fake faces/fake_7169.png,1
Fake faces/fake_9960.png,1
Fake faces/fake_2661.png,1
Fake faces/fake_6733.png,1
Fake faces/fake_7627.png,1
Fake faces/fake_729.png,1
Fake faces/fake_1352.png,1
Real faces/real_6341.png,0
Real faces/real_9929.png,0
Fake faces/fake_7304.png,1
Fake faces/fake_9163.png,1
Real faces/real_7894.png,0
Real faces/real_1903.png,0
Fake faces/fake_8919.png,1
Real faces/real_6679.png,0
Fake faces/fake_4570.png,1
Fake faces/fake_8259.png,1
Real faces/real_1183.png,0
Real faces/real_3060.png,0
Real faces/real_3859.png,0
Fake faces/fake_4907.png,1
Real faces/real_9124.png,0
Real faces/real_288.png,0
Real faces/real_582.png,0
Real faces/real_4687.png,0
Real faces/real_3270.png,0
Real faces/real_7035.png,0
Real faces/real_8944.png,0
Real faces/real_3879.png,0
Real faces/real_9482.png,0
Real faces/real_2180.png,0
Fake faces/fake_9415.png,1
Real faces/real_7623.png,0
Real faces/real_9578.png,0
Fake faces/fake_2448.png,1
Fake faces/fake_8879.png,1
Fake faces/fake_8578.png,1
Fake faces/fake_9982.png,1
Real faces/real_9561.png,0
Real faces/real_8937.png,0
Fake faces/fake_604.png,1
Real faces/real_6201.png,0
Fake faces/fake_1455.png,1
Fake faces/fake_8880.png,1
Real faces/real_7635.png,0
Fake faces/fake_2437.png,1
Real faces/real_9129.png,0
Fake faces/fake_8090.png,1
Fake faces/fake_1696.png,1
Real faces/real_185.png,0
Real faces/real_9987.png,0
Fake faces/fake_1467.png,1
Real faces/real_4062.png,0
Fake faces/fake_5613.png,1
Real faces/real_1415.png,0
Fake faces/fake_62.png,1
Real faces/real_8649.png,0
Real faces/real_9279.png,0
Fake faces/fake_8212.png,1
Fake faces/fake_4694.png,1
Real faces/real_8898.png,0
Fake faces/fake_3208.png,1
Fake faces/fake_832.png,1
Fake faces/fake_6795.png,1
Fake faces/fake_6715.png,1
Fake faces/fake_1612.png,1
Real faces/real_9382.png,0
Real faces/real_6630.png,0
Real faces/real_7380.png,0
Fake faces/fake_7248.png,1
Real faces/real_9960.png,0
Real faces/real_2952.png,0
Fake faces/fake_1789.png,1
Fake faces/fake_8313.png,1
Real faces/real_6805.png,0
Real faces/real_8878.png,0
Real faces/real_2205.png,0
Fake faces/fake_2108.png,1
Fake faces/fake_8661.png,1
Fake faces/fake_782.png,1
Real faces/real_2456.png,0
Real faces/real_6096.png,0
Fake faces/fake_165.png,1
Fake faces/fake_2194.png,1
Real faces/real_7475.png,0
Real faces/real_2552.png,0
Real faces/real_6975.png,0
Real faces/real_1665.png,0
Real faces/real_3837.png,0
Fake faces/fake_2857.png,1
Real faces/real_2582.png,0
Real faces/real_802.png,0
Fake faces/fake_9476.png,1
Fake faces/fake_7072.png,1
Fake faces/fake_8863.png,1
Real faces/real_7963.png,0
Real faces/real_1811.png,0
Fake faces/fake_282.png,1
Real faces/real_3527.png,0
Real faces/real_4295.png,0
Real faces/real_602.png,0
Fake faces/fake_6531.png,1
Fake faces/fake_7190.png,1
Fake faces/fake_9056.png,1
Real faces/real_5040.png,0
Fake faces/fake_9687.png,1
Real faces/real_3275.png,0
Real faces/real_1760.png,0
Fake faces/fake_9.png,1
Fake faces/fake_9600.png,1
Fake faces/fake_9845.png,1
Fake faces/fake_9868.png,1
Fake faces/fake_8153.png,1
Fake faces/fake_3339.png,1
Fake faces/fake_9168.png,1
Fake faces/fake_7598.png,1
Real faces/real_43.png,0
Real faces/real_8807.png,0
Real faces/real_4969.png,0
Fake faces/fake_631.png,1
Fake faces/fake_5550.png,1
Fake faces/fake_9107.png,1
Fake faces/fake_5858.png,1
Fake faces/fake_5866.png,1
Real faces/real_874.png,0
Real faces/real_6877.png,0
Fake faces/fake_818.png,1
Real faces/real_1626.png,0
Real faces/real_8798.png,0
Real faces/real_9723.png,0
Real faces/real_2280.png,0
Fake faces/fake_5006.png,1
Real faces/real_979.png,0
Fake faces/fake_343.png,1
Real faces/real_3819.png,0
Fake faces/fake_513.png,1
Fake faces/fake_2191.png,1
Fake faces/fake_8399.png,1
Real faces/real_1179.png,0
Real faces/real_1018.png,0
Real faces/real_2955.png,0
Fake faces/fake_9210.png,1
Fake faces/fake_1850.png,1
Fake faces/fake_6510.png,1
Real faces/real_2400.png,0
Real faces/real_6945.png,0
Real faces/real_4646.png,0
Fake faces/fake_2098.png,1
Fake faces/fake_5878.png,1
Fake faces/fake_9830.png,1
Real faces/real_5425.png,0
Real faces/real_949.png,0
Fake faces/fake_2163.png,1
Fake faces/fake_8299.png,1
Real faces/real_5674.png,0
Fake faces/fake_9219.png,1
Fake faces/fake_4725.png,1
Real faces/real_5604.png,0
Fake faces/fake_4540.png,1
Real faces/real_321.png,0
Fake faces/fake_7885.png,1
Fake faces/fake_3727.png,1
Real faces/real_8217.png,0
Fake faces/fake_2612.png,1
Fake faces/fake_3603.png,1
Fake faces/fake_8155.png,1
Real faces/real_7254.png,0
Fake faces/fake_9684.png,1
Real faces/real_4359.png,0
Fake faces/fake_2536.png,1
Real faces/real_948.png,0
Real faces/real_9029.png,0
Fake faces/fake_2592.png,1
Fake faces/fake_5111.png,1
Fake faces/fake_9734.png,1
Real faces/real_5228.png,0
Fake faces/fake_7065.png,1
Real faces/real_8863.png,0
Real faces/real_4227.png,0
Fake faces/fake_9525.png,1
Fake faces/fake_701.png,1
Fake faces/fake_9322.png,1
Fake faces/fake_8841.png,1
Fake faces/fake_3564.png,1
Fake faces/fake_4785.png,1
Real faces/real_6393.png,0
Real faces/real_5120.png,0
Fake faces/fake_2248.png,1
Fake faces/fake_8062.png,1
Real faces/real_5239.png,0
Real faces/real_8289.png,0
Fake faces/fake_4406.png,1
Fake faces/fake_2852.png,1
Real faces/real_7391.png,0
Fake faces/fake_4111.png,1
Real faces/real_110.png,0
Fake faces/fake_4458.png,1
Fake faces/fake_8890.png,1
Real faces/real_4077.png,0
Fake faces/fake_2011.png,1
Fake faces/fake_9583.png,1
Real faces/real_6560.png,0
Real faces/real_8678.png,0
Fake faces/fake_9632.png,1
Real faces/real_8437.png,0
Real faces/real_5063.png,0
Fake faces/fake_7055.png,1
Real faces/real_95.png,0
Real faces/real_8589.png,0
Fake faces/fake_579.png,1
Real faces/real_2611.png,0
Fake faces/fake_5400.png,1
Fake faces/fake_8709.png,1
Fake faces/fake_1737.png,1
Fake faces/fake_3156.png,1
Fake faces/fake_8973.png,1
Real faces/real_5703.png,0
Fake faces/fake_3696.png,1
Fake faces/fake_3341.png,1
Real faces/real_9240.png,0
Fake faces/fake_1837.png,1
Real faces/real_6742.png,0
Fake faces/fake_8400.png,1
Real faces/real_4791.png,0
Fake faces/fake_7954.png,1
Real faces/real_8085.png,0
Real faces/real_319.png,0
Fake faces/fake_9349.png,1
Real faces/real_8527.png,0
Real faces/real_5913.png,0
Real faces/real_5614.png,0
Fake faces/fake_735.png,1
Real faces/real_5493.png,0
Fake faces/fake_3203.png,1
Real faces/real_330.png,0
Real faces/real_3116.png,0
Real faces/real_9402.png,0
Real faces/real_3331.png,0
Real faces/real_613.png,0
Fake faces/fake_4791.png,1
Fake faces/fake_4300.png,1
Real faces/real_9547.png,0
Fake faces/fake_5655.png,1
Real faces/real_6158.png,0
Fake faces/fake_1228.png,1
Fake faces/fake_4581.png,1
Real faces/real_9242.png,0
Fake faces/fake_8642.png,1
Fake faces/fake_9989.png,1
Real faces/real_8794.png,0
Fake faces/fake_6766.png,1
Real faces/real_7496.png,0
Fake faces/fake_1891.png,1
Real faces/real_3464.png,0
Fake faces/fake_5406.png,1
Real faces/real_6900.png,0
Real faces/real_7874.png,0
Real faces/real_6125.png,0
Real faces/real_1278.png,0
Fake faces/fake_328.png,1
Fake faces/fake_8680.png,1
Real faces/real_9977.png,0
Fake faces/fake_8953.png,1
Real faces/real_6057.png,0
Fake faces/fake_5436.png,1
Fake faces/fake_4608.png,1
Real faces/real_7018.png,0
Real faces/real_5688.png,0
Fake faces/fake_1284.png,1
Real faces/real_51.png,0
Real faces/real_8500.png,0
Real faces/real_92.png,0
Real faces/real_8218.png,0
Fake faces/fake_3223.png,1
Real faces/real_4329.png,0
Real faces/real_8604.png,0
Fake faces/fake_8702.png,1
Fake faces/fake_51.png,1
Real faces/real_7444.png,0
Fake faces/fake_7914.png,1
Real faces/real_8554.png,0
Real faces/real_9620.png,0
Fake faces/fake_6052.png,1
Real faces/real_5340.png,0
Real faces/real_9616.png,0
Fake faces/fake_1826.png,1
Real faces/real_7822.png,0
Real faces/real_7971.png,0
Real faces/real_3869.png,0
Real faces/real_9022.png,0
Real faces/real_9263.png,0
Real faces/real_2593.png,0
Fake faces/fake_2373.png,1
Fake faces/fake_9806.png,1
Real faces/real_4526.png,0
Real faces/real_8484.png,0
Fake faces/fake_2418.png,1
Real faces/real_6050.png,0
Real faces/real_8166.png,0
Fake faces/fake_3642.png,1
Real faces/real_6676.png,0
Fake faces/fake_5773.png,1
Fake faces/fake_5481.png,1
Real faces/real_7636.png,0
Fake faces/fake_3989.png,1
Real faces/real_573.png,0
Fake faces/fake_3937.png,1
Real faces/real_6993.png,0
Real faces/real_5396.png,0
Fake faces/fake_7534.png,1
Real faces/real_8931.png,0
Real faces/real_5679.png,0
Real faces/real_68.png,0
Fake faces/fake_4987.png,1
Fake faces/fake_2481.png,1
Real faces/real_4746.png,0
Real faces/real_8977.png,0
Fake faces/fake_5937.png,1
Fake faces/fake_9752.png,1
Real faces/real_5691.png,0
Fake faces/fake_4378.png,1
Fake faces/fake_601.png,1
Fake faces/fake_8277.png,1
Fake faces/fake_4426.png,1
Real faces/real_4341.png,0
Real faces/real_3017.png,0
Fake faces/fake_6215.png,1
Fake faces/fake_6282.png,1
Fake faces/fake_7220.png,1
Real faces/real_9298.png,0
Real faces/real_4075.png,0
Fake faces/fake_2620.png,1
Fake faces/fake_5978.png,1
Fake faces/fake_8816.png,1
Fake faces/fake_5479.png,1
Fake faces/fake_3732.png,1
Real faces/real_3495.png,0
Fake faces/fake_4077.png,1
Fake faces/fake_9827.png,1
Fake faces/fake_1011.png,1
Fake faces/fake_5533.png,1
Real faces/real_1485.png,0
Real faces/real_7652.png,0
Fake faces/fake_1217.png,1
Fake faces/fake_6883.png,1
Fake faces/fake_6817.png,1
Real faces/real_675.png,0
Real faces/real_5134.png,0
Real faces/real_23.png,0
Fake faces/fake_1876.png,1
Fake faces/fake_6421.png,1
Fake faces/fake_7123.png,1
Fake faces/fake_3242.png,1
Real faces/real_2036.png,0
Real faces/real_3065.png,0
Fake faces/fake_3304.png,1
Real faces/real_6109.png,0
Fake faces/fake_5724.png,1
Real faces/real_7098.png,0
Real faces/real_6375.png,0
Fake faces/fake_3328.png,1
Real faces/real_7980.png,0
Fake faces/fake_3081.png,1
Real faces/real_6927.png,0
Real faces/real_1041.png,0
Real faces/real_8725.png,0
Fake faces/fake_1087.png,1
Real faces/real_114.png,0
Real faces/real_6991.png,0
Real faces/real_4250.png,0
Real faces/real_7550.png,0
Real faces/real_8422.png,0
Real faces/real_9525.png,0
Fake faces/fake_3731.png,1
Real faces/real_3853.png,0
Real faces/real_5813.png,0
Fake faces/fake_6150.png,1
Fake faces/fake_1905.png,1
Real faces/real_1758.png,0
Fake faces/fake_7969.png,1
Real faces/real_7644.png,0
Real faces/real_3680.png,0
Fake faces/fake_8604.png,1
Fake faces/fake_2994.png,1
Real faces/real_3598.png,0
Fake faces/fake_6332.png,1
Real faces/real_7410.png,0
Fake faces/fake_5275.png,1
Fake faces/fake_7538.png,1
Real faces/real_6278.png,0
Real faces/real_9134.png,0
Fake faces/fake_3451.png,1
Real faces/real_6319.png,0
Fake faces/fake_5496.png,1
Fake faces/fake_1680.png,1
Fake faces/fake_1793.png,1
Real faces/real_1780.png,0
Real faces/real_9682.png,0
Fake faces/fake_6968.png,1
Real faces/real_3822.png,0
Fake faces/fake_5699.png,1
Fake faces/fake_12.png,1
Real faces/real_5837.png,0
Fake faces/fake_7228.png,1
Fake faces/fake_4004.png,1
Real faces/real_5044.png,0
Real faces/real_8932.png,0
Real faces/real_3838.png,0
Real faces/real_6351.png,0
Fake faces/fake_2283.png,1
Fake faces/fake_5366.png,1
Fake faces/fake_3742.png,1
Fake faces/fake_1644.png,1
Real faces/real_8999.png,0
Fake faces/fake_2013.png,1
Real faces/real_7790.png,0
Fake faces/fake_9788.png,1
Fake faces/fake_4209.png,1
Fake faces/fake_7774.png,1
Real faces/real_9020.png,0
Fake faces/fake_2259.png,1
Real faces/real_2984.png,0
Real faces/real_3279.png,0
Real faces/real_2815.png,0
Real faces/real_2649.png,0
Real faces/real_4923.png,0
Fake faces/fake_7283.png,1
Real faces/real_2347.png,0
Fake faces/fake_8846.png,1
Fake faces/fake_7628.png,1
Fake faces/fake_9371.png,1
Real faces/real_6635.png,0
Fake faces/fake_4464.png,1
Real faces/real_6708.png,0
Real faces/real_1414.png,0
Fake faces/fake_5080.png,1
Fake faces/fake_478.png,1
Real faces/real_6157.png,0
Real faces/real_3033.png,0
Fake faces/fake_2048.png,1
Real faces/real_3628.png,0
Fake faces/fake_9496.png,1
Fake faces/fake_7932.png,1
Real faces/real_5556.png,0
Real faces/real_1348.png,0
Real faces/real_8495.png,0
Real faces/real_7063.png,0
Fake faces/fake_1151.png,1
Real faces/real_5896.png,0
Real faces/real_8562.png,0
Real faces/real_1618.png,0
Real faces/real_8471.png,0
Real faces/real_7045.png,0
Real faces/real_2924.png,0
Real faces/real_3206.png,0
Fake faces/fake_2934.png,1
Real faces/real_4274.png,0
Fake faces/fake_8547.png,1
Fake faces/fake_6309.png,1
Fake faces/fake_1590.png,1
Fake faces/fake_9246.png,1
Real faces/real_1950.png,0
Real faces/real_4829.png,0
Fake faces/fake_5833.png,1
Real faces/real_9708.png,0
Real faces/real_1068.png,0
Real faces/real_3660.png,0
Fake faces/fake_9981.png,1
Real faces/real_2470.png,0
Real faces/real_2274.png,0
Real faces/real_1265.png,0
Real faces/real_9140.png,0
Real faces/real_7864.png,0
Fake faces/fake_3355.png,1
Real faces/real_3038.png,0
Fake faces/fake_5632.png,1
Fake faces/fake_5241.png,1
Real faces/real_8774.png,0
Fake faces/fake_4699.png,1
Real faces/real_5032.png,0
Fake faces/fake_1536.png,1
Real faces/real_347.png,0
Real faces/real_2260.png,0
Real faces/real_6277.png,0
Real faces/real_9467.png,0
Real faces/real_7091.png,0
Fake faces/fake_4714.png,1
Real faces/real_5880.png,0
Real faces/real_4952.png,0
Real faces/real_8762.png,0
Real faces/real_1477.png,0
Real faces/real_8372.png,0
Fake faces/fake_8071.png,1
Fake faces/fake_2342.png,1
Fake faces/fake_5228.png,1
Real faces/real_7248.png,0
Real faces/real_255.png,0
Real faces/real_7283.png,0
Real faces/real_9056.png,0
Real faces/real_4513.png,0
Real faces/real_107.png,0
Real faces/real_3717.png,0
Real faces/real_6702.png,0
Real faces/real_416.png,0
Real faces/real_6516.png,0
Fake faces/fake_6346.png,1
Fake faces/fake_9016.png,1
Fake faces/fake_1471.png,1
Fake faces/fake_8488.png,1
Fake faces/fake_1003.png,1
Fake faces/fake_4939.png,1
Fake faces/fake_5526.png,1
Real faces/real_4606.png,0
Fake faces/fake_3710.png,1
Fake faces/fake_3099.png,1
Real faces/real_1900.png,0
Real faces/real_7565.png,0
Fake faces/fake_92.png,1
Real faces/real_39.png,0
Fake faces/fake_6181.png,1
Fake faces/fake_5360.png,1
Real faces/real_8888.png,0
Real faces/real_2980.png,0
Fake faces/fake_8616.png,1
Fake faces/fake_9199.png,1
Real faces/real_3544.png,0
Real faces/real_2867.png,0
Fake faces/fake_1786.png,1
Fake faces/fake_6960.png,1
Real faces/real_4570.png,0
Real faces/real_6454.png,0
Real faces/real_1878.png,0
Fake faces/fake_2269.png,1
Real faces/real_3897.png,0
Real faces/real_2729.png,0
Fake faces/fake_4002.png,1
Real faces/real_6850.png,0
Real faces/real_414.png,0
Real faces/real_7887.png,0
Real faces/real_6386.png,0
Real faces/real_9787.png,0
Fake faces/fake_3497.png,1
Fake faces/fake_4863.png,1
Real faces/real_6485.png,0
Fake faces/fake_799.png,1
Real faces/real_6333.png,0
Fake faces/fake_8603.png,1
Real faces/real_5932.png,0
Fake faces/fake_6242.png,1
Real faces/real_8065.png,0
Fake faces/fake_7489.png,1
Fake faces/fake_178.png,1
Real faces/real_1787.png,0
Real faces/real_36.png,0
Real faces/real_7767.png,0
Real faces/real_4187.png,0
Real faces/real_1555.png,0
Real faces/real_7252.png,0
Real faces/real_6398.png,0
Fake faces/fake_4853.png,1
Fake faces/fake_3284.png,1
Real faces/real_3708.png,0
Fake faces/fake_9097.png,1
Fake faces/fake_5160.png,1
Fake faces/fake_3606.png,1
Real faces/real_5775.png,0
Real faces/real_9332.png,0
Fake faces/fake_6463.png,1
Fake faces/fake_2822.png,1
Real faces/real_7073.png,0
Fake faces/fake_4671.png,1
Fake faces/fake_685.png,1
Fake faces/fake_2212.png,1
Real faces/real_1746.png,0
Fake faces/fake_4970.png,1
Fake faces/fake_6389.png,1
Real faces/real_7260.png,0
Fake faces/fake_9063.png,1
Real faces/real_4038.png,0
Real faces/real_3705.png,0
Real faces/real_3955.png,0
Fake faces/fake_477.png,1
Real faces/real_3428.png,0
Fake faces/fake_9027.png,1
Real faces/real_2507.png,0
Real faces/real_4681.png,0
Real faces/real_8402.png,0
Real faces/real_4747.png,0
Fake faces/fake_2146.png,1
Fake faces/fake_2710.png,1
Fake faces/fake_2391.png,1
Fake faces/fake_3720.png,1
Fake faces/fake_6344.png,1
Fake faces/fake_9594.png,1
Real faces/real_1809.png,0
Fake faces/fake_3912.png,1
Fake faces/fake_5015.png,1
Fake faces/fake_3417.png,1
Fake faces/fake_271.png,1
Real faces/real_1715.png,0
Real faces/real_7614.png,0
Real faces/real_8676.png,0
Real faces/real_6436.png,0
Fake faces/fake_6322.png,1
Real faces/real_5828.png,0
Fake faces/fake_9662.png,1
Fake faces/fake_5281.png,1
Real faces/real_7351.png,0
Fake faces/fake_5621.png,1
Fake faces/fake_2411.png,1
Real faces/real_1250.png,0
Real faces/real_6929.png,0
Fake faces/fake_1161.png,1
Fake faces/fake_3505.png,1
Fake faces/fake_7928.png,1
Fake faces/fake_6776.png,1
Fake faces/fake_7939.png,1
Real faces/real_4861.png,0
Real faces/real_2303.png,0
Real faces/real_6908.png,0
Fake faces/fake_1654.png,1
Fake faces/fake_8729.png,1
Real faces/real_8910.png,0
Real faces/real_8581.png,0
Fake faces/fake_352.png,1
Fake faces/fake_1351.png,1
Real faces/real_8250.png,0
Fake faces/fake_4986.png,1
Real faces/real_6680.png,0
Fake faces/fake_7395.png,1
Fake faces/fake_9853.png,1
Fake faces/fake_3878.png,1
Real faces/real_2822.png,0
Fake faces/fake_4947.png,1
Real faces/real_1973.png,0
Fake faces/fake_700.png,1
Real faces/real_267.png,0
Fake faces/fake_9924.png,1
Fake faces/fake_4499.png,1
Real faces/real_2770.png,0
Real faces/real_2329.png,0
Fake faces/fake_6360.png,1
Fake faces/fake_6167.png,1
Fake faces/fake_8699.png,1
Real faces/real_7991.png,0
Fake faces/fake_6912.png,1
Fake faces/fake_2291.png,1
Real faces/real_318.png,0
Real faces/real_1536.png,0
Real faces/real_1471.png,0
Fake faces/fake_5495.png,1
Real faces/real_1369.png,0
Real faces/real_740.png,0
Real faces/real_9362.png,0
Real faces/real_1188.png,0
Fake faces/fake_9865.png,1
Fake faces/fake_4416.png,1
Fake faces/fake_2311.png,1
Fake faces/fake_260.png,1
Real faces/real_7383.png,0
Real faces/real_3487.png,0
Real faces/real_6044.png,0
Fake faces/fake_437.png,1
Fake faces/fake_8526.png,1
Real faces/real_1233.png,0
Real faces/real_9869.png,0
Fake faces/fake_6220.png,1
Fake faces/fake_5760.png,1
Fake faces/fake_8444.png,1
Real faces/real_8981.png,0
Fake faces/fake_4347.png,1
Fake faces/fake_4762.png,1
Real faces/real_1291.png,0
Fake faces/fake_9208.png,1
Fake faces/fake_3358.png,1
Fake faces/fake_9424.png,1
Real faces/real_7862.png,0
Fake faces/fake_4058.png,1
Fake faces/fake_4914.png,1
Real faces/real_562.png,0
Real faces/real_1031.png,0
Real faces/real_5765.png,0
Fake faces/fake_2565.png,1
Fake faces/fake_2946.png,1
Fake faces/fake_1940.png,1
Real faces/real_7058.png,0
Real faces/real_4377.png,0
Fake faces/fake_3930.png,1
Fake faces/fake_7054.png,1
Real faces/real_6976.png,0
Fake faces/fake_2279.png,1
Fake faces/fake_1719.png,1
Fake faces/fake_2221.png,1
Real faces/real_5712.png,0
Real faces/real_7640.png,0
Real faces/real_1249.png,0
Fake faces/fake_3791.png,1
Fake faces/fake_1729.png,1
Real faces/real_2218.png,0
Fake faces/fake_8629.png,1
Fake faces/fake_2969.png,1
Fake faces/fake_3384.png,1
Fake faces/fake_3867.png,1
Fake faces/fake_3821.png,1
Fake faces/fake_7495.png,1
Fake faces/fake_4026.png,1
Real faces/real_9592.png,0
Real faces/real_6334.png,0
Real faces/real_4549.png,0
Fake faces/fake_7810.png,1
Real faces/real_7044.png,0
Fake faces/fake_8553.png,1
Fake faces/fake_7252.png,1
Real faces/real_2354.png,0
Fake faces/fake_9031.png,1
Fake faces/fake_5834.png,1
Fake faces/fake_3452.png,1
Real faces/real_5327.png,0
Real faces/real_1434.png,0
Real faces/real_264.png,0
Real faces/real_8324.png,0
Fake faces/fake_1130.png,1
Fake faces/fake_5276.png,1
Fake faces/fake_9689.png,1
Fake faces/fake_2615.png,1
Fake faces/fake_1452.png,1
Real faces/real_6347.png,0
Real faces/real_8584.png,0
Real faces/real_3378.png,0
Fake faces/fake_6955.png,1
Fake faces/fake_4474.png,1
Real faces/real_8620.png,0
Real faces/real_1437.png,0
Fake faces/fake_4414.png,1
Real faces/real_7960.png,0
Fake faces/fake_1941.png,1
Real faces/real_4692.png,0
Real faces/real_7441.png,0
Real faces/real_6255.png,0
Fake faces/fake_942.png,1
Real faces/real_8594.png,0
Fake faces/fake_1298.png,1
Fake faces/fake_5455.png,1
Real faces/real_65.png,0
Fake faces/fake_6307.png,1
Fake faces/fake_3114.png,1
Fake faces/fake_2986.png,1
Real faces/real_6185.png,0
Fake faces/fake_5723.png,1
Real faces/real_2865.png,0
Fake faces/fake_7274.png,1
Fake faces/fake_5700.png,1
Real faces/real_5113.png,0
Real faces/real_4408.png,0
Real faces/real_6025.png,0
Real faces/real_9679.png,0
Real faces/real_6890.png,0
Real faces/real_7512.png,0
Real faces/real_1421.png,0
Fake faces/fake_8735.png,1
Fake faces/fake_319.png,1
Fake faces/fake_1013.png,1
Real faces/real_8000.png,0
Real faces/real_7102.png,0
Real faces/real_4349.png,0
Real faces/real_1660.png,0
Real faces/real_73.png,0
Real faces/real_1843.png,0
Real faces/real_770.png,0
Fake faces/fake_3904.png,1
Real faces/real_1285.png,0
Fake faces/fake_6134.png,1
Fake faces/fake_893.png,1
Real faces/real_1941.png,0
Fake faces/fake_1867.png,1
Real faces/real_9978.png,0
Real faces/real_8265.png,0
Real faces/real_3397.png,0
Fake faces/fake_9375.png,1
Real faces/real_5064.png,0
Fake faces/fake_553.png,1
Real faces/real_4027.png,0
Fake faces/fake_2510.png,1
Fake faces/fake_3909.png,1
Fake faces/fake_9665.png,1
Real faces/real_5897.png,0
Fake faces/fake_5765.png,1
Real faces/real_3963.png,0
Real faces/real_3937.png,0
Fake faces/fake_9241.png,1
Real faces/real_9820.png,0
Real faces/real_1110.png,0
Real faces/real_4414.png,0
Fake faces/fake_9191.png,1
Fake faces/fake_71.png,1
Fake faces/fake_869.png,1
Real faces/real_3146.png,0
Real faces/real_1377.png,0
Fake faces/fake_2245.png,1
Real faces/real_7507.png,0
Real faces/real_144.png,0
Real faces/real_6192.png,0
Real faces/real_3514.png,0
Fake faces/fake_5853.png,1
Real faces/real_7272.png,0
Real faces/real_6071.png,0
Fake faces/fake_4946.png,1
Fake faces/fake_4035.png,1
Fake faces/fake_4615.png,1
Fake faces/fake_2197.png,1
Fake faces/fake_5694.png,1
Real faces/real_1830.png,0
Real faces/real_4181.png,0
Fake faces/fake_7873.png,1
Fake faces/fake_9522.png,1
Real faces/real_5957.png,0
Fake faces/fake_2883.png,1
Fake faces/fake_6894.png,1
Real faces/real_1055.png,0
Real faces/real_9664.png,0
Real faces/real_594.png,0
Fake faces/fake_7513.png,1
Real faces/real_1525.png,0
Fake faces/fake_855.png,1
Real faces/real_5824.png,0
Real faces/real_5154.png,0
Real faces/real_9658.png,0
Fake faces/fake_6208.png,1
Fake faces/fake_4660.png,1
Fake faces/fake_619.png,1
Fake faces/fake_1197.png,1
Real faces/real_761.png,0
Real faces/real_7824.png,0
Fake faces/fake_5906.png,1
Fake faces/fake_7272.png,1
Fake faces/fake_4614.png,1
Real faces/real_81.png,0
Real faces/real_7042.png,0
Fake faces/fake_7058.png,1
Real faces/real_8724.png,0
Real faces/real_958.png,0
Real faces/real_8664.png,0
Real faces/real_6609.png,0
Fake faces/fake_4933.png,1
Fake faces/fake_9753.png,1
Real faces/real_7238.png,0
Fake faces/fake_3588.png,1
Fake faces/fake_4516.png,1
Real faces/real_3954.png,0
Real faces/real_4403.png,0
Fake faces/fake_5885.png,1
Fake faces/fake_2968.png,1
Real faces/real_4511.png,0
Fake faces/fake_4790.png,1
Real faces/real_6857.png,0
Real faces/real_5353.png,0
Real faces/real_4587.png,0
Fake faces/fake_3472.png,1
Fake faces/fake_1347.png,1
Fake faces/fake_8073.png,1
Fake faces/fake_6785.png,1
Fake faces/fake_2028.png,1
Fake faces/fake_8337.png,1
Real faces/real_3724.png,0
Real faces/real_1264.png,0
Real faces/real_4867.png,0
Fake faces/fake_7438.png,1
Real faces/real_7255.png,0
Fake faces/fake_6292.png,1
Real faces/real_9792.png,0
Fake faces/fake_6903.png,1
Real faces/real_4374.png,0
Real faces/real_4087.png,0
Fake faces/fake_4603.png,1
Fake faces/fake_7814.png,1
Real faces/real_1897.png,0
Fake faces/fake_7267.png,1
Real faces/real_7416.png,0
Fake faces/fake_2545.png,1
Fake faces/fake_7524.png,1
Fake faces/fake_4500.png,1
Real faces/real_2529.png,0
Fake faces/fake_5951.png,1
Real faces/real_8104.png,0
Real faces/real_6922.png,0
Real faces/real_8907.png,0
Real faces/real_660.png,0
Fake faces/fake_8471.png,1
Real faces/real_8744.png,0
Real faces/real_1118.png,0
Real faces/real_1287.png,0
Fake faces/fake_3257.png,1
Fake faces/fake_7098.png,1
Real faces/real_7358.png,0
Real faces/real_2316.png,0
Real faces/real_1417.png,0
Fake faces/fake_3902.png,1
Real faces/real_7.png,0
Fake faces/fake_9927.png,1
Real faces/real_994.png,0
Fake faces/fake_6089.png,1
Real faces/real_4292.png,0
Fake faces/fake_4191.png,1
Real faces/real_9236.png,0
Real faces/real_2409.png,0
Real faces/real_296.png,0
Real faces/real_1864.png,0
Fake faces/fake_2867.png,1
Fake faces/fake_9444.png,1
Fake faces/fake_3477.png,1
Fake faces/fake_6701.png,1
Fake faces/fake_6491.png,1
Real faces/real_1145.png,0
Real faces/real_5789.png,0
Fake faces/fake_1908.png,1
Fake faces/fake_2920.png,1
Fake faces/fake_8862.png,1
Fake faces/fake_4185.png,1
Fake faces/fake_8592.png,1
Fake faces/fake_2488.png,1
Fake faces/fake_3326.png,1
Fake faces/fake_4501.png,1
Fake faces/fake_8315.png,1
Fake faces/fake_2930.png,1
Fake faces/fake_7789.png,1
Fake faces/fake_829.png,1
Fake faces/fake_6170.png,1
Fake faces/fake_8474.png,1
Real faces/real_8381.png,0
Fake faces/fake_9224.png,1
Real faces/real_477.png,0
Fake faces/fake_9834.png,1
Fake faces/fake_3545.png,1
Real faces/real_4190.png,0
Fake faces/fake_1119.png,1
Fake faces/fake_8993.png,1
Fake faces/fake_6402.png,1
Fake faces/fake_767.png,1
Fake faces/fake_8351.png,1
Fake faces/fake_2205.png,1
Real faces/real_658.png,0
Real faces/real_2723.png,0
Real faces/real_1793.png,0
Fake faces/fake_2006.png,1
Real faces/real_5430.png,0
Fake faces/fake_7528.png,1
Real faces/real_493.png,0
Real faces/real_4253.png,0
Fake faces/fake_5685.png,1
Real faces/real_1463.png,0
Fake faces/fake_3091.png,1
Fake faces/fake_2714.png,1
Real faces/real_4008.png,0
Real faces/real_2287.png,0
Fake faces/fake_1934.png,1
Fake faces/fake_9551.png,1
Real faces/real_9157.png,0
Real faces/real_444.png,0
Real faces/real_8630.png,0
Real faces/real_672.png,0
Fake faces/fake_1949.png,1
Fake faces/fake_7081.png,1
Fake faces/fake_4090.png,1
Real faces/real_5740.png,0
Real faces/real_1494.png,0
Fake faces/fake_8359.png,1
Real faces/real_5261.png,0
Fake faces/fake_197.png,1
Real faces/real_3751.png,0
Fake faces/fake_6228.png,1
Real faces/real_756.png,0
Fake faces/fake_2515.png,1
Fake faces/fake_6354.png,1
Fake faces/fake_5065.png,1
Fake faces/fake_1951.png,1
Fake faces/fake_8598.png,1
Fake faces/fake_8124.png,1
Real faces/real_1374.png,0
Fake faces/fake_768.png,1
Fake faces/fake_2010.png,1
Real faces/real_6572.png,0
Real faces/real_537.png,0
Real faces/real_8904.png,0
Fake faces/fake_3605.png,1
Real faces/real_6144.png,0
Real faces/real_646.png,0
Fake faces/fake_8717.png,1
Real faces/real_2186.png,0
Fake faces/fake_4837.png,1
Fake faces/fake_82.png,1
Fake faces/fake_497.png,1
Fake faces/fake_5116.png,1
Fake faces/fake_2739.png,1
Real faces/real_9690.png,0
Real faces/real_1884.png,0
Fake faces/fake_5690.png,1
Fake faces/fake_6633.png,1
Fake faces/fake_1306.png,1
Real faces/real_3030.png,0
Real faces/real_2102.png,0
Fake faces/fake_7725.png,1
Real faces/real_7145.png,0
Real faces/real_3891.png,0
Fake faces/fake_4643.png,1
Real faces/real_1995.png,0
Fake faces/fake_1761.png,1
Real faces/real_5403.png,0
Fake faces/fake_1976.png,1
Real faces/real_5292.png,0
Real faces/real_8051.png,0
Fake faces/fake_4311.png,1
Fake faces/fake_8203.png,1
Real faces/real_4925.png,0
Fake faces/fake_8727.png,1
Fake faces/fake_731.png,1
Fake faces/fake_9155.png,1
Real faces/real_2978.png,0
Real faces/real_3573.png,0
Fake faces/fake_6017.png,1
Fake faces/fake_7507.png,1
Fake faces/fake_2554.png,1
Real faces/real_1115.png,0
Fake faces/fake_9281.png,1
Real faces/real_3466.png,0
Real faces/real_5145.png,0
Fake faces/fake_6035.png,1
Fake faces/fake_5639.png,1
Fake faces/fake_9502.png,1
Fake faces/fake_5546.png,1
Real faces/real_7388.png,0
Fake faces/fake_5756.png,1
Fake faces/fake_502.png,1
Fake faces/fake_8127.png,1
Real faces/real_8232.png,0
Fake faces/fake_8274.png,1
Real faces/real_2538.png,0
Fake faces/fake_2167.png,1
Real faces/real_5383.png,0
Fake faces/fake_3537.png,1
Real faces/real_7624.png,0
Real faces/real_9027.png,0
Real faces/real_7025.png,0
Fake faces/fake_9353.png,1
Real faces/real_799.png,0
Fake faces/fake_6985.png,1
Real faces/real_427.png,0
Fake faces/fake_9428.png,1
Fake faces/fake_7912.png,1
Fake faces/fake_9639.png,1
Fake faces/fake_6856.png,1
Fake faces/fake_8058.png,1
Real faces/real_7634.png,0
Real faces/real_3131.png,0
Real faces/real_232.png,0
Real faces/real_3037.png,0
Fake faces/fake_5544.png,1
Fake faces/fake_5832.png,1
Fake faces/fake_7475.png,1
Fake faces/fake_1640.png,1
Real faces/real_7423.png,0
Fake faces/fake_2858.png,1
Fake faces/fake_7011.png,1
Fake faces/fake_9425.png,1
Real faces/real_9389.png,0
Fake faces/fake_532.png,1
Real faces/real_5369.png,0
Fake faces/fake_3269.png,1
Fake faces/fake_9359.png,1
Fake faces/fake_8952.png,1
Fake faces/fake_3485.png,1
Real faces/real_3157.png,0
Real faces/real_6884.png,0
Real faces/real_7342.png,0
Fake faces/fake_2466.png,1
Real faces/real_9958.png,0
Real faces/real_7902.png,0
Real faces/real_9329.png,0
Real faces/real_6739.png,0
Fake faces/fake_4459.png,1
Fake faces/fake_8178.png,1
Real faces/real_4412.png,0
Real faces/real_2314.png,0
Real faces/real_2018.png,0
Real faces/real_7412.png,0
Fake faces/fake_471.png,1
Fake faces/fake_558.png,1
Fake faces/fake_9906.png,1
Fake faces/fake_8358.png,1
Fake faces/fake_561.png,1
Fake faces/fake_7292.png,1
Real faces/real_3424.png,0
Fake faces/fake_8895.png,1
Real faces/real_9403.png,0
Fake faces/fake_9705.png,1
Real faces/real_9845.png,0
Fake faces/fake_744.png,1
Real faces/real_4080.png,0
Real faces/real_4962.png,0
Fake faces/fake_6424.png,1
Fake faces/fake_3327.png,1
Real faces/real_8209.png,0
Real faces/real_797.png,0
Real faces/real_5467.png,0
Real faces/real_1883.png,0
Real faces/real_9827.png,0
Fake faces/fake_3340.png,1
Real faces/real_2372.png,0
Real faces/real_8011.png,0
Real faces/real_1198.png,0
Fake faces/fake_1049.png,1
Fake faces/fake_175.png,1
Real faces/real_6167.png,0
Real faces/real_4094.png,0
Fake faces/fake_9945.png,1
Real faces/real_480.png,0
Real faces/real_7126.png,0
Fake faces/fake_3291.png,1
Fake faces/fake_4393.png,1
Real faces/real_8261.png,0
Real faces/real_6939.png,0
Fake faces/fake_3285.png,1
Real faces/real_1331.png,0
Fake faces/fake_3730.png,1
Real faces/real_3305.png,0
Real faces/real_4355.png,0
Real faces/real_3104.png,0
Fake faces/fake_5891.png,1
Real faces/real_9584.png,0
Real faces/real_9568.png,0
Real faces/real_1420.png,0
Real faces/real_5205.png,0
Fake faces/fake_9877.png,1
Fake faces/fake_1122.png,1
Fake faces/fake_8909.png,1
Real faces/real_1709.png,0
Real faces/real_9255.png,0
Real faces/real_430.png,0
Fake faces/fake_8853.png,1
Fake faces/fake_9501.png,1
Real faces/real_2328.png,0
Real faces/real_227.png,0
Real faces/real_9703.png,0
Real faces/real_577.png,0
Real faces/real_4233.png,0
Real faces/real_684.png,0
Real faces/real_6818.png,0
Real faces/real_7750.png,0
Real faces/real_5220.png,0
Real faces/real_3785.png,0
Fake faces/fake_9030.png,1
Real faces/real_5794.png,0
Real faces/real_8953.png,0
Real faces/real_8751.png,0
Real faces/real_8988.png,0
Fake faces/fake_3158.png,1
Fake faces/fake_7341.png,1
Real faces/real_6973.png,0
Fake faces/fake_4509.png,1
Real faces/real_8494.png,0
Real faces/real_6037.png,0
Real faces/real_6431.png,0
Fake faces/fake_7462.png,1
Fake faces/fake_7717.png,1
Real faces/real_2758.png,0
Fake faces/fake_2135.png,1
Real faces/real_1654.png,0
Real faces/real_1292.png,0
Real faces/real_7855.png,0
Fake faces/fake_1552.png,1
Real faces/real_591.png,0
Fake faces/fake_3572.png,1
Fake faces/fake_1147.png,1
Real faces/real_5137.png,0
Fake faces/fake_6854.png,1
Fake faces/fake_911.png,1
Fake faces/fake_3570.png,1
Fake faces/fake_6090.png,1
Fake faces/fake_1012.png,1
Fake faces/fake_8898.png,1
Real faces/real_5697.png,0
Fake faces/fake_5219.png,1
Real faces/real_4979.png,0
Real faces/real_4888.png,0
Fake faces/fake_5417.png,1
Fake faces/fake_2210.png,1
Real faces/real_2847.png,0
Real faces/real_8370.png,0
Fake faces/fake_4377.png,1
Fake faces/fake_976.png,1
Real faces/real_9863.png,0
Fake faces/fake_8924.png,1
Real faces/real_4635.png,0
Real faces/real_3540.png,0
Fake faces/fake_3305.png,1
Real faces/real_2383.png,0
Fake faces/fake_162.png,1
Real faces/real_5977.png,0
Real faces/real_1160.png,0
Real faces/real_5955.png,0
Real faces/real_8967.png,0
Fake faces/fake_7377.png,1
Fake faces/fake_6427.png,1
Fake faces/fake_6513.png,1
Real faces/real_2768.png,0
Real faces/real_2634.png,0
Real faces/real_1573.png,0
Fake faces/fake_1628.png,1
Real faces/real_3951.png,0
Fake faces/fake_9888.png,1
Fake faces/fake_4302.png,1
Fake faces/fake_7821.png,1
Fake faces/fake_1289.png,1
Real faces/real_1329.png,0
Fake faces/fake_2203.png,1
Real faces/real_3916.png,0
Real faces/real_3772.png,0
Real faces/real_5484.png,0
Real faces/real_6081.png,0
Fake faces/fake_5144.png,1
Real faces/real_1050.png,0
Real faces/real_623.png,0
Real faces/real_8009.png,0
Fake faces/fake_1412.png,1
Fake faces/fake_891.png,1
Real faces/real_9292.png,0
Fake faces/fake_9272.png,1
Real faces/real_3080.png,0
Real faces/real_1501.png,0
Real faces/real_4995.png,0
Fake faces/fake_8449.png,1
Fake faces/fake_5986.png,1
Fake faces/fake_8047.png,1
Fake faces/fake_2651.png,1
Fake faces/fake_3810.png,1
Real faces/real_7770.png,0
Real faces/real_2532.png,0
Fake faces/fake_7845.png,1
Fake faces/fake_1943.png,1
Real faces/real_1100.png,0
Fake faces/fake_5088.png,1
Fake faces/fake_4199.png,1
Fake faces/fake_6508.png,1
Fake faces/fake_6367.png,1
Fake faces/fake_6002.png,1
Real faces/real_4722.png,0
Real faces/real_6112.png,0
Real faces/real_4238.png,0
Real faces/real_7978.png,0
Real faces/real_6435.png,0
Fake faces/fake_7520.png,1
Fake faces/fake_3649.png,1
Real faces/real_7032.png,0
Fake faces/fake_7683.png,1
Fake faces/fake_9549.png,1
Real faces/real_1472.png,0
Fake faces/fake_2854.png,1
Fake faces/fake_8883.png,1
Fake faces/fake_5126.png,1
Fake faces/fake_5909.png,1
Real faces/real_849.png,0
Fake faces/fake_9999.png,1
Fake faces/fake_8990.png,1
Fake faces/fake_267.png,1
Fake faces/fake_8840.png,1
Fake faces/fake_2419.png,1
Real faces/real_2210.png,0
Fake faces/fake_3857.png,1
Real faces/real_3202.png,0
Fake faces/fake_6888.png,1
Fake faces/fake_7798.png,1
Fake faces/fake_1979.png,1
Fake faces/fake_9033.png,1
Real faces/real_1284.png,0
Real faces/real_8606.png,0
Real faces/real_3593.png,0
Fake faces/fake_6416.png,1
Fake faces/fake_1720.png,1
Fake faces/fake_7347.png,1
Fake faces/fake_8409.png,1
Real faces/real_3271.png,0
Real faces/real_4717.png,0
Real faces/real_1004.png,0
Fake faces/fake_4583.png,1
Fake faces/fake_9477.png,1
Fake faces/fake_3387.png,1
Real faces/real_8457.png,0
Fake faces/fake_4963.png,1
Fake faces/fake_3403.png,1
Real faces/real_6212.png,0
Fake faces/fake_4542.png,1
Fake faces/fake_7729.png,1
Real faces/real_3542.png,0
Fake faces/fake_9074.png,1
Real faces/real_253.png,0
Fake faces/fake_5767.png,1
Fake faces/fake_908.png,1
Real faces/real_9340.png,0
Real faces/real_2142.png,0
Real faces/real_6092.png,0
Real faces/real_6403.png,0
Real faces/real_7632.png,0
Real faces/real_1728.png,0
Real faces/real_9274.png,0
Real faces/real_1671.png,0
Fake faces/fake_6004.png,1
Fake faces/fake_4802.png,1
Fake faces/fake_85.png,1
Real faces/real_1971.png,0
Fake faces/fake_2464.png,1
Fake faces/fake_7146.png,1
Fake faces/fake_9370.png,1
Real faces/real_7807.png,0
Real faces/real_694.png,0
Real faces/real_5729.png,0
Fake faces/fake_2406.png,1
Fake faces/fake_2861.png,1
Fake faces/fake_9796.png,1
Fake faces/fake_369.png,1
Fake faces/fake_9714.png,1
Fake faces/fake_574.png,1
Fake faces/fake_904.png,1
Fake faces/fake_9194.png,1
Fake faces/fake_4293.png,1
Real faces/real_3094.png,0
Fake faces/fake_5128.png,1
Real faces/real_7364.png,0
Real faces/real_2114.png,0
Fake faces/fake_5783.png,1
Real faces/real_2273.png,0
Fake faces/fake_6314.png,1
Real faces/real_3244.png,0
Fake faces/fake_3362.png,1
Real faces/real_6182.png,0
Real faces/real_5041.png,0
Real faces/real_4817.png,0
Fake faces/fake_8524.png,1
Real faces/real_3563.png,0
Fake faces/fake_7269.png,1
Fake faces/fake_583.png,1
Real faces/real_6176.png,0
Fake faces/fake_7244.png,1
Real faces/real_6312.png,0
Fake faces/fake_8147.png,1
Fake faces/fake_7420.png,1
Real faces/real_656.png,0
Real faces/real_6684.png,0
Real faces/real_9994.png,0
Fake faces/fake_2843.png,1
Fake faces/fake_2335.png,1
Fake faces/fake_1447.png,1
Fake faces/fake_9129.png,1
Real faces/real_3231.png,0
Fake faces/fake_2663.png,1
Real faces/real_2484.png,0
Real faces/real_7205.png,0
Real faces/real_5967.png,0
Fake faces/fake_2188.png,1
Real faces/real_952.png,0
Real faces/real_9361.png,0
Fake faces/fake_18.png,1
Real faces/real_5664.png,0
Fake faces/fake_8522.png,1
Real faces/real_7028.png,0
Fake faces/fake_2038.png,1
Real faces/real_3409.png,0
Real faces/real_4775.png,0
Fake faces/fake_5096.png,1
Fake faces/fake_9798.png,1
Fake faces/fake_8200.png,1
Real faces/real_1461.png,0
Real faces/real_9024.png,0
Fake faces/fake_9337.png,1
Real faces/real_7953.png,0
Fake faces/fake_7311.png,1
Fake faces/fake_6290.png,1
Fake faces/fake_8345.png,1
Fake faces/fake_4014.png,1
Real faces/real_5152.png,0
Real faces/real_1146.png,0
Real faces/real_1937.png,0
Fake faces/fake_7346.png,1
Fake faces/fake_2959.png,1
Fake faces/fake_2509.png,1
Fake faces/fake_5893.png,1
Real faces/real_5914.png,0
Real faces/real_456.png,0
Fake faces/fake_4453.png,1
Real faces/real_5397.png,0
Fake faces/fake_3665.png,1
Real faces/real_3858.png,0
Real faces/real_96.png,0
Real faces/real_3130.png,0
Real faces/real_8015.png,0
Real faces/real_6780.png,0
Real faces/real_6618.png,0
Real faces/real_2627.png,0
Real faces/real_3773.png,0
Real faces/real_2239.png,0
Real faces/real_3663.png,0
Fake faces/fake_5712.png,1
Fake faces/fake_3957.png,1
Real faces/real_5138.png,0
Fake faces/fake_5101.png,1
Real faces/real_2389.png,0
Fake faces/fake_8184.png,1
Fake faces/fake_6271.png,1
Real faces/real_3082.png,0
Fake faces/fake_9747.png,1
Fake faces/fake_8229.png,1
Fake faces/fake_392.png,1
Real faces/real_5591.png,0
Real faces/real_1663.png,0
Real faces/real_2901.png,0
Real faces/real_4099.png,0
Real faces/real_4268.png,0
Fake faces/fake_212.png,1
Fake faces/fake_1560.png,1
Fake faces/fake_3759.png,1
Real faces/real_8127.png,0
Real faces/real_6883.png,0
Fake faces/fake_5814.png,1
Real faces/real_9935.png,0
Real faces/real_2397.png,0
Real faces/real_8899.png,0
Real faces/real_4184.png,0
Fake faces/fake_2027.png,1
Real faces/real_2576.png,0
Real faces/real_2373.png,0
Fake faces/fake_4700.png,1
Real faces/real_6633.png,0
Fake faces/fake_3412.png,1
Fake faces/fake_4144.png,1
Fake faces/fake_5569.png,1
Fake faces/fake_3571.png,1
Real faces/real_9473.png,0
Fake faces/fake_185.png,1
Fake faces/fake_792.png,1
Real faces/real_5640.png,0
Real faces/real_9001.png,0
Real faces/real_9287.png,0
Real faces/real_2515.png,0
Real faces/real_4262.png,0
Fake faces/fake_4080.png,1
Fake faces/fake_7324.png,1
Real faces/real_415.png,0
Fake faces/fake_9019.png,1
Real faces/real_5013.png,0
Fake faces/fake_7480.png,1
Real faces/real_5778.png,0
Real faces/real_7188.png,0
Fake faces/fake_7823.png,1
Real faces/real_3695.png,0
Real faces/real_710.png,0
Fake faces/fake_3359.png,1
Real faces/real_4503.png,0
Fake faces/fake_960.png,1
Real faces/real_9441.png,0
Fake faces/fake_3997.png,1
Fake faces/fake_6470.png,1
Real faces/real_1495.png,0
Fake faces/fake_1550.png,1
Fake faces/fake_3558.png,1
Real faces/real_6249.png,0
Real faces/real_9433.png,0
Fake faces/fake_5929.png,1
Real faces/real_4091.png,0
Fake faces/fake_3039.png,1
Real faces/real_2888.png,0
Real faces/real_4928.png,0
Fake faces/fake_5090.png,1
Real faces/real_1523.png,0
Fake faces/fake_6995.png,1
Fake faces/fake_1098.png,1
Real faces/real_7249.png,0
Real faces/real_5206.png,0
Real faces/real_1241.png,0
Real faces/real_1406.png,0
Real faces/real_3319.png,0
Fake faces/fake_2305.png,1
Real faces/real_916.png,0
Real faces/real_527.png,0
Fake faces/fake_8742.png,1
Fake faces/fake_8354.png,1
Fake faces/fake_5444.png,1
Fake faces/fake_667.png,1
Real faces/real_2819.png,0
Fake faces/fake_8839.png,1
Fake faces/fake_501.png,1
Fake faces/fake_7876.png,1
Fake faces/fake_17.png,1
Real faces/real_6264.png,0
Fake faces/fake_8392.png,1
Real faces/real_3012.png,0
Fake faces/fake_2288.png,1
Real faces/real_9891.png,0
Real faces/real_9678.png,0
Fake faces/fake_9726.png,1
Real faces/real_6107.png,0
Real faces/real_774.png,0
Fake faces/fake_4320.png,1
Real faces/real_1631.png,0
Fake faces/fake_156.png,1
Fake faces/fake_6662.png,1
Real faces/real_9855.png,0
Real faces/real_8661.png,0
Real faces/real_2750.png,0
Fake faces/fake_8792.png,1
Fake faces/fake_3799.png,1
Fake faces/fake_1709.png,1
Fake faces/fake_1164.png,1
Fake faces/fake_9217.png,1
Fake faces/fake_1504.png,1
Real faces/real_9183.png,0
Real faces/real_598.png,0
Real faces/real_4562.png,0
Fake faces/fake_7393.png,1
Real faces/real_4001.png,0
Real faces/real_4659.png,0
Fake faces/fake_1429.png,1
Fake faces/fake_7784.png,1
Real faces/real_4684.png,0
Fake faces/fake_3574.png,1
Fake faces/fake_5872.png,1
Real faces/real_6217.png,0
Real faces/real_8663.png,0
Fake faces/fake_8734.png,1
Fake faces/fake_9820.png,1
Real faces/real_5080.png,0
Fake faces/fake_7800.png,1
Real faces/real_5790.png,0
Fake faces/fake_7850.png,1
Fake faces/fake_9334.png,1
Real faces/real_1446.png,0
Fake faces/fake_9443.png,1
Fake faces/fake_7849.png,1
Fake faces/fake_3554.png,1
Fake faces/fake_2156.png,1
Fake faces/fake_6967.png,1
Real faces/real_7309.png,0
Real faces/real_7034.png,0
Real faces/real_6000.png,0
Real faces/real_2837.png,0
Fake faces/fake_614.png,1
Real faces/real_3757.png,0
Real faces/real_3218.png,0
Real faces/real_3520.png,0
Real faces/real_6594.png,0
Real faces/real_5947.png,0
Fake faces/fake_590.png,1
Real faces/real_2588.png,0
Real faces/real_4695.png,0
Fake faces/fake_7927.png,1
Fake faces/fake_7781.png,1
Real faces/real_5241.png,0
Fake faces/fake_2039.png,1
Fake faces/fake_7128.png,1
Real faces/real_8643.png,0
Real faces/real_6806.png,0
Fake faces/fake_516.png,1
Real faces/real_9044.png,0
Fake faces/fake_1128.png,1
Fake faces/fake_6836.png,1
Real faces/real_2464.png,0
Fake faces/fake_9175.png,1
Fake faces/fake_4730.png,1
Fake faces/fake_4052.png,1
Real faces/real_4483.png,0
Real faces/real_9180.png,0
Fake faces/fake_7375.png,1
Fake faces/fake_4903.png,1
Fake faces/fake_1036.png,1
Fake faces/fake_3151.png,1
Real faces/real_7234.png,0
Real faces/real_4608.png,0
Fake faces/fake_8696.png,1
Real faces/real_500.png,0
Fake faces/fake_9508.png,1
Fake faces/fake_5940.png,1
Real faces/real_1046.png,0
Fake faces/fake_4871.png,1
Real faces/real_9193.png,0
Fake faces/fake_1663.png,1
Fake faces/fake_7565.png,1
Fake faces/fake_8535.png,1
Fake faces/fake_7386.png,1
Real faces/real_3139.png,0
Fake faces/fake_2671.png,1
Fake faces/fake_2134.png,1
Fake faces/fake_3439.png,1
Real faces/real_777.png,0
Fake faces/fake_9043.png,1
Fake faces/fake_8662.png,1
Fake faces/fake_5364.png,1
Real faces/real_4019.png,0
Real faces/real_9386.png,0
Real faces/real_9553.png,0
Fake faces/fake_6693.png,1
Fake faces/fake_996.png,1
Fake faces/fake_9080.png,1
Fake faces/fake_7968.png,1
Fake faces/fake_5915.png,1
Real faces/real_6083.png,0
Real faces/real_9305.png,0
Real faces/real_2982.png,0
Fake faces/fake_4366.png,1
Fake faces/fake_2743.png,1
Fake faces/fake_9901.png,1
Real faces/real_5890.png,0
Fake faces/fake_5021.png,1
Fake faces/fake_8977.png,1
Real faces/real_9187.png,0
Real faces/real_9156.png,0
Real faces/real_6005.png,0
Real faces/real_565.png,0
Real faces/real_4118.png,0
Real faces/real_5899.png,0
Real faces/real_840.png,0
Real faces/real_3888.png,0
Real faces/real_9834.png,0
Fake faces/fake_865.png,1
Real faces/real_7641.png,0
Fake faces/fake_5713.png,1
Real faces/real_8655.png,0
Real faces/real_2666.png,0
Real faces/real_9341.png,0
Real faces/real_4092.png,0
Real faces/real_765.png,0
Real faces/real_1440.png,0
Fake faces/fake_6505.png,1
Fake faces/fake_2564.png,1
Real faces/real_3872.png,0
Fake faces/fake_5490.png,1
Fake faces/fake_1353.png,1
Fake faces/fake_4827.png,1
Real faces/real_4865.png,0
Fake faces/fake_4659.png,1
Real faces/real_2620.png,0
Fake faces/fake_1819.png,1
Fake faces/fake_5630.png,1
Fake faces/fake_1603.png,1
Real faces/real_6709.png,0
Real faces/real_3026.png,0
Fake faces/fake_5450.png,1
Real faces/real_4102.png,0
Real faces/real_1298.png,0
Fake faces/fake_1650.png,1
Real faces/real_6338.png,0
Real faces/real_2022.png,0
Fake faces/fake_4673.png,1
Real faces/real_7372.png,0
Real faces/real_9385.png,0
Real faces/real_2685.png,0
Fake faces/fake_2898.png,1
Fake faces/fake_4355.png,1
Real faces/real_7785.png,0
Real faces/real_1025.png,0
Fake faces/fake_5790.png,1
Real faces/real_9404.png,0
Real faces/real_8650.png,0
Fake faces/fake_6570.png,1
Fake faces/fake_7484.png,1
Fake faces/fake_1622.png,1
Fake faces/fake_4861.png,1
Real faces/real_9537.png,0
Real faces/real_9636.png,0
Real faces/real_3499.png,0
Real faces/real_2496.png,0
Fake faces/fake_8223.png,1
Fake faces/fake_8269.png,1
Real faces/real_2422.png,0
Fake faces/fake_2222.png,1
Fake faces/fake_9835.png,1
Real faces/real_2732.png,0
Real faces/real_80.png,0
Real faces/real_4217.png,0
Real faces/real_4242.png,0
Real faces/real_3811.png,0
Fake faces/fake_7620.png,1
Real faces/real_8148.png,0
Fake faces/fake_1243.png,1
Real faces/real_1359.png,0
Fake faces/fake_3744.png,1
Real faces/real_9840.png,0
Fake faces/fake_2152.png,1
Real faces/real_2162.png,0
Real faces/real_879.png,0
Real faces/real_1578.png,0
Real faces/real_7573.png,0
Real faces/real_1509.png,0
Fake faces/fake_1775.png,1
Fake faces/fake_4675.png,1
Real faces/real_4112.png,0
Fake faces/fake_4823.png,1
Real faces/real_1845.png,0
Real faces/real_7838.png,0
Real faces/real_4568.png,0
Real faces/real_6963.png,0
Fake faces/fake_1928.png,1
Fake faces/fake_296.png,1
Fake faces/fake_7777.png,1
Real faces/real_5279.png,0
Fake faces/fake_8624.png,1
Real faces/real_9434.png,0
Real faces/real_3614.png,0
Real faces/real_2108.png,0
Real faces/real_7773.png,0
Fake faces/fake_6529.png,1
Real faces/real_6032.png,0
Real faces/real_5323.png,0
Fake faces/fake_2169.png,1
Fake faces/fake_6787.png,1
Real faces/real_4183.png,0
Fake faces/fake_6779.png,1
Fake faces/fake_1824.png,1
Fake faces/fake_6809.png,1
Real faces/real_636.png,0
Real faces/real_8983.png,0
Real faces/real_3219.png,0
Fake faces/fake_3010.png,1
Real faces/real_6282.png,0
Fake faces/fake_6552.png,1
Fake faces/fake_7398.png,1
Real faces/real_1193.png,0
Real faces/real_45.png,0
Fake faces/fake_5702.png,1
Real faces/real_976.png,0
Fake faces/fake_6155.png,1
Real faces/real_6786.png,0
Fake faces/fake_9037.png,1
Real faces/real_2963.png,0
Real faces/real_5563.png,0
Fake faces/fake_8480.png,1
Real faces/real_9776.png,0
Fake faces/fake_9166.png,1
Real faces/real_4515.png,0
Real faces/real_9581.png,0
Fake faces/fake_4881.png,1
Real faces/real_1975.png,0
Real faces/real_5121.png,0
Fake faces/fake_2991.png,1
Fake faces/fake_6542.png,1
Fake faces/fake_1582.png,1
Fake faces/fake_953.png,1
Real faces/real_6889.png,0
Fake faces/fake_3307.png,1
Fake faces/fake_150.png,1
Fake faces/fake_9059.png,1
Fake faces/fake_4428.png,1
Fake faces/fake_8730.png,1
Fake faces/fake_3707.png,1
Real faces/real_1751.png,0
Fake faces/fake_5487.png,1
Fake faces/fake_8285.png,1
Real faces/real_432.png,0
Fake faces/fake_581.png,1
Real faces/real_7600.png,0
Real faces/real_1832.png,0
Real faces/real_9632.png,0
Fake faces/fake_7079.png,1
Real faces/real_37.png,0
Real faces/real_8768.png,0
Fake faces/fake_9323.png,1
Real faces/real_6203.png,0
Real faces/real_3988.png,0
Fake faces/fake_6497.png,1
Real faces/real_713.png,0
Real faces/real_559.png,0
Fake faces/fake_268.png,1
Fake faces/fake_6520.png,1
Real faces/real_2335.png,0
Fake faces/fake_9240.png,1
Real faces/real_8831.png,0
Fake faces/fake_682.png,1
Real faces/real_9073.png,0
Fake faces/fake_8235.png,1
Real faces/real_8759.png,0
Fake faces/fake_3061.png,1
Fake faces/fake_321.png,1
Fake faces/fake_9329.png,1
Fake faces/fake_1322.png,1
Real faces/real_8330.png,0
Real faces/real_7432.png,0
Fake faces/fake_4665.png,1
Real faces/real_8431.png,0
Fake faces/fake_5368.png,1
Real faces/real_3747.png,0
Real faces/real_1597.png,0
Fake faces/fake_4103.png,1
Real faces/real_4490.png,0
Fake faces/fake_1148.png,1
Real faces/real_9372.png,0
Fake faces/fake_6246.png,1
Real faces/real_6007.png,0
Fake faces/fake_2155.png,1
Real faces/real_4302.png,0
Real faces/real_3006.png,0
Fake faces/fake_7658.png,1
Real faces/real_8282.png,0
Fake faces/fake_4651.png,1
Real faces/real_625.png,0
Real faces/real_7523.png,0
Real faces/real_5830.png,0
Real faces/real_1741.png,0
Fake faces/fake_4285.png,1
Fake faces/fake_9843.png,1
Fake faces/fake_6786.png,1
Real faces/real_2829.png,0
Fake faces/fake_6977.png,1
Fake faces/fake_5459.png,1
Fake faces/fake_9708.png,1
Fake faces/fake_9795.png,1
Fake faces/fake_1025.png,1
Fake faces/fake_6523.png,1
Fake faces/fake_6391.png,1
Real faces/real_7939.png,0
Real faces/real_8027.png,0
Real faces/real_3413.png,0
Fake faces/fake_6916.png,1
Fake faces/fake_9223.png,1
Fake faces/fake_675.png,1
Real faces/real_906.png,0
Real faces/real_9228.png,0
Fake faces/fake_2996.png,1
Real faces/real_760.png,0
Real faces/real_3118.png,0
Real faces/real_986.png,0
Fake faces/fake_7938.png,1
Fake faces/fake_5152.png,1
Fake faces/fake_9909.png,1
Fake faces/fake_9392.png,1
Fake faces/fake_2105.png,1
Fake faces/fake_5132.png,1
Real faces/real_295.png,0
Fake faces/fake_4948.png,1
Real faces/real_1785.png,0
Real faces/real_4382.png,0
Fake faces/fake_3118.png,1
Real faces/real_5318.png,0
Real faces/real_5854.png,0
Fake faces/fake_5938.png,1
Real faces/real_9476.png,0
Fake faces/fake_7735.png,1
Fake faces/fake_6098.png,1
Fake faces/fake_6257.png,1
Real faces/real_9904.png,0
Real faces/real_5733.png,0
Real faces/real_5769.png,0
Real faces/real_8741.png,0
Fake faces/fake_6339.png,1
Fake faces/fake_5440.png,1
Real faces/real_7986.png,0
Fake faces/fake_1168.png,1
Real faces/real_3574.png,0
Fake faces/fake_8784.png,1
Real faces/real_7407.png,0
Fake faces/fake_1776.png,1
Fake faces/fake_1368.png,1
Real faces/real_7313.png,0
Real faces/real_2648.png,0
Real faces/real_2586.png,0
Real faces/real_8903.png,0
Real faces/real_6576.png,0
Real faces/real_3160.png,0
Real faces/real_3182.png,0
Fake faces/fake_6308.png,1
Real faces/real_2377.png,0
Real faces/real_4803.png,0
Fake faces/fake_5802.png,1
Real faces/real_5692.png,0
Fake faces/fake_7362.png,1
Fake faces/fake_234.png,1
Real faces/real_5392.png,0
Fake faces/fake_4964.png,1
Real faces/real_9371.png,0
Fake faces/fake_77.png,1
Fake faces/fake_863.png,1
Fake faces/fake_2579.png,1
Fake faces/fake_6886.png,1
Fake faces/fake_7343.png,1
Real faces/real_8978.png,0
Fake faces/fake_1843.png,1
Real faces/real_9291.png,0
Fake faces/fake_3217.png,1
Real faces/real_5372.png,0
Fake faces/fake_4908.png,1
Real faces/real_1613.png,0
Real faces/real_5829.png,0
Fake faces/fake_868.png,1
Fake faces/fake_330.png,1
Fake faces/fake_8570.png,1
Real faces/real_2015.png,0
Fake faces/fake_1209.png,1
Fake faces/fake_109.png,1
Real faces/real_5756.png,0
Real faces/real_603.png,0
Real faces/real_5329.png,0
Real faces/real_9753.png,0
Fake faces/fake_4969.png,1
Real faces/real_7012.png,0
Real faces/real_243.png,0
Fake faces/fake_7101.png,1
Fake faces/fake_9545.png,1
Real faces/real_8298.png,0
Real faces/real_6802.png,0
Fake faces/fake_2915.png,1
Fake faces/fake_1857.png,1
Fake faces/fake_194.png,1
Real faces/real_4830.png,0
Fake faces/fake_7302.png,1
Real faces/real_5344.png,0
Real faces/real_5202.png,0
Fake faces/fake_528.png,1
Fake faces/fake_1450.png,1
Fake faces/fake_3176.png,1
Fake faces/fake_6231.png,1
Fake faces/fake_4521.png,1
Real faces/real_3960.png,0
Real faces/real_3873.png,0
Real faces/real_179.png,0
Fake faces/fake_3680.png,1
Real faces/real_4793.png,0
Real faces/real_7436.png,0
Fake faces/fake_4045.png,1
Real faces/real_5958.png,0
Real faces/real_1800.png,0
Fake faces/fake_1579.png,1
Real faces/real_9449.png,0
Fake faces/fake_242.png,1
Real faces/real_6038.png,0
Fake faces/fake_5622.png,1
Real faces/real_8221.png,0
Fake faces/fake_294.png,1
Real faces/real_2801.png,0
Fake faces/fake_5339.png,1
Fake faces/fake_9974.png,1
Real faces/real_2922.png,0
Fake faces/fake_2753.png,1
Real faces/real_7741.png,0
Fake faces/fake_4392.png,1
Fake faces/fake_127.png,1
Real faces/real_1245.png,0
Fake faces/fake_2051.png,1
Real faces/real_4537.png,0
Real faces/real_4053.png,0
Real faces/real_5931.png,0
Real faces/real_3239.png,0
Real faces/real_108.png,0
Fake faces/fake_6857.png,1
Fake faces/fake_7802.png,1
Fake faces/fake_1315.png,1
Fake faces/fake_4555.png,1
Fake faces/fake_3927.png,1
Real faces/real_5844.png,0
Fake faces/fake_4008.png,1
Real faces/real_4394.png,0
Real faces/real_5873.png,0
Fake faces/fake_1460.png,1
Fake faces/fake_5184.png,1
Fake faces/fake_7872.png,1
Fake faces/fake_3437.png,1
Real faces/real_4348.png,0
Fake faces/fake_5347.png,1
Fake faces/fake_6260.png,1
Fake faces/fake_6382.png,1
Fake faces/fake_9768.png,1
Fake faces/fake_7826.png,1
Fake faces/fake_2080.png,1
Real faces/real_5150.png,0
Fake faces/fake_5579.png,1
Fake faces/fake_9509.png,1
Fake faces/fake_7986.png,1
Fake faces/fake_8253.png,1
Fake faces/fake_6658.png,1
Real faces/real_973.png,0
Fake faces/fake_9507.png,1
Real faces/real_4299.png,0
Real faces/real_3653.png,0
Real faces/real_5872.png,0
Real faces/real_4838.png,0
Real faces/real_7598.png,0
Real faces/real_7377.png,0
Real faces/real_3036.png,0
Fake faces/fake_7675.png,1
Real faces/real_3088.png,0
Fake faces/fake_7250.png,1
Real faces/real_7195.png,0
Real faces/real_9267.png,0
Fake faces/fake_6049.png,1
Real faces/real_7464.png,0
Real faces/real_2825.png,0
Fake faces/fake_3805.png,1
Real faces/real_6330.png,0
Real faces/real_10.png,0
Real faces/real_5868.png,0
Real faces/real_8855.png,0
Real faces/real_1426.png,0
Fake faces/fake_1016.png,1
Fake faces/fake_2781.png,1
Fake faces/fake_2923.png,1
Real faces/real_4814.png,0
Fake faces/fake_4429.png,1
Fake faces/fake_4801.png,1
Fake faces/fake_6976.png,1
Real faces/real_2784.png,0
Fake faces/fake_2754.png,1
Fake faces/fake_7159.png,1
Real faces/real_8515.png,0
Real faces/real_1344.png,0
Fake faces/fake_1453.png,1
Real faces/real_372.png,0
Real faces/real_909.png,0
Real faces/real_3399.png,0
Real faces/real_496.png,0
Fake faces/fake_4289.png,1
Fake faces/fake_3631.png,1
Real faces/real_5302.png,0
Fake faces/fake_5303.png,1
Real faces/real_1244.png,0
Real faces/real_4365.png,0
Fake faces/fake_3683.png,1
Real faces/real_1195.png,0
Real faces/real_2990.png,0
Real faces/real_4953.png,0
Real faces/real_1423.png,0
Fake faces/fake_9995.png,1
Real faces/real_256.png,0
Real faces/real_8205.png,0
Fake faces/fake_5847.png,1
Real faces/real_8480.png,0
Real faces/real_6287.png,0
Fake faces/fake_2624.png,1
Fake faces/fake_8293.png,1
Fake faces/fake_5029.png,1
Fake faces/fake_4727.png,1
Fake faces/fake_807.png,1
Fake faces/fake_1474.png,1
Fake faces/fake_1314.png,1
Real faces/real_1232.png,0
Fake faces/fake_7353.png,1
Fake faces/fake_8068.png,1
Fake faces/fake_2021.png,1
Real faces/real_9304.png,0
Fake faces/fake_7284.png,1
Fake faces/fake_6793.png,1
Real faces/real_7880.png,0
Fake faces/fake_2940.png,1
Real faces/real_5130.png,0
Real faces/real_5912.png,0
Real faces/real_8459.png,0
Real faces/real_3923.png,0
Real faces/real_6127.png,0
Fake faces/fake_7238.png,1
Fake faces/fake_5092.png,1
Fake faces/fake_2614.png,1
Real faces/real_7819.png,0
Real faces/real_6507.png,0
Fake faces/fake_480.png,1
Fake faces/fake_8654.png,1
Fake faces/fake_6372.png,1
Real faces/real_1379.png,0
Real faces/real_7689.png,0
Real faces/real_3688.png,0
Fake faces/fake_5797.png,1
Real faces/real_4759.png,0
Fake faces/fake_3619.png,1
Fake faces/fake_7037.png,1
Real faces/real_3790.png,0
Real faces/real_8812.png,0
Real faces/real_5799.png,0
Real faces/real_652.png,0
Fake faces/fake_2950.png,1
Real faces/real_7872.png,0
Fake faces/fake_1188.png,1
Fake faces/fake_3915.png,1
Real faces/real_5328.png,0
Real faces/real_7219.png,0
Fake faces/fake_2760.png,1
Fake faces/fake_3494.png,1
Fake faces/fake_8761.png,1
Real faces/real_6152.png,0
Fake faces/fake_7741.png,1
Fake faces/fake_2103.png,1
Fake faces/fake_7483.png,1
Fake faces/fake_6476.png,1
Fake faces/fake_4301.png,1
Fake faces/fake_66.png,1
Fake faces/fake_8807.png,1
Real faces/real_2916.png,0
Fake faces/fake_5676.png,1
Real faces/real_1506.png,0
Fake faces/fake_7827.png,1
Real faces/real_2130.png,0
Fake faces/fake_8876.png,1
Real faces/real_1648.png,0
Real faces/real_4890.png,0
Real faces/real_730.png,0
Real faces/real_6766.png,0
Fake faces/fake_1267.png,1
Fake faces/fake_7829.png,1
Real faces/real_8201.png,0
Fake faces/fake_1952.png,1
Fake faces/fake_8608.png,1
Real faces/real_9937.png,0
Real faces/real_5221.png,0
Fake faces/fake_2577.png,1
Real faces/real_2709.png,0
Real faces/real_5902.png,0
Fake faces/fake_2929.png,1
Fake faces/fake_1687.png,1
Fake faces/fake_5053.png,1
Real faces/real_1543.png,0
Fake faces/fake_3576.png,1
Real faces/real_3126.png,0
Real faces/real_1156.png,0
Fake faces/fake_3079.png,1
Real faces/real_5985.png,0
Real faces/real_32.png,0
Real faces/real_7187.png,0
Fake faces/fake_1175.png,1
Fake faces/fake_2539.png,1
Real faces/real_9779.png,0
Real faces/real_9176.png,0
Fake faces/fake_4647.png,1
Real faces/real_6300.png,0
Real faces/real_1610.png,0
Real faces/real_939.png,0
Fake faces/fake_5134.png,1
Real faces/real_4023.png,0
Fake faces/fake_327.png,1
Real faces/real_8749.png,0
Real faces/real_745.png,0
Real faces/real_4083.png,0
Fake faces/fake_1570.png,1
Real faces/real_5582.png,0
Real faces/real_2877.png,0
Real faces/real_4701.png,0
Real faces/real_9933.png,0
Fake faces/fake_3236.png,1
Real faces/real_2651.png,0
Fake faces/fake_4763.png,1
Fake faces/fake_9608.png,1
Real faces/real_5646.png,0
Real faces/real_1821.png,0
Fake faces/fake_5229.png,1
Real faces/real_7413.png,0
Real faces/real_9522.png,0
Fake faces/fake_1081.png,1
Real faces/real_7146.png,0
Real faces/real_957.png,0
Real faces/real_2110.png,0
Fake faces/fake_8097.png,1
Real faces/real_5108.png,0
Fake faces/fake_7140.png,1
Real faces/real_7631.png,0
Fake faces/fake_572.png,1
Fake faces/fake_1195.png,1
Fake faces/fake_261.png,1
Real faces/real_7923.png,0
Fake faces/fake_9633.png,1
Real faces/real_8847.png,0
Fake faces/fake_1120.png,1
Fake faces/fake_3040.png,1
Fake faces/fake_5375.png,1
Fake faces/fake_9391.png,1
Real faces/real_2960.png,0
Real faces/real_4640.png,0
Real faces/real_2399.png,0
Real faces/real_7310.png,0
Real faces/real_7251.png,0
Real faces/real_5487.png,0
Fake faces/fake_1708.png,1
Fake faces/fake_2423.png,1
Fake faces/fake_4584.png,1
Fake faces/fake_6867.png,1
Real faces/real_9597.png,0
Fake faces/fake_3630.png,1
Real faces/real_2625.png,0
Fake faces/fake_4784.png,1
Real faces/real_9657.png,0
Real faces/real_3148.png,0
Real faces/real_7024.png,0
Fake faces/fake_5641.png,1
Real faces/real_2873.png,0
Fake faces/fake_4951.png,1
Real faces/real_8297.png,0
Fake faces/fake_5914.png,1
Fake faces/fake_7988.png,1
Fake faces/fake_727.png,1
Real faces/real_76.png,0
Fake faces/fake_2381.png,1
Fake faces/fake_5693.png,1
Fake faces/fake_4295.png,1
Fake faces/fake_1472.png,1
Fake faces/fake_2931.png,1
Real faces/real_6651.png,0
Real faces/real_4947.png,0
Fake faces/fake_6676.png,1
Fake faces/fake_9452.png,1
Real faces/real_9967.png,0
Fake faces/fake_759.png,1
Real faces/real_93.png,0
Real faces/real_5166.png,0
Fake faces/fake_3562.png,1
Real faces/real_2731.png,0
Real faces/real_7171.png,0
Real faces/real_6791.png,0
Fake faces/fake_7350.png,1
Real faces/real_4810.png,0
Fake faces/fake_8323.png,1
Fake faces/fake_929.png,1
Real faces/real_2338.png,0
Fake faces/fake_8306.png,1
Fake faces/fake_3253.png,1
Real faces/real_7844.png,0
Fake faces/fake_7870.png,1
Real faces/real_1885.png,0
Fake faces/fake_1511.png,1
Real faces/real_5773.png,0
Real faces/real_4323.png,0
Real faces/real_8190.png,0
Fake faces/fake_8368.png,1
Fake faces/fake_610.png,1
Fake faces/fake_3379.png,1
Fake faces/fake_7209.png,1
Fake faces/fake_3344.png,1
Real faces/real_2759.png,0
Fake faces/fake_7858.png,1
Fake faces/fake_9882.png,1
Real faces/real_9629.png,0
Real faces/real_9425.png,0
Real faces/real_7849.png,0
Real faces/real_3175.png,0
Fake faces/fake_9041.png,1
Real faces/real_2465.png,0
Real faces/real_1293.png,0
Real faces/real_5393.png,0
Real faces/real_5404.png,0
Fake faces/fake_7164.png,1
Fake faces/fake_7241.png,1
Real faces/real_8641.png,0
Real faces/real_7842.png,0
Fake faces/fake_9760.png,1
Fake faces/fake_2611.png,1
Real faces/real_3621.png,0
Real faces/real_2317.png,0
Fake faces/fake_3059.png,1
Real faces/real_2185.png,0
Real faces/real_4477.png,0
Fake faces/fake_9082.png,1
Real faces/real_1155.png,0
Fake faces/fake_1420.png,1
Real faces/real_329.png,0
Fake faces/fake_8852.png,1
Real faces/real_9920.png,0
Fake faces/fake_6590.png,1
Fake faces/fake_259.png,1
Real faces/real_3227.png,0
Real faces/real_6521.png,0
Real faces/real_2997.png,0
Fake faces/fake_2713.png,1
Fake faces/fake_6906.png,1
Real faces/real_4392.png,0
Fake faces/fake_1421.png,1
Fake faces/fake_3942.png,1
Real faces/real_2463.png,0
Fake faces/fake_8231.png,1
Real faces/real_2846.png,0
Fake faces/fake_6939.png,1
Fake faces/fake_5779.png,1
Real faces/real_7586.png,0
Real faces/real_9804.png,0
Fake faces/fake_2067.png,1
Real faces/real_2191.png,0
Real faces/real_9921.png,0
Fake faces/fake_1972.png,1
Real faces/real_6668.png,0
Real faces/real_2070.png,0
Real faces/real_8163.png,0
Fake faces/fake_3735.png,1
Real faces/real_7593.png,0
Real faces/real_6302.png,0
Fake faces/fake_4759.png,1
Real faces/real_5909.png,0
Fake faces/fake_9715.png,1
Fake faces/fake_804.png,1
Fake faces/fake_2992.png,1
Fake faces/fake_7214.png,1
Fake faces/fake_4594.png,1
Real faces/real_7581.png,0
Real faces/real_4047.png,0
Fake faces/fake_6071.png,1
Fake faces/fake_6211.png,1
Fake faces/fake_6586.png,1
Real faces/real_5298.png,0
Real faces/real_2322.png,0
Real faces/real_4240.png,0
Fake faces/fake_8063.png,1
Fake faces/fake_889.png,1
Real faces/real_6745.png,0
Real faces/real_2492.png,0
Real faces/real_7612.png,0
Real faces/real_6902.png,0
Real faces/real_9769.png,0
Real faces/real_5234.png,0
Real faces/real_9069.png,0
Real faces/real_3272.png,0
Fake faces/fake_9141.png,1
Real faces/real_5273.png,0
Fake faces/fake_2906.png,1
Real faces/real_2889.png,0
Fake faces/fake_839.png,1
Real faces/real_788.png,0
Fake faces/fake_4122.png,1
Real faces/real_3347.png,0
Fake faces/fake_2455.png,1
Fake faces/fake_5146.png,1
Fake faces/fake_8564.png,1
Fake faces/fake_7551.png,1
Fake faces/fake_2659.png,1
Fake faces/fake_7374.png,1
Fake faces/fake_468.png,1
Fake faces/fake_2960.png,1
Real faces/real_6196.png,0
Real faces/real_7694.png,0
Real faces/real_6028.png,0
Real faces/real_3377.png,0
Real faces/real_583.png,0
Real faces/real_9972.png,0
Fake faces/fake_9880.png,1
Fake faces/fake_4774.png,1
Real faces/real_349.png,0
Fake faces/fake_9782.png,1
Fake faces/fake_8942.png,1
Real faces/real_8005.png,0
Real faces/real_3349.png,0
Fake faces/fake_433.png,1
Real faces/real_801.png,0
Real faces/real_3531.png,0
Fake faces/fake_2641.png,1
Real faces/real_9173.png,0
Fake faces/fake_1065.png,1
Fake faces/fake_36.png,1
Real faces/real_5173.png,0
Fake faces/fake_9772.png,1
Fake faces/fake_4099.png,1
Fake faces/fake_6989.png,1
Fake faces/fake_1672.png,1
Real faces/real_3091.png,0
Fake faces/fake_6254.png,1
Real faces/real_7709.png,0
Real faces/real_6853.png,0
Real faces/real_2756.png,0
Real faces/real_6458.png,0
Fake faces/fake_1274.png,1
Real faces/real_1616.png,0
Real faces/real_6942.png,0
Fake faces/fake_8886.png,1
Fake faces/fake_5378.png,1
Fake faces/fake_3350.png,1
Fake faces/fake_3423.png,1
Real faces/real_5087.png,0
Fake faces/fake_9025.png,1
Fake faces/fake_4197.png,1
Real faces/real_8077.png,0
Fake faces/fake_8031.png,1
Fake faces/fake_5543.png,1
Fake faces/fake_420.png,1
Real faces/real_8974.png,0
Fake faces/fake_9067.png,1
Real faces/real_9481.png,0
Fake faces/fake_9556.png,1
Real faces/real_2401.png,0
Real faces/real_8736.png,0
Fake faces/fake_5494.png,1
Fake faces/fake_8424.png,1
Fake faces/fake_390.png,1
Fake faces/fake_8427.png,1
Fake faces/fake_5681.png,1
Real faces/real_9998.png,0
Real faces/real_7232.png,0
Real faces/real_3878.png,0
Real faces/real_6912.png,0
Fake faces/fake_1806.png,1
Real faces/real_1702.png,0
Fake faces/fake_7035.png,1
Real faces/real_5641.png,0
Fake faces/fake_6725.png,1
Real faces/real_1124.png,0
Real faces/real_4521.png,0
Fake faces/fake_3333.png,1
Real faces/real_3541.png,0
Fake faces/fake_8921.png,1
Real faces/real_7764.png,0
Fake faces/fake_8760.png,1
Real faces/real_9763.png,0
Fake faces/fake_5319.png,1
Fake faces/fake_8132.png,1
Fake faces/fake_766.png,1
Real faces/real_2211.png,0
Fake faces/fake_7723.png,1
Fake faces/fake_6496.png,1
Real faces/real_3133.png,0
Fake faces/fake_6941.png,1
Fake faces/fake_4942.png,1
Fake faces/fake_5471.png,1
Fake faces/fake_975.png,1
Real faces/real_5938.png,0
Real faces/real_4320.png,0
Fake faces/fake_9032.png,1
Fake faces/fake_789.png,1
Real faces/real_2107.png,0
Fake faces/fake_4798.png,1
Real faces/real_9377.png,0
Real faces/real_3034.png,0
Fake faces/fake_4915.png,1
Fake faces/fake_4937.png,1
Real faces/real_7062.png,0
Real faces/real_4663.png,0
Fake faces/fake_3166.png,1
Fake faces/fake_3815.png,1
Real faces/real_2367.png,0
Real faces/real_9721.png,0
Fake faces/fake_7216.png,1
Real faces/real_440.png,0
Fake faces/fake_1411.png,1
Fake faces/fake_2984.png,1
Fake faces/fake_5415.png,1
Real faces/real_832.png,0
Fake faces/fake_2479.png,1
Real faces/real_3064.png,0
Real faces/real_7714.png,0
Fake faces/fake_3111.png,1
Real faces/real_1224.png,0
Fake faces/fake_4029.png,1
Real faces/real_2592.png,0
Real faces/real_3247.png,0
Real faces/real_6849.png,0
Real faces/real_8023.png,0
Fake faces/fake_7672.png,1
Fake faces/fake_6310.png,1
Fake faces/fake_957.png,1
Real faces/real_2691.png,0
Fake faces/fake_6677.png,1
Fake faces/fake_8567.png,1
Fake faces/fake_9441.png,1
Fake faces/fake_8478.png,1
Fake faces/fake_2534.png,1
Fake faces/fake_9856.png,1
Fake faces/fake_3443.png,1
Fake faces/fake_5604.png,1
Real faces/real_9148.png,0
Fake faces/fake_3840.png,1
Fake faces/fake_4445.png,1
Real faces/real_9552.png,0
Real faces/real_3196.png,0
Fake faces/fake_512.png,1
Fake faces/fake_5645.png,1
Real faces/real_486.png,0
Fake faces/fake_3273.png,1
Fake faces/fake_6934.png,1
Real faces/real_783.png,0
Real faces/real_6596.png,0
Fake faces/fake_6381.png,1
Fake faces/fake_3006.png,1
Fake faces/fake_761.png,1
Real faces/real_3238.png,0
Fake faces/fake_5662.png,1
Real faces/real_873.png,0
Fake faces/fake_6702.png,1
Real faces/real_2047.png,0
Real faces/real_104.png,0
Fake faces/fake_7896.png,1
Fake faces/fake_6441.png,1
Real faces/real_1915.png,0
Real faces/real_6499.png,0
Real faces/real_5684.png,0
Real faces/real_6728.png,0
Real faces/real_3632.png,0
Real faces/real_109.png,0
Real faces/real_2138.png,0
Fake faces/fake_1693.png,1
Fake faces/fake_8726.png,1
Real faces/real_8934.png,0
Real faces/real_669.png,0
Fake faces/fake_3334.png,1
Fake faces/fake_2703.png,1
Fake faces/fake_1964.png,1
Real faces/real_3324.png,0
Fake faces/fake_274.png,1
Real faces/real_4480.png,0
Fake faces/fake_4336.png,1
Real faces/real_1439.png,0
Fake faces/fake_7441.png,1
Fake faces/fake_7280.png,1
Real faces/real_6574.png,0
Real faces/real_4811.png,0
Fake faces/fake_8040.png,1
Fake faces/fake_5118.png,1
Real faces/real_9353.png,0
Real faces/real_6131.png,0
Fake faces/fake_7367.png,1
Fake faces/fake_6199.png,1
Fake faces/fake_3778.png,1
Fake faces/fake_7705.png,1
Fake faces/fake_1994.png,1
Real faces/real_7332.png,0
Fake faces/fake_7290.png,1
Real faces/real_1834.png,0
Real faces/real_9378.png,0
Fake faces/fake_2009.png,1
Fake faces/fake_8685.png,1
Fake faces/fake_5429.png,1
Fake faces/fake_844.png,1
Fake faces/fake_1193.png,1
Fake faces/fake_8251.png,1
Fake faces/fake_7442.png,1
Fake faces/fake_8187.png,1
Fake faces/fake_1781.png,1
Real faces/real_3003.png,0
Real faces/real_8215.png,0
Fake faces/fake_2349.png,1
Real faces/real_5389.png,0
Fake faces/fake_5763.png,1
Real faces/real_1309.png,0
Fake faces/fake_5091.png,1
Real faces/real_3475.png,0
Real faces/real_789.png,0
Fake faces/fake_2896.png,1
Fake faces/fake_7430.png,1
Real faces/real_7740.png,0
Real faces/real_3284.png,0
Fake faces/fake_4024.png,1
Real faces/real_2514.png,0
Fake faces/fake_8635.png,1
Fake faces/fake_3624.png,1
Fake faces/fake_4415.png,1
Fake faces/fake_6736.png,1
Fake faces/fake_5618.png,1
Real faces/real_9258.png,0
Real faces/real_6227.png,0
Fake faces/fake_3394.png,1
Fake faces/fake_9961.png,1
Real faces/real_8791.png,0
Fake faces/fake_105.png,1
Fake faces/fake_8102.png,1
Real faces/real_5006.png,0
Real faces/real_6214.png,0
Real faces/real_9777.png,0
Fake faces/fake_4335.png,1
Real faces/real_5257.png,0
Fake faces/fake_8144.png,1
Fake faces/fake_7408.png,1
Fake faces/fake_3736.png,1
Fake faces/fake_8247.png,1
Real faces/real_9986.png,0
Fake faces/fake_973.png,1
Real faces/real_3301.png,0
Fake faces/fake_503.png,1
Real faces/real_6843.png,0
Fake faces/fake_6198.png,1
Real faces/real_7990.png,0
Real faces/real_5406.png,0
Fake faces/fake_4498.png,1
Real faces/real_712.png,0
Real faces/real_5783.png,0
Real faces/real_4409.png,0
Real faces/real_5260.png,0
Real faces/real_5920.png,0
Fake faces/fake_3765.png,1
Fake faces/fake_4397.png,1
Real faces/real_5411.png,0
Fake faces/fake_2026.png,1
Real faces/real_550.png,0
Fake faces/fake_7868.png,1
Real faces/real_3241.png,0
Fake faces/fake_4556.png,1
Fake faces/fake_3395.png,1
Fake faces/fake_5982.png,1
Fake faces/fake_6936.png,1
Real faces/real_8493.png,0
Fake faces/fake_1083.png,1
Real faces/real_3264.png,0
Real faces/real_9321.png,0
Real faces/real_5061.png,0
Real faces/real_8444.png,0
Real faces/real_2098.png,0
Real faces/real_7001.png,0
Real faces/real_7292.png,0
Real faces/real_3671.png,0
Real faces/real_4968.png,0
Fake faces/fake_3135.png,1
Fake faces/fake_7949.png,1
Fake faces/fake_9629.png,1
Real faces/real_4416.png,0
Fake faces/fake_1075.png,1
Fake faces/fake_7255.png,1
Real faces/real_8940.png,0
Fake faces/fake_286.png,1
Fake faces/fake_8892.png,1
Fake faces/fake_7340.png,1
Real faces/real_22.png,0
Real faces/real_2934.png,0
Fake faces/fake_6748.png,1
Fake faces/fake_49.png,1
Real faces/real_6597.png,0
Fake faces/fake_7904.png,1
Fake faces/fake_5874.png,1
Fake faces/fake_7034.png,1
Real faces/real_4833.png,0
Fake faces/fake_1196.png,1
Fake faces/fake_5815.png,1
Fake faces/fake_4447.png,1
Fake faces/fake_773.png,1
Fake faces/fake_7481.png,1
Fake faces/fake_5351.png,1
Real faces/real_56.png,0
Real faces/real_3412.png,0
Fake faces/fake_9416.png,1
Real faces/real_2855.png,0
Real faces/real_400.png,0
Real faces/real_2986.png,0
Fake faces/fake_9251.png,1
Real faces/real_6605.png,0
Fake faces/fake_2982.png,1
Fake faces/fake_8947.png,1
Fake faces/fake_993.png,1
Fake faces/fake_764.png,1
Fake faces/fake_4530.png,1
Fake faces/fake_6672.png,1
Real faces/real_6554.png,0
Real faces/real_8780.png,0
Fake faces/fake_2058.png,1
Real faces/real_7258.png,0
Fake faces/fake_5934.png,1
Fake faces/fake_5810.png,1
Real faces/real_5781.png,0
Fake faces/fake_3764.png,1
Fake faces/fake_2581.png,1
Fake faces/fake_3962.png,1
Real faces/real_7233.png,0
Fake faces/fake_7760.png,1
Fake faces/fake_8498.png,1
Real faces/real_519.png,0
Real faces/real_1755.png,0
Real faces/real_4508.png,0
Fake faces/fake_3733.png,1
Fake faces/fake_3695.png,1
Real faces/real_5263.png,0
Real faces/real_1069.png,0
Real faces/real_8340.png,0
Real faces/real_8419.png,0
Fake faces/fake_5298.png,1
Fake faces/fake_6741.png,1
Real faces/real_6611.png,0
Fake faces/fake_3667.png,1
Real faces/real_665.png,0
Fake faces/fake_1912.png,1
Real faces/real_716.png,0
Fake faces/fake_3105.png,1
Fake faces/fake_4204.png,1
Real faces/real_1699.png,0
Real faces/real_1877.png,0
Fake faces/fake_288.png,1
Fake faces/fake_1929.png,1
Real faces/real_7320.png,0
Real faces/real_9724.png,0
Fake faces/fake_2691.png,1
Real faces/real_6800.png,0
Real faces/real_4916.png,0
Real faces/real_7065.png,0
Real faces/real_7140.png,0
Fake faces/fake_4738.png,1
Fake faces/fake_4902.png,1
Real faces/real_8990.png,0
Real faces/real_6861.png,0
Real faces/real_8168.png,0
Fake faces/fake_8464.png,1
Fake faces/fake_1264.png,1
Real faces/real_8128.png,0
Real faces/real_6592.png,0
Real faces/real_8672.png,0
Fake faces/fake_2874.png,1
Real faces/real_91.png,0
Real faces/real_2577.png,0
Fake faces/fake_8309.png,1
Fake faces/fake_9866.png,1
Real faces/real_8384.png,0
Fake faces/fake_4489.png,1
Fake faces/fake_2366.png,1
Fake faces/fake_226.png,1
Fake faces/fake_337.png,1
Real faces/real_9819.png,0
Fake faces/fake_3130.png,1
Real faces/real_4260.png,0
Real faces/real_3896.png,0
Fake faces/fake_3848.png,1
Real faces/real_1349.png,0
Fake faces/fake_2636.png,1
Fake faces/fake_7572.png,1
Fake faces/fake_8820.png,1
Real faces/real_3777.png,0
Fake faces/fake_2239.png,1
Real faces/real_3740.png,0
Fake faces/fake_5746.png,1
Real faces/real_4050.png,0
Fake faces/fake_1799.png,1
Real faces/real_7705.png,0
Fake faces/fake_7963.png,1
Real faces/real_2762.png,0
Real faces/real_3581.png,0
Real faces/real_7105.png,0
Real faces/real_6372.png,0
Fake faces/fake_5661.png,1
Fake faces/fake_3922.png,1
Real faces/real_5062.png,0
Real faces/real_3602.png,0
Fake faces/fake_7888.png,1
Real faces/real_6948.png,0
Real faces/real_7756.png,0
Real faces/real_9638.png,0
Fake faces/fake_8656.png,1
Real faces/real_9212.png,0
Real faces/real_8897.png,0
Fake faces/fake_8856.png,1
Fake faces/fake_2357.png,1
Fake faces/fake_9435.png,1
Fake faces/fake_7007.png,1
Real faces/real_9761.png,0
Fake faces/fake_2751.png,1
Fake faces/fake_9766.png,1
Real faces/real_9574.png,0
Real faces/real_6017.png,0
Fake faces/fake_8621.png,1
Real faces/real_2956.png,0
Fake faces/fake_441.png,1
Real faces/real_9670.png,0
Real faces/real_5409.png,0
Real faces/real_9611.png,0
Real faces/real_7520.png,0
Real faces/real_1103.png,0
Fake faces/fake_8668.png,1
Fake faces/fake_6142.png,1
Fake faces/fake_3504.png,1
Real faces/real_4690.png,0
Real faces/real_1558.png,0
Fake faces/fake_8904.png,1
Real faces/real_2488.png,0
Fake faces/fake_1304.png,1
Fake faces/fake_1674.png,1
Real faces/real_3523.png,0
Real faces/real_4542.png,0
Fake faces/fake_5371.png,1
Real faces/real_3400.png,0
Fake faces/fake_4386.png,1
Fake faces/fake_696.png,1
Fake faces/fake_8117.png,1
Fake faces/fake_8118.png,1
Real faces/real_2272.png,0
Real faces/real_2374.png,0
Fake faces/fake_9844.png,1
Fake faces/fake_5786.png,1
Fake faces/fake_2179.png,1
Fake faces/fake_4543.png,1
Real faces/real_9843.png,0
Real faces/real_292.png,0
Fake faces/fake_8028.png,1
Real faces/real_2870.png,0
Fake faces/fake_6005.png,1
Real faces/real_9964.png,0
Fake faces/fake_5791.png,1
Fake faces/fake_2722.png,1
Fake faces/fake_1910.png,1
Fake faces/fake_125.png,1
Fake faces/fake_3202.png,1
Fake faces/fake_5370.png,1
Fake faces/fake_1822.png,1
Real faces/real_4879.png,0
Fake faces/fake_3734.png,1
Fake faces/fake_9542.png,1
Fake faces/fake_138.png,1
Fake faces/fake_2193.png,1
Fake faces/fake_9420.png,1
Fake faces/fake_6533.png,1
Real faces/real_4418.png,0
Fake faces/fake_9002.png,1
Fake faces/fake_4391.png,1
Fake faces/fake_3152.png,1
Fake faces/fake_7650.png,1
Real faces/real_356.png,0
Real faces/real_686.png,0
Real faces/real_4584.png,0
Real faces/real_837.png,0
Real faces/real_7013.png,0
Real faces/real_8458.png,0
Fake faces/fake_8297.png,1
Fake faces/fake_8848.png,1
Fake faces/fake_9198.png,1
Real faces/real_1726.png,0
Fake faces/fake_84.png,1
Fake faces/fake_2057.png,1
Real faces/real_2362.png,0
Fake faces/fake_4437.png,1
Real faces/real_3179.png,0
Fake faces/fake_9284.png,1
Fake faces/fake_3847.png,1
Fake faces/fake_8525.png,1
Fake faces/fake_4766.png,1
Real faces/real_4223.png,0
Fake faces/fake_1882.png,1
Fake faces/fake_8316.png,1
Real faces/real_9633.png,0
Real faces/real_7379.png,0
Real faces/real_8101.png,0
Real faces/real_9858.png,0
Fake faces/fake_9940.png,1
Real faces/real_6967.png,0
Real faces/real_6166.png,0
Real faces/real_6461.png,0
Real faces/real_3061.png,0
Real faces/real_889.png,0
Real faces/real_966.png,0
Fake faces/fake_9481.png,1
Fake faces/fake_6850.png,1
Real faces/real_1963.png,0
Real faces/real_9850.png,0
Real faces/real_9319.png,0
Fake faces/fake_4010.png,1
Real faces/real_8353.png,0
Fake faces/fake_578.png,1
Real faces/real_9508.png,0
Fake faces/fake_3678.png,1
Fake faces/fake_785.png,1
Fake faces/fake_7838.png,1
Real faces/real_2835.png,0
Real faces/real_9735.png,0
Fake faces/fake_9005.png,1
Real faces/real_7213.png,0
Fake faces/fake_3026.png,1
Fake faces/fake_3003.png,1
Real faces/real_2268.png,0
Real faces/real_3770.png,0
Fake faces/fake_7440.png,1
Fake faces/fake_4435.png,1
Real faces/real_132.png,0
Fake faces/fake_9131.png,1
Real faces/real_581.png,0
Fake faces/fake_45.png,1
Real faces/real_9716.png,0
Fake faces/fake_5447.png,1
Real faces/real_6839.png,0
Real faces/real_393.png,0
Fake faces/fake_9218.png,1
Real faces/real_6558.png,0
Real faces/real_9301.png,0
Fake faces/fake_6012.png,1
Real faces/real_3928.png,0
Fake faces/fake_6613.png,1
Real faces/real_8401.png,0
Real faces/real_4036.png,0
Fake faces/fake_1831.png,1
Fake faces/fake_7978.png,1
Real faces/real_8183.png,0
Fake faces/fake_9469.png,1
Real faces/real_225.png,0
Real faces/real_4211.png,0
Fake faces/fake_354.png,1
Real faces/real_6777.png,0
Real faces/real_4613.png,0
Fake faces/fake_7425.png,1
Fake faces/fake_4480.png,1
Real faces/real_8593.png,0
Fake faces/fake_8517.png,1
Fake faces/fake_7460.png,1
Fake faces/fake_3869.png,1
Fake faces/fake_462.png,1
Fake faces/fake_5045.png,1
Real faces/real_5008.png,0
Fake faces/fake_7621.png,1
Real faces/real_3403.png,0
Real faces/real_3515.png,0
Real faces/real_3883.png,0
Fake faces/fake_559.png,1
Real faces/real_6755.png,0
Fake faces/fake_5034.png,1
Real faces/real_2908.png,0
Fake faces/fake_3604.png,1
Real faces/real_4261.png,0
Real faces/real_8071.png,0
Real faces/real_2423.png,0
Fake faces/fake_5328.png,1
Real faces/real_5264.png,0
Fake faces/fake_5898.png,1
Real faces/real_6163.png,0
Real faces/real_3548.png,0
Fake faces/fake_6075.png,1
Fake faces/fake_1699.png,1
Fake faces/fake_4117.png,1
Fake faces/fake_367.png,1
Real faces/real_7548.png,0
Fake faces/fake_6062.png,1
Fake faces/fake_256.png,1
Fake faces/fake_879.png,1
Real faces/real_1159.png,0
Real faces/real_6895.png,0
Real faces/real_5501.png,0
Real faces/real_8047.png,0
Real faces/real_809.png,0
Fake faces/fake_2180.png,1
Real faces/real_2650.png,0
Fake faces/fake_7074.png,1
Fake faces/fake_913.png,1
Real faces/real_8789.png,0
Real faces/real_3190.png,0
Real faces/real_3620.png,0
Real faces/real_9894.png,0
Fake faces/fake_2390.png,1
Real faces/real_3650.png,0
Fake faces/fake_8508.png,1
Fake faces/fake_3834.png,1
Fake faces/fake_3067.png,1
Real faces/real_4070.png,0
Real faces/real_8290.png,0
Real faces/real_1394.png,0
Real faces/real_5976.png,0
Real faces/real_3370.png,0
Fake faces/fake_426.png,1
Fake faces/fake_8782.png,1
Fake faces/fake_1039.png,1
Fake faces/fake_3551.png,1
Fake faces/fake_4210.png,1
Fake faces/fake_4207.png,1
Real faces/real_1054.png,0
Fake faces/fake_6561.png,1
Fake faces/fake_5195.png,1
Fake faces/fake_3561.png,1
Fake faces/fake_3050.png,1
Real faces/real_8856.png,0
Fake faces/fake_3175.png,1
Real faces/real_7903.png,0
Real faces/real_1736.png,0
Real faces/real_1568.png,0
Real faces/real_462.png,0
Real faces/real_743.png,0
Real faces/real_8414.png,0
Fake faces/fake_3064.png,1
Real faces/real_3994.png,0
Fake faces/fake_4297.png,1
Real faces/real_8817.png,0
Real faces/real_9308.png,0
Fake faces/fake_9654.png,1
Real faces/real_6284.png,0
Fake faces/fake_6326.png,1
Fake faces/fake_1342.png,1
Fake faces/fake_539.png,1
Fake faces/fake_2767.png,1
Real faces/real_5494.png,0
Fake faces/fake_6599.png,1
Fake faces/fake_2292.png,1
Real faces/real_8648.png,0
Fake faces/fake_9471.png,1
Fake faces/fake_3036.png,1
Real faces/real_4335.png,0
Fake faces/fake_3372.png,1
Fake faces/fake_5848.png,1
Fake faces/fake_7536.png,1
Fake faces/fake_90.png,1
Real faces/real_5114.png,0
Real faces/real_7174.png,0
Real faces/real_8587.png,0
Fake faces/fake_801.png,1
Real faces/real_5212.png,0
Real faces/real_3641.png,0
Real faces/real_9952.png,0
Real faces/real_9034.png,0
Fake faces/fake_1804.png,1
Real faces/real_21.png,0
Real faces/real_3718.png,0
Real faces/real_2902.png,0
Fake faces/fake_3360.png,1
Fake faces/fake_5979.png,1
Real faces/real_5534.png,0
Fake faces/fake_7235.png,1
Fake faces/fake_8042.png,1
Real faces/real_779.png,0
Fake faces/fake_8941.png,1
Real faces/real_7420.png,0
Fake faces/fake_5603.png,1
Fake faces/fake_6509.png,1
Real faces/real_6528.png,0
Real faces/real_3431.png,0
Fake faces/fake_454.png,1
Fake faces/fake_58.png,1
Fake faces/fake_8438.png,1
Fake faces/fake_5498.png,1
Real faces/real_4259.png,0
Real faces/real_4725.png,0
Real faces/real_1469.png,0
Fake faces/fake_7368.png,1
Fake faces/fake_481.png,1
Fake faces/fake_1617.png,1
Fake faces/fake_6855.png,1
Fake faces/fake_2652.png,1
Fake faces/fake_3454.png,1
Real faces/real_8424.png,0
Real faces/real_368.png,0
Fake faces/fake_1365.png,1
Real faces/real_9607.png,0
Fake faces/fake_5997.png,1
Real faces/real_9491.png,0
Real faces/real_64.png,0
Real faces/real_4210.png,0
Fake faces/fake_4595.png,1
Fake faces/fake_6263.png,1
Fake faces/fake_4557.png,1
Real faces/real_1721.png,0
Fake faces/fake_3657.png,1
Real faces/real_5324.png,0
Real faces/real_4060.png,0
Real faces/real_7280.png,0
Fake faces/fake_9683.png,1
Real faces/real_1824.png,0
Fake faces/fake_4234.png,1
Fake faces/fake_5399.png,1
Real faces/real_2355.png,0
Fake faces/fake_2803.png,1
Fake faces/fake_2472.png,1
Real faces/real_3232.png,0
Fake faces/fake_3806.png,1
Real faces/real_1918.png,0
Fake faces/fake_5261.png,1
Real faces/real_1569.png,0
Real faces/real_1831.png,0
Real faces/real_8539.png,0
Real faces/real_1242.png,0
Fake faces/fake_755.png,1
Real faces/real_9351.png,0
Fake faces/fake_8776.png,1
Fake faces/fake_8342.png,1
Real faces/real_4656.png,0
Fake faces/fake_7049.png,1
Real faces/real_8998.png,0
Fake faces/fake_6213.png,1
Fake faces/fake_8936.png,1
Fake faces/fake_8911.png,1
Real faces/real_1325.png,0
Real faces/real_8343.png,0
Fake faces/fake_1263.png,1
Fake faces/fake_3250.png,1
Real faces/real_8893.png,0
Real faces/real_4859.png,0
Real faces/real_7490.png,0
Fake faces/fake_2871.png,1
Fake faces/fake_370.png,1
Fake faces/fake_7643.png,1
Real faces/real_1222.png,0
Real faces/real_1777.png,0
Fake faces/fake_1475.png,1
Fake faces/fake_645.png,1
Fake faces/fake_5659.png,1
Fake faces/fake_2227.png,1
Fake faces/fake_8133.png,1
Fake faces/fake_6771.png,1
Fake faces/fake_7194.png,1
Real faces/real_8701.png,0
Fake faces/fake_2814.png,1
Real faces/real_6400.png,0
Fake faces/fake_3758.png,1
Real faces/real_748.png,0
Real faces/real_7271.png,0
Real faces/real_5246.png,0
Real faces/real_1259.png,0
Real faces/real_7173.png,0
Real faces/real_1888.png,0
Fake faces/fake_8386.png,1
Real faces/real_711.png,0
Fake faces/fake_148.png,1
Fake faces/fake_3775.png,1
Fake faces/fake_4168.png,1
Real faces/real_7937.png,0
Real faces/real_4808.png,0
Real faces/real_3329.png,0
Real faces/real_3293.png,0
Fake faces/fake_2207.png,1
Fake faces/fake_7247.png,1
Real faces/real_3845.png,0
Real faces/real_5551.png,0
Fake faces/fake_4128.png,1
Real faces/real_8296.png,0
Fake faces/fake_7203.png,1
Real faces/real_1794.png,0
Fake faces/fake_3770.png,1
Real faces/real_5917.png,0
Fake faces/fake_3704.png,1
Fake faces/fake_8902.png,1
Real faces/real_5024.png,0
Real faces/real_1658.png,0
Real faces/real_212.png,0
Fake faces/fake_3613.png,1
Fake faces/fake_6196.png,1
Real faces/real_4419.png,0
Fake faces/fake_461.png,1
Real faces/real_5193.png,0
Real faces/real_9551.png,0
Real faces/real_8526.png,0
Real faces/real_2166.png,0
Real faces/real_3110.png,0
Real faces/real_792.png,0
Real faces/real_233.png,0
Fake faces/fake_6940.png,1
Fake faces/fake_7648.png,1
Fake faces/fake_3839.png,1
Real faces/real_209.png,0
Real faces/real_9330.png,0
Fake faces/fake_6687.png,1
Fake faces/fake_2949.png,1
Real faces/real_4498.png,0
Fake faces/fake_8597.png,1
Real faces/real_9505.png,0
Real faces/real_2413.png,0
Real faces/real_6598.png,0
Fake faces/fake_4713.png,1
Fake faces/fake_7926.png,1
Fake faces/fake_8014.png,1
Real faces/real_834.png,0
Real faces/real_9063.png,0
Real faces/real_8074.png,0
Fake faces/fake_7633.png,1
Real faces/real_9455.png,0
Real faces/real_9810.png,0
Real faces/real_6035.png,0
Fake faces/fake_9606.png,1
Real faces/real_1220.png,0
Real faces/real_9957.png,0
Fake faces/fake_8659.png,1
Real faces/real_6552.png,0
Fake faces/fake_8375.png,1
Real faces/real_1387.png,0
Real faces/real_2001.png,0
Real faces/real_5609.png,0
Real faces/real_4581.png,0
Fake faces/fake_2393.png,1
Fake faces/fake_4321.png,1
Real faces/real_2523.png,0
Fake faces/fake_4511.png,1
Real faces/real_7259.png,0
Fake faces/fake_1794.png,1
Fake faces/fake_5817.png,1
Real faces/real_3078.png,0
Real faces/real_7460.png,0
Fake faces/fake_710.png,1
Fake faces/fake_4533.png,1
Real faces/real_4782.png,0
Fake faces/fake_6524.png,1
Real faces/real_4381.png,0
Fake faces/fake_2246.png,1
Fake faces/fake_8712.png,1
Fake faces/fake_6485.png,1
Real faces/real_6404.png,0
Real faces/real_7642.png,0
Real faces/real_8067.png,0
Real faces/real_6452.png,0
Fake faces/fake_4657.png,1
Real faces/real_2165.png,0
Real faces/real_8809.png,0
Fake faces/fake_824.png,1
Real faces/real_3803.png,0
Fake faces/fake_8687.png,1
Fake faces/fake_1069.png,1
Fake faces/fake_5514.png,1
Fake faces/fake_9618.png,1
Fake faces/fake_5894.png,1
Fake faces/fake_5601.png,1
Fake faces/fake_1927.png,1
Real faces/real_7637.png,0
Fake faces/fake_9122.png,1
Fake faces/fake_9196.png,1
Fake faces/fake_5919.png,1
Fake faces/fake_9619.png,1
Fake faces/fake_8239.png,1
Fake faces/fake_6086.png,1
Real faces/real_1386.png,0
Fake faces/fake_2699.png,1
Fake faces/fake_4420.png,1
Fake faces/fake_8823.png,1
Fake faces/fake_6445.png,1
Fake faces/fake_5977.png,1
Real faces/real_3095.png,0
Fake faces/fake_3200.png,1
Real faces/real_3285.png,0
Real faces/real_9930.png,0
Fake faces/fake_3240.png,1
Fake faces/fake_7691.png,1
Real faces/real_7847.png,0
Real faces/real_1313.png,0
Fake faces/fake_9085.png,1
Fake faces/fake_7519.png,1
Real faces/real_8420.png,0
Fake faces/fake_8095.png,1
Fake faces/fake_1700.png,1
Fake faces/fake_6745.png,1
Fake faces/fake_2409.png,1
Fake faces/fake_8245.png,1
Real faces/real_9631.png,0
Real faces/real_5072.png,0
Real faces/real_9373.png,0
Fake faces/fake_1529.png,1
Fake faces/fake_3055.png,1
Fake faces/fake_5508.png,1
Real faces/real_2269.png,0
Fake faces/fake_6291.png,1
Fake faces/fake_6412.png,1
Fake faces/fake_7555.png,1
Fake faces/fake_3318.png,1
Real faces/real_8598.png,0
Real faces/real_1422.png,0
Fake faces/fake_1165.png,1
Fake faces/fake_192.png,1
Fake faces/fake_6039.png,1
Fake faces/fake_6235.png,1
Fake faces/fake_651.png,1
Fake faces/fake_9306.png,1
Fake faces/fake_1859.png,1
Real faces/real_1541.png,0
Fake faces/fake_8631.png,1
Real faces/real_7262.png,0
Fake faces/fake_9794.png,1
Fake faces/fake_4190.png,1
Real faces/real_4607.png,0
Fake faces/fake_3750.png,1
Real faces/real_8434.png,0
Real faces/real_7111.png,0
Real faces/real_5538.png,0
Real faces/real_4466.png,0
Fake faces/fake_3760.png,1
Fake faces/fake_2644.png,1
Real faces/real_9037.png,0
Fake faces/fake_9203.png,1
Real faces/real_9475.png,0
Real faces/real_9284.png,0
Fake faces/fake_7051.png,1
Fake faces/fake_4676.png,1
Fake faces/fake_2095.png,1
Real faces/real_6123.png,0
Real faces/real_8563.png,0
Real faces/real_3771.png,0
Real faces/real_1109.png,0
Real faces/real_4655.png,0
Fake faces/fake_3329.png,1
Real faces/real_9230.png,0
Fake faces/fake_2414.png,1
Real faces/real_8212.png,0
Fake faces/fake_2881.png,1
Real faces/real_8266.png,0
Real faces/real_7095.png,0
Real faces/real_9126.png,0
Fake faces/fake_3022.png,1
Real faces/real_9918.png,0
Fake faces/fake_3636.png,1
Real faces/real_9096.png,0
Real faces/real_1737.png,0
Fake faces/fake_3672.png,1
Fake faces/fake_8912.png,1
Real faces/real_561.png,0
Fake faces/fake_7543.png,1
Real faces/real_3345.png,0
Fake faces/fake_8492.png,1
Real faces/real_9354.png,0
Real faces/real_9628.png,0
Real faces/real_8314.png,0
Real faces/real_9719.png,0
Fake faces/fake_1748.png,1
Fake faces/fake_2104.png,1
Fake faces/fake_1809.png,1
Real faces/real_58.png,0
Fake faces/fake_5590.png,1
Fake faces/fake_6477.png,1
Real faces/real_8405.png,0
Fake faces/fake_9483.png,1
Real faces/real_4179.png,0
Fake faces/fake_6468.png,1
Fake faces/fake_4681.png,1
Real faces/real_3690.png,0
Real faces/real_1649.png,0
Real faces/real_4636.png,0
Real faces/real_2510.png,0
Fake faces/fake_376.png,1
Fake faces/fake_4390.png,1
Real faces/real_938.png,0
Real faces/real_395.png,0
Fake faces/fake_809.png,1
Fake faces/fake_3911.png,1
Fake faces/fake_9339.png,1
Fake faces/fake_5254.png,1
Real faces/real_3870.png,0
Fake faces/fake_9174.png,1
Fake faces/fake_529.png,1
Real faces/real_2907.png,0
Fake faces/fake_9292.png,1
Fake faces/fake_2535.png,1
Real faces/real_5993.png,0
Fake faces/fake_5987.png,1
Fake faces/fake_47.png,1
Real faces/real_4415.png,0
Fake faces/fake_2540.png,1
Fake faces/fake_2118.png,1
Fake faces/fake_1896.png,1
Fake faces/fake_9009.png,1
Fake faces/fake_8300.png,1
Fake faces/fake_3196.png,1
Real faces/real_3949.png,0
Fake faces/fake_931.png,1
Fake faces/fake_7944.png,1
Real faces/real_2072.png,0
Real faces/real_5822.png,0
Fake faces/fake_1898.png,1
Fake faces/fake_6444.png,1
Real faces/real_3513.png,0
Fake faces/fake_8007.png,1
Fake faces/fake_6526.png,1
Fake faces/fake_6003.png,1
Real faces/real_7964.png,0
Real faces/real_5086.png,0
Real faces/real_7482.png,0
Fake faces/fake_2742.png,1
Fake faces/fake_6792.png,1
Real faces/real_766.png,0
Fake faces/fake_6600.png,1
Real faces/real_3782.png,0
Fake faces/fake_2665.png,1
Real faces/real_9336.png,0
Fake faces/fake_1903.png,1
Fake faces/fake_9702.png,1
Fake faces/fake_7749.png,1
Fake faces/fake_9465.png,1
Real faces/real_2860.png,0
Real faces/real_1221.png,0
Fake faces/fake_5465.png,1
Real faces/real_4864.png,0
Fake faces/fake_7023.png,1
Fake faces/fake_5028.png,1
Fake faces/fake_7133.png,1
Real faces/real_4924.png,0
Real faces/real_4532.png,0
Real faces/real_1672.png,0
Fake faces/fake_3803.png,1
Fake faces/fake_5651.png,1
Fake faces/fake_396.png,1
Real faces/real_4055.png,0
Real faces/real_6952.png,0
Fake faces/fake_5881.png,1
Fake faces/fake_9000.png,1
Fake faces/fake_1869.png,1
Fake faces/fake_9467.png,1
Fake faces/fake_5615.png,1
Fake faces/fake_7406.png,1
Fake faces/fake_3155.png,1
Fake faces/fake_9237.png,1
Fake faces/fake_4211.png,1
Fake faces/fake_7456.png,1
Fake faces/fake_1710.png,1
Real faces/real_9487.png,0
Fake faces/fake_6938.png,1
Fake faces/fake_7030.png,1
Real faces/real_4317.png,0
Real faces/real_9980.png,0
Fake faces/fake_1212.png,1
Real faces/real_7385.png,0
Real faces/real_5519.png,0
Real faces/real_858.png,0
Fake faces/fake_4327.png,1
Real faces/real_4439.png,0
Real faces/real_9033.png,0
Real faces/real_7875.png,0
Real faces/real_595.png,0
Fake faces/fake_2618.png,1
Real faces/real_8804.png,0
Real faces/real_7799.png,0
Real faces/real_9186.png,0
Fake faces/fake_9970.png,1
Real faces/real_9746.png,0
Fake faces/fake_4739.png,1
Real faces/real_1951.png,0
Real faces/real_9120.png,0
Fake faces/fake_3457.png,1
Fake faces/fake_5332.png,1
Fake faces/fake_4001.png,1
Real faces/real_6944.png,0
Real faces/real_9965.png,0
Real faces/real_7830.png,0
Real faces/real_2513.png,0
Real faces/real_6732.png,0
Real faces/real_5559.png,0
Fake faces/fake_854.png,1
Real faces/real_7860.png,0
Fake faces/fake_2300.png,1
Fake faces/fake_8027.png,1
Real faces/real_4700.png,0
Fake faces/fake_2839.png,1
Real faces/real_2233.png,0
Fake faces/fake_8242.png,1
Fake faces/fake_9296.png,1
Fake faces/fake_1816.png,1
Real faces/real_7956.png,0
Real faces/real_1176.png,0
Fake faces/fake_7923.png,1
Fake faces/fake_3129.png,1
Fake faces/fake_7902.png,1
Real faces/real_9215.png,0
Fake faces/fake_8490.png,1
Fake faces/fake_8961.png,1
Fake faces/fake_4031.png,1
Fake faces/fake_5854.png,1
Fake faces/fake_3684.png,1
Real faces/real_4241.png,0
Real faces/real_5424.png,0
Real faces/real_7447.png,0
Real faces/real_3401.png,0
Real faces/real_7492.png,0
Fake faces/fake_3308.png,1
Real faces/real_1550.png,0
Real faces/real_1009.png,0
Fake faces/fake_5925.png,1
Fake faces/fake_4578.png,1
Fake faces/fake_9929.png,1
Fake faces/fake_3797.png,1
Real faces/real_5095.png,0
Real faces/real_648.png,0
Fake faces/fake_5416.png,1
Fake faces/fake_8054.png,1
Real faces/real_4975.png,0
Real faces/real_727.png,0
Fake faces/fake_3007.png,1
Fake faces/fake_6118.png,1
Real faces/real_8742.png,0
Real faces/real_8169.png,0
Fake faces/fake_5352.png,1
Real faces/real_6860.png,0
Real faces/real_331.png,0
Real faces/real_7027.png,0
Fake faces/fake_6077.png,1
Real faces/real_8699.png,0
Real faces/real_211.png,0
Fake faces/fake_147.png,1
Fake faces/fake_2487.png,1
Real faces/real_6343.png,0
Real faces/real_1781.png,0
Fake faces/fake_5798.png,1
Real faces/real_3543.png,0
Real faces/real_1438.png,0
Fake faces/fake_9707.png,1
Real faces/real_2868.png,0
Real faces/real_2434.png,0
Real faces/real_6830.png,0
Real faces/real_4792.png,0
Real faces/real_9420.png,0
Fake faces/fake_617.png,1
Fake faces/fake_774.png,1
Real faces/real_6475.png,0
Real faces/real_9506.png,0
Fake faces/fake_4247.png,1
Fake faces/fake_6443.png,1
Fake faces/fake_5581.png,1
Fake faces/fake_6297.png,1
Real faces/real_12.png,0
Fake faces/fake_8981.png,1
Real faces/real_818.png,0
Fake faces/fake_9976.png,1
Fake faces/fake_699.png,1
Real faces/real_8184.png,0
Real faces/real_9896.png,0
Real faces/real_453.png,0
Fake faces/fake_5664.png,1
Fake faces/fake_704.png,1
Real faces/real_9848.png,0
Real faces/real_3457.png,0
Fake faces/fake_2593.png,1
Fake faces/fake_1332.png,1
Real faces/real_659.png,0
Fake faces/fake_1690.png,1
Fake faces/fake_6.png,1
Fake faces/fake_8100.png,1
Fake faces/fake_2244.png,1
Real faces/real_940.png,0
Real faces/real_2739.png,0
Real faces/real_9604.png,0
Fake faces/fake_7965.png,1
Fake faces/fake_4704.png,1
Fake faces/fake_1428.png,1
Fake faces/fake_4666.png,1
Fake faces/fake_556.png,1
Real faces/real_4071.png,0
Real faces/real_1400.png,0
Real faces/real_7690.png,0
Real faces/real_8222.png,0
Real faces/real_8123.png,0
Real faces/real_6363.png,0
Real faces/real_5796.png,0
Real faces/real_3677.png,0
Real faces/real_6566.png,0
Fake faces/fake_2825.png,1
Fake faces/fake_6810.png,1
Fake faces/fake_9967.png,1
Fake faces/fake_8812.png,1
Fake faces/fake_6664.png,1
Real faces/real_5188.png,0
Fake faces/fake_5623.png,1
Real faces/real_1108.png,0
Fake faces/fake_2533.png,1
Fake faces/fake_9308.png,1
Real faces/real_3229.png,0
Fake faces/fake_7920.png,1
Fake faces/fake_4460.png,1
Fake faces/fake_6714.png,1
Fake faces/fake_8511.png,1
Fake faces/fake_3408.png,1
Real faces/real_5835.png,0
Real faces/real_4326.png,0
Fake faces/fake_4092.png,1
Real faces/real_1779.png,0
Real faces/real_2553.png,0
Real faces/real_2686.png,0
Real faces/real_1040.png,0
Fake faces/fake_1757.png,1
Real faces/real_1563.png,0
Fake faces/fake_2012.png,1
Real faces/real_555.png,0
Real faces/real_3071.png,0
Fake faces/fake_3686.png,1
Real faces/real_4474.png,0
Real faces/real_7529.png,0
Fake faces/fake_4279.png,1
Fake faces/fake_2859.png,1
Fake faces/fake_5787.png,1
Fake faces/fake_5644.png,1
Real faces/real_1416.png,0
Fake faces/fake_5238.png,1
Fake faces/fake_2495.png,1
Fake faces/fake_6366.png,1
Real faces/real_4601.png,0
Real faces/real_9410.png,0
Fake faces/fake_5445.png,1
Real faces/real_7961.png,0
Real faces/real_7399.png,0
Fake faces/fake_252.png,1
Fake faces/fake_9405.png,1
Real faces/real_1238.png,0
Real faces/real_3735.png,0
Real faces/real_8961.png,0
Fake faces/fake_7131.png,1
Fake faces/fake_9303.png,1
Fake faces/fake_600.png,1
Fake faces/fake_9057.png,1
Fake faces/fake_2827.png,1
Fake faces/fake_2782.png,1
Fake faces/fake_7554.png,1
Real faces/real_9019.png,0
Fake faces/fake_9894.png,1
Fake faces/fake_2832.png,1
Real faces/real_28.png,0
Fake faces/fake_4855.png,1
Real faces/real_355.png,0
Real faces/real_9621.png,0
Real faces/real_3170.png,0
Fake faces/fake_635.png,1
Fake faces/fake_2035.png,1
Fake faces/fake_1129.png,1
Fake faces/fake_658.png,1
Real faces/real_8524.png,0
Real faces/real_5643.png,0
Real faces/real_6865.png,0
Fake faces/fake_5707.png,1
Fake faces/fake_6359.png,1
Real faces/real_3675.png,0
Real faces/real_4224.png,0
Real faces/real_964.png,0
Real faces/real_6749.png,0
Real faces/real_120.png,0
Real faces/real_6794.png,0
Real faces/real_4228.png,0
Real faces/real_5579.png,0
Real faces/real_328.png,0
Real faces/real_4710.png,0
Real faces/real_3281.png,0
Real faces/real_2370.png,0
Real faces/real_5522.png,0
Real faces/real_2544.png,0
Fake faces/fake_6559.png,1
Fake faces/fake_1958.png,1
Fake faces/fake_8077.png,1
Fake faces/fake_3569.png,1
Fake faces/fake_9871.png,1
Real faces/real_2178.png,0
Real faces/real_4898.png,0
Real faces/real_5153.png,0
Real faces/real_1209.png,0
Fake faces/fake_7955.png,1
Fake faces/fake_2333.png,1
Fake faces/fake_7919.png,1
Real faces/real_3123.png,0
Real faces/real_78.png,0
Real faces/real_9736.png,0
Fake faces/fake_5158.png,1
Real faces/real_3766.png,0
Fake faces/fake_1853.png,1
Fake faces/fake_3709.png,1
Fake faces/fake_293.png,1
Fake faces/fake_9892.png,1
Real faces/real_600.png,0
Real faces/real_9137.png,0
Real faces/real_4550.png,0
Real faces/real_943.png,0
Fake faces/fake_1095.png,1
Fake faces/fake_6753.png,1
Fake faces/fake_2257.png,1
Fake faces/fake_5830.png,1
Real faces/real_9314.png,0
Fake faces/fake_3185.png,1
Fake faces/fake_4419.png,1
Real faces/real_1561.png,0
Real faces/real_4869.png,0
Fake faces/fake_9189.png,1
Real faces/real_6213.png,0
Fake faces/fake_6123.png,1
Real faces/real_4541.png,0
Real faces/real_1782.png,0
Fake faces/fake_7270.png,1
Real faces/real_1095.png,0
Real faces/real_5544.png,0
Real faces/real_1946.png,0
Fake faces/fake_4400.png,1
Fake faces/fake_269.png,1
Fake faces/fake_1503.png,1
Real faces/real_677.png,0
Fake faces/fake_9797.png,1
Real faces/real_6789.png,0
Real faces/real_1392.png,0
Fake faces/fake_9661.png,1
Real faces/real_752.png,0
Fake faces/fake_4508.png,1
Real faces/real_3737.png,0
Real faces/real_2976.png,0
Real faces/real_6694.png,0
Real faces/real_3215.png,0
Fake faces/fake_5574.png,1
Real faces/real_9969.png,0
Real faces/real_1770.png,0
Fake faces/fake_120.png,1
Fake faces/fake_3547.png,1
Fake faces/fake_9912.png,1
Fake faces/fake_8675.png,1
Real faces/real_3022.png,0
Real faces/real_5401.png,0
Real faces/real_7856.png,0
Fake faces/fake_8204.png,1
Fake faces/fake_9100.png,1
Real faces/real_6875.png,0
Fake faces/fake_6739.png,1
Real faces/real_5191.png,0
Real faces/real_4619.png,0
Fake faces/fake_2178.png,1
Fake faces/fake_4040.png,1
Fake faces/fake_5014.png,1
Fake faces/fake_3271.png,1
Real faces/real_8719.png,0
Fake faces/fake_5272.png,1
Fake faces/fake_6553.png,1
Real faces/real_8146.png,0
Real faces/real_7968.png,0
Real faces/real_4264.png,0
Fake faces/fake_6735.png,1
Fake faces/fake_9652.png,1
Real faces/real_6825.png,0
Real faces/real_8113.png,0
Fake faces/fake_9111.png,1
Real faces/real_701.png,0
Real faces/real_6170.png,0
Fake faces/fake_7019.png,1
Real faces/real_8159.png,0
Real faces/real_6870.png,0
Fake faces/fake_1623.png,1
Real faces/real_4423.png,0
Real faces/real_6862.png,0
Real faces/real_6986.png,0
Real faces/real_4868.png,0
Real faces/real_9490.png,0
Real faces/real_4376.png,0
Fake faces/fake_4611.png,1
Real faces/real_9544.png,0
Real faces/real_2926.png,0
Fake faces/fake_4488.png,1
Real faces/real_9825.png,0
Real faces/real_9479.png,0
Real faces/real_8733.png,0
Fake faces/fake_2417.png,1
Fake faces/fake_1133.png,1
Real faces/real_4350.png,0
Fake faces/fake_5182.png,1
Real faces/real_3697.png,0
Real faces/real_2013.png,0
Fake faces/fake_623.png,1
Fake faces/fake_4518.png,1
Fake faces/fake_2254.png,1
Real faces/real_5677.png,0
Fake faces/fake_7268.png,1
Fake faces/fake_6889.png,1
Real faces/real_2147.png,0
Real faces/real_8788.png,0
Real faces/real_2705.png,0
Fake faces/fake_1172.png,1
Fake faces/fake_9086.png,1
Fake faces/fake_5593.png,1
Real faces/real_9699.png,0
Fake faces/fake_4817.png,1
Fake faces/fake_9955.png,1
Fake faces/fake_7635.png,1
Real faces/real_6841.png,0
Fake faces/fake_9427.png,1
Real faces/real_810.png,0
Real faces/real_5317.png,0
Fake faces/fake_6517.png,1
Real faces/real_312.png,0
Real faces/real_2073.png,0
Real faces/real_9730.png,0
Fake faces/fake_2399.png,1
Fake faces/fake_2168.png,1
Real faces/real_7734.png,0
Real faces/real_885.png,0
Real faces/real_9669.png,0
Real faces/real_1790.png,0
Fake faces/fake_6371.png,1
Fake faces/fake_6601.png,1
Fake faces/fake_9200.png,1
Real faces/real_3454.png,0
Real faces/real_8874.png,0
Real faces/real_3895.png,0
Fake faces/fake_1006.png,1
Fake faces/fake_3903.png,1
Fake faces/fake_1340.png,1
Real faces/real_8249.png,0
Fake faces/fake_33.png,1
Real faces/real_8012.png,0
Fake faces/fake_7213.png,1
Fake faces/fake_9591.png,1
Fake faces/fake_5558.png,1
Fake faces/fake_1840.png,1
Fake faces/fake_4189.png,1
Real faces/real_7925.png,0
Real faces/real_1468.png,0
Real faces/real_9608.png,0
Real faces/real_470.png,0
Fake faces/fake_9550.png,1
Real faces/real_2722.png,0
Real faces/real_5419.png,0
Fake faces/fake_7560.png,1
Fake faces/fake_221.png,1
Fake faces/fake_1473.png,1
Fake faces/fake_5426.png,1
Real faces/real_6041.png,0
Real faces/real_2744.png,0
Real faces/real_4569.png,0
Fake faces/fake_7105.png,1
Fake faces/fake_7256.png,1
Real faces/real_2161.png,0
Fake faces/fake_2799.png,1
Real faces/real_4674.png,0
Real faces/real_7456.png,0
Real faces/real_9247.png,0
Fake faces/fake_1800.png,1
Fake faces/fake_5975.png,1
Fake faces/fake_2278.png,1
Fake faces/fake_7911.png,1
Fake faces/fake_9116.png,1
Real faces/real_6379.png,0
Fake faces/fake_6815.png,1
Fake faces/fake_2383.png,1
Real faces/real_3876.png,0
Real faces/real_1075.png,0
Real faces/real_9307.png,0
Real faces/real_3936.png,0
Fake faces/fake_8725.png,1
Fake faces/fake_1502.png,1
Fake faces/fake_1659.png,1
Real faces/real_7141.png,0
Fake faces/fake_8224.png,1
Real faces/real_4207.png,0
Real faces/real_6713.png,0
Real faces/real_9747.png,0
Real faces/real_9644.png,0
Real faces/real_2149.png,0
Real faces/real_8511.png,0
Fake faces/fake_6504.png,1
Fake faces/fake_9114.png,1
Real faces/real_9485.png,0
Real faces/real_74.png,0
Fake faces/fake_4786.png,1
Fake faces/fake_858.png,1
Real faces/real_7339.png,0
Fake faces/fake_3699.png,1
Fake faces/fake_3801.png,1
Fake faces/fake_9321.png,1
Fake faces/fake_7477.png,1
Fake faces/fake_5733.png,1
Fake faces/fake_2116.png,1
Fake faces/fake_1537.png,1
Fake faces/fake_1697.png,1
Real faces/real_2509.png,0
Real faces/real_7281.png,0
Real faces/real_9244.png,0
Fake faces/fake_5044.png,1
Fake faces/fake_3626.png,1
Real faces/real_4067.png,0
Real faces/real_9648.png,0
Fake faces/fake_6462.png,1
Fake faces/fake_2869.png,1
Fake faces/fake_8434.png,1
Real faces/real_3145.png,0
Fake faces/fake_6535.png,1
Fake faces/fake_6984.png,1
Fake faces/fake_5556.png,1
Fake faces/fake_8600.png,1
Fake faces/fake_7281.png,1
Real faces/real_5131.png,0
Real faces/real_7926.png,0
Fake faces/fake_2729.png,1
Fake faces/fake_2944.png,1
Real faces/real_540.png,0
Real faces/real_4235.png,0
Real faces/real_5507.png,0
Fake faces/fake_2125.png,1
Fake faces/fake_8857.png,1
Fake faces/fake_4115.png,1
Fake faces/fake_5672.png,1
Fake faces/fake_8560.png,1
Real faces/real_754.png,0
Fake faces/fake_6352.png,1
Fake faces/fake_3844.png,1
Real faces/real_2542.png,0
Real faces/real_6073.png,0
Fake faces/fake_4975.png,1
Fake faces/fake_7804.png,1
Real faces/real_5218.png,0
Fake faces/fake_7786.png,1
Fake faces/fake_872.png,1
Real faces/real_237.png,0
Real faces/real_4271.png,0
Real faces/real_5875.png,0
Real faces/real_6657.png,0
Real faces/real_100.png,0
Fake faces/fake_4803.png,1
Fake faces/fake_1885.png,1
Fake faces/fake_4680.png,1
Fake faces/fake_3757.png,1
Real faces/real_5362.png,0
Real faces/real_4766.png,0
Real faces/real_7503.png,0
Fake faces/fake_4126.png,1
Real faces/real_8793.png,0
Fake faces/fake_4621.png,1
Real faces/real_1308.png,0
Real faces/real_1582.png,0
Fake faces/fake_1134.png,1
Real faces/real_2431.png,0
Real faces/real_1044.png,0
Fake faces/fake_2647.png,1
Real faces/real_9749.png,0
Real faces/real_5009.png,0
Fake faces/fake_1714.png,1
Real faces/real_1487.png,0
Real faces/real_7633.png,0
Fake faces/fake_9931.png,1
Fake faces/fake_1198.png,1
Fake faces/fake_9307.png,1
Real faces/real_5795.png,0
Real faces/real_5491.png,0
Fake faces/fake_3829.png,1
Real faces/real_618.png,0
Real faces/real_3799.png,0
Fake faces/fake_8797.png,1
Fake faces/fake_3597.png,1
Fake faces/fake_8588.png,1
Real faces/real_1600.png,0
Fake faces/fake_3623.png,1
Real faces/real_1849.png,0
Real faces/real_9807.png,0
Real faces/real_1752.png,0
Fake faces/fake_5234.png,1
Real faces/real_2040.png,0
Real faces/real_2083.png,0
Real faces/real_7965.png,0
Fake faces/fake_5706.png,1
Real faces/real_546.png,0
Real faces/real_6199.png,0
Fake faces/fake_2321.png,1
Fake faces/fake_4668.png,1
Real faces/real_1356.png,0
Real faces/real_5147.png,0
Fake faces/fake_2319.png,1
Real faces/real_8867.png,0
Fake faces/fake_9737.png,1
Fake faces/fake_316.png,1
Fake faces/fake_7191.png,1
Fake faces/fake_9694.png,1
Real faces/real_6014.png,0
Real faces/real_7169.png,0
Real faces/real_175.png,0
Fake faces/fake_546.png,1
Real faces/real_2208.png,0
Fake faces/fake_1605.png,1
Fake faces/fake_2758.png,1
Real faces/real_3787.png,0
Fake faces/fake_9417.png,1
Fake faces/fake_4535.png,1
Fake faces/fake_5137.png,1
Real faces/real_9318.png,0
Fake faces/fake_6632.png,1
Fake faces/fake_538.png,1
Fake faces/fake_2137.png,1
Real faces/real_2441.png,0
Fake faces/fake_7446.png,1
Real faces/real_1322.png,0
Real faces/real_1603.png,0
Real faces/real_9945.png,0
Real faces/real_8014.png,0
Fake faces/fake_9944.png,1
Real faces/real_4065.png,0
Real faces/real_1294.png,0
Real faces/real_2000.png,0
Fake faces/fake_3887.png,1
Real faces/real_2063.png,0
Real faces/real_1507.png,0
Fake faces/fake_3808.png,1
Real faces/real_1559.png,0
Fake faces/fake_5575.png,1
Real faces/real_5577.png,0
Fake faces/fake_7295.png,1
Fake faces/fake_7578.png,1
Fake faces/fake_9688.png,1
Fake faces/fake_6066.png,1
Fake faces/fake_7437.png,1
Fake faces/fake_2780.png,1
Real faces/real_5611.png,0
Fake faces/fake_2440.png,1
Real faces/real_5335.png,0
Real faces/real_9546.png,0
Fake faces/fake_644.png,1
Real faces/real_4141.png,0
Real faces/real_7938.png,0
Real faces/real_3549.png,0
Real faces/real_6016.png,0
Real faces/real_6906.png,0
Fake faces/fake_5054.png,1
Fake faces/fake_7224.png,1
Real faces/real_6720.png,0
Real faces/real_1235.png,0
Fake faces/fake_3814.png,1
Fake faces/fake_1204.png,1
Fake faces/fake_9643.png,1
Fake faces/fake_1920.png,1
Real faces/real_2251.png,0
Real faces/real_9217.png,0
Real faces/real_3670.png,0
Fake faces/fake_6707.png,1
Fake faces/fake_4502.png,1
Fake faces/fake_7434.png,1
Fake faces/fake_815.png,1
Real faces/real_8505.png,0
Fake faces/fake_2075.png,1
Fake faces/fake_5032.png,1
Real faces/real_9909.png,0
Fake faces/fake_1256.png,1
Real faces/real_947.png,0
Fake faces/fake_8689.png,1
Real faces/real_6985.png,0
Fake faces/fake_4991.png,1
Real faces/real_2970.png,0
Fake faces/fake_5910.png,1
Fake faces/fake_5127.png,1
Real faces/real_3885.png,0
Fake faces/fake_624.png,1
Fake faces/fake_2619.png,1
Fake faces/fake_5792.png,1
Fake faces/fake_8910.png,1
Real faces/real_6697.png,0
Fake faces/fake_7365.png,1
Fake faces/fake_6042.png,1
Fake faces/fake_2378.png,1
Fake faces/fake_8079.png,1
Fake faces/fake_2935.png,1
Real faces/real_7131.png,0
Real faces/real_6058.png,0
Real faces/real_1840.png,0
Fake faces/fake_7210.png,1
Real faces/real_1564.png,0
Real faces/real_3673.png,0
Fake faces/fake_459.png,1
Real faces/real_4311.png,0
Real faces/real_4698.png,0
Fake faces/fake_9750.png,1
Real faces/real_3320.png,0
Real faces/real_5192.png,0
Fake faces/fake_9464.png,1
Real faces/real_4468.png,0
Real faces/real_4773.png,0
Real faces/real_6575.png,0
Fake faces/fake_3461.png,1
Real faces/real_4709.png,0
Real faces/real_847.png,0
Fake faces/fake_7916.png,1
Real faces/real_838.png,0
Real faces/real_8740.png,0
Fake faces/fake_8125.png,1
Real faces/real_7532.png,0
Fake faces/fake_3746.png,1
Real faces/real_7759.png,0
Real faces/real_4597.png,0
Real faces/real_9609.png,0
Real faces/real_5785.png,0
Fake faces/fake_934.png,1
Fake faces/fake_1262.png,1
Fake faces/fake_385.png,1
Real faces/real_604.png,0
Fake faces/fake_2270.png,1
Fake faces/fake_9270.png,1
Fake faces/fake_2537.png,1
Real faces/real_7225.png,0
Real faces/real_2311.png,0
Fake faces/fake_5640.png,1
Fake faces/fake_6627.png,1
Real faces/real_1982.png,0
Real faces/real_8391.png,0
Real faces/real_8677.png,0
Fake faces/fake_8462.png,1
Real faces/real_5728.png,0
Real faces/real_2823.png,0
Real faces/real_4551.png,0
Real faces/real_5336.png,0
Fake faces/fake_8437.png,1
Real faces/real_4453.png,0
Real faces/real_8186.png,0
Fake faces/fake_7093.png,1
Fake faces/fake_8353.png,1
Real faces/real_3749.png,0
Fake faces/fake_2894.png,1
Fake faces/fake_6581.png,1
Real faces/real_8001.png,0
Fake faces/fake_1103.png,1
Fake faces/fake_9986.png,1
Fake faces/fake_8574.png,1
Fake faces/fake_3645.png,1
Real faces/real_9079.png,0
Real faces/real_524.png,0
Fake faces/fake_3792.png,1
Real faces/real_9139.png,0
Real faces/real_8450.png,0
Fake faces/fake_887.png,1
Fake faces/fake_1388.png,1
Fake faces/fake_4101.png,1
Real faces/real_122.png,0
Real faces/real_4366.png,0
Fake faces/fake_6114.png,1
Fake faces/fake_6202.png,1
Real faces/real_2302.png,0
Real faces/real_7397.png,0
Fake faces/fake_8609.png,1
Fake faces/fake_2379.png,1
Real faces/real_5820.png,0
Real faces/real_9197.png,0
Fake faces/fake_8652.png,1
Fake faces/fake_7381.png,1
Fake faces/fake_2346.png,1
Real faces/real_8880.png,0
Real faces/real_3055.png,0
Real faces/real_3566.png,0
Real faces/real_48.png,0
Fake faces/fake_9324.png,1
Real faces/real_501.png,0
Real faces/real_3185.png,0
Fake faces/fake_6717.png,1
Real faces/real_229.png,0
Fake faces/fake_3827.png,1
Fake faces/fake_7193.png,1
Real faces/real_2824.png,0
Real faces/real_8772.png,0
Fake faces/fake_4051.png,1
Real faces/real_3007.png,0
Fake faces/fake_5023.png,1
Real faces/real_4305.png,0
Fake faces/fake_563.png,1
Real faces/real_1074.png,0
Fake faces/fake_9942.png,1
Fake faces/fake_4318.png,1
Fake faces/fake_2677.png,1
Real faces/real_7653.png,0
Real faces/real_7210.png,0
Real faces/real_2944.png,0
Fake faces/fake_7656.png,1
Fake faces/fake_9910.png,1
Fake faces/fake_4184.png,1
Fake faces/fake_2326.png,1
Real faces/real_8638.png,0
Fake faces/fake_9362.png,1
Real faces/real_4433.png,0
Fake faces/fake_5726.png,1
Real faces/real_4161.png,0
Real faces/real_3117.png,0
Fake faces/fake_2598.png,1
Real faces/real_6878.png,0
Fake faces/fake_2351.png,1
Fake faces/fake_9260.png,1
Fake faces/fake_8232.png,1
Real faces/real_5322.png,0
Fake faces/fake_5617.png,1
Fake faces/fake_2074.png,1
Real faces/real_2419.png,0
Fake faces/fake_1771.png,1
Fake faces/fake_2220.png,1
Real faces/real_7170.png,0
Fake faces/fake_5855.png,1
Fake faces/fake_5299.png,1
Real faces/real_1017.png,0
Fake faces/fake_6229.png,1
Real faces/real_8540.png,0
Real faces/real_7743.png,0
Real faces/real_1928.png,0
Fake faces/fake_1669.png,1
Real faces/real_350.png,0
Fake faces/fake_2976.png,1
Real faces/real_223.png,0
Real faces/real_6030.png,0
Fake faces/fake_377.png,1
Fake faces/fake_341.png,1
Real faces/real_9179.png,0
Fake faces/fake_4015.png,1
Real faces/real_2500.png,0
Fake faces/fake_907.png,1
Fake faces/fake_4800.png,1
Real faces/real_564.png,0
Real faces/real_9774.png,0
Fake faces/fake_9367.png,1
Real faces/real_8089.png,0
Fake faces/fake_3247.png,1
Fake faces/fake_3179.png,1
Real faces/real_3385.png,0
Real faces/real_3933.png,0
Real faces/real_7959.png,0
Real faces/real_2707.png,0
Real faces/real_2790.png,0
Real faces/real_3446.png,0
Fake faces/fake_4063.png,1
Real faces/real_3535.png,0
Fake faces/fake_9920.png,1
Fake faces/fake_4820.png,1
Fake faces/fake_4225.png,1
Fake faces/fake_8931.png,1
Fake faces/fake_821.png,1
Fake faces/fake_2731.png,1
Real faces/real_7525.png,0
Real faces/real_821.png,0
Fake faces/fake_9255.png,1
Fake faces/fake_1516.png,1
Real faces/real_8278.png,0
Real faces/real_8273.png,0
Fake faces/fake_3188.png,1
Fake faces/fake_297.png,1
Fake faces/fake_9889.png,1
Real faces/real_9023.png,0
Fake faces/fake_7018.png,1
Real faces/real_7645.png,0
Fake faces/fake_4439.png,1
Fake faces/fake_3600.png,1
Real faces/real_2833.png,0
Fake faces/fake_8238.png,1
Fake faces/fake_9372.png,1
Real faces/real_7406.png,0
Fake faces/fake_5742.png,1
Fake faces/fake_102.png,1
Real faces/real_8240.png,0
Fake faces/fake_8940.png,1
Fake faces/fake_6569.png,1
Fake faces/fake_2314.png,1
Real faces/real_9979.png,0
Fake faces/fake_837.png,1
Real faces/real_7768.png,0
Fake faces/fake_2376.png,1
Real faces/real_4095.png,0
Real faces/real_2689.png,0
Real faces/real_1189.png,0
Real faces/real_9285.png,0
Real faces/real_4845.png,0
Real faces/real_5210.png,0
Real faces/real_3990.png,0
Real faces/real_8060.png,0
Fake faces/fake_9565.png,1
Real faces/real_5676.png,0
Fake faces/fake_4804.png,1
Fake faces/fake_9950.png,1
Fake faces/fake_3274.png,1
Fake faces/fake_4959.png,1
Fake faces/fake_3365.png,1
Fake faces/fake_5964.png,1
Fake faces/fake_5317.png,1
Fake faces/fake_5392.png,1
Fake faces/fake_6487.png,1
Real faces/real_3880.png,0
Fake faces/fake_3221.png,1
Fake faces/fake_361.png,1
Fake faces/fake_366.png,1
Real faces/real_4934.png,0
Fake faces/fake_5731.png,1
Fake faces/fake_204.png,1
Fake faces/fake_8975.png,1
Real faces/real_7746.png,0
Fake faces/fake_1655.png,1
Real faces/real_5235.png,0
Real faces/real_3945.png,0
Fake faces/fake_9121.png,1
Real faces/real_2164.png,0
Real faces/real_2886.png,0
Fake faces/fake_9109.png,1
Real faces/real_8714.png,0
Real faces/real_8708.png,0
Fake faces/fake_2701.png,1
Fake faces/fake_7573.png,1
Real faces/real_5666.png,0
Real faces/real_172.png,0
Real faces/real_639.png,0
Fake faces/fake_2451.png,1
Fake faces/fake_5627.png,1
Fake faces/fake_1671.png,1
Fake faces/fake_6018.png,1
Real faces/real_5065.png,0
Real faces/real_9335.png,0
Real faces/real_1548.png,0
Real faces/real_7435.png,0
Fake faces/fake_4624.png,1
Fake faces/fake_9932.png,1
Fake faces/fake_9024.png,1
Fake faces/fake_4919.png,1
Fake faces/fake_3771.png,1
Fake faces/fake_8878.png,1
Real faces/real_8919.png,0
Fake faces/fake_59.png,1
Fake faces/fake_5302.png,1
Real faces/real_8418.png,0
Real faces/real_9026.png,0
Real faces/real_2486.png,0
Real faces/real_9322.png,0
Real faces/real_9582.png,0
Fake faces/fake_2313.png,1
Fake faces/fake_9713.png,1
Fake faces/fake_7282.png,1
Fake faces/fake_4257.png,1
Real faces/real_8257.png,0
Fake faces/fake_7467.png,1
Fake faces/fake_567.png,1
Fake faces/fake_3552.png,1
Real faces/real_2024.png,0
Real faces/real_1872.png,0
Real faces/real_354.png,0
Real faces/real_5360.png,0
Fake faces/fake_5196.png,1
Fake faces/fake_4371.png,1
Real faces/real_1164.png,0
Fake faces/fake_1041.png,1
Fake faces/fake_1773.png,1
Real faces/real_3395.png,0
Fake faces/fake_5912.png,1
Fake faces/fake_4220.png,1
Real faces/real_3127.png,0
Real faces/real_9694.png,0
Real faces/real_8501.png,0
Fake faces/fake_6915.png,1
Real faces/real_9383.png,0
Real faces/real_7160.png,0
Fake faces/fake_9563.png,1
Real faces/real_4354.png,0
Fake faces/fake_2467.png,1
Fake faces/fake_6449.png,1
Real faces/real_3587.png,0
Fake faces/fake_3926.png,1
Fake faces/fake_3800.png,1
Fake faces/fake_7564.png,1
Fake faces/fake_9962.png,1
Fake faces/fake_1026.png,1
Fake faces/fake_9185.png,1
Real faces/real_324.png,0
Real faces/real_7890.png,0
Real faces/real_5171.png,0
Real faces/real_5648.png,0
Real faces/real_6743.png,0
Real faces/real_7398.png,0
Real faces/real_3209.png,0
Fake faces/fake_8267.png,1
Fake faces/fake_7097.png,1
Fake faces/fake_1206.png,1
Fake faces/fake_5606.png,1
Real faces/real_4752.png,0
Real faces/real_8879.png,0
Fake faces/fake_8356.png,1
Real faces/real_2379.png,0
Fake faces/fake_3738.png,1
Fake faces/fake_5614.png,1
Fake faces/fake_7361.png,1
Real faces/real_8021.png,0
Fake faces/fake_1722.png,1
Real faces/real_6658.png,0
Fake faces/fake_1499.png,1
Real faces/real_8177.png,0
Fake faces/fake_8620.png,1
Real faces/real_7857.png,0
Real faces/real_4421.png,0
Real faces/real_1101.png,0
Fake faces/fake_4212.png,1
Fake faces/fake_6190.png,1
Real faces/real_8609.png,0
Real faces/real_8061.png,0
Real faces/real_3250.png,0
Fake faces/fake_7601.png,1
Fake faces/fake_7332.png,1
Real faces/real_3557.png,0
Real faces/real_709.png,0
Real faces/real_118.png,0
Fake faces/fake_9214.png,1
Real faces/real_4598.png,0
Real faces/real_2042.png,0
Real faces/real_7419.png,0
Real faces/real_6130.png,0
Fake faces/fake_1760.png,1
Real faces/real_317.png,0
Fake faces/fake_6755.png,1
Real faces/real_5315.png,0
Fake faces/fake_3995.png,1
Real faces/real_6606.png,0
Fake faces/fake_1971.png,1
Real faces/real_5003.png,0
Real faces/real_6523.png,0
Real faces/real_9573.png,0
Fake faces/fake_5421.png,1
Real faces/real_4273.png,0
Real faces/real_5739.png,0
Fake faces/fake_1387.png,1
Real faces/real_5470.png,0
Real faces/real_5816.png,0
Fake faces/fake_5432.png,1
Real faces/real_87.png,0
Real faces/real_7630.png,0
Real faces/real_4163.png,0
Real faces/real_3382.png,0
Fake faces/fake_9917.png,1
Real faces/real_403.png,0
Real faces/real_4911.png,0
Fake faces/fake_8542.png,1
Fake faces/fake_8422.png,1
Real faces/real_9365.png,0
Real faces/real_2765.png,0
Real faces/real_6378.png,0
Real faces/real_2241.png,0
Fake faces/fake_5697.png,1
Real faces/real_3483.png,0
Fake faces/fake_3098.png,1
Real faces/real_6310.png,0
Real faces/real_9219.png,0
Fake faces/fake_9397.png,1
Fake faces/fake_5233.png,1
Real faces/real_5517.png,0
Real faces/real_2436.png,0
Real faces/real_4689.png,0
Real faces/real_2594.png,0
Real faces/real_9470.png,0
Fake faces/fake_6378.png,1
Real faces/real_6856.png,0
Fake faces/fake_4604.png,1
Fake faces/fake_1861.png,1
Real faces/real_6654.png,0
Real faces/real_1425.png,0
Real faces/real_5027.png,0
Real faces/real_5281.png,0
Fake faces/fake_4073.png,1
Real faces/real_1502.png,0
Fake faces/fake_8061.png,1
Real faces/real_9799.png,0
Fake faces/fake_9667.png,1
Fake faces/fake_1586.png,1
Real faces/real_678.png,0
Real faces/real_6673.png,0
Real faces/real_5851.png,0
Real faces/real_7194.png,0
Fake faces/fake_9095.png,1
Fake faces/fake_6852.png,1
Fake faces/fake_7390.png,1
Real faces/real_5053.png,0
Real faces/real_1850.png,0
Real faces/real_6522.png,0
Real faces/real_1070.png,0
Fake faces/fake_6217.png,1
Real faces/real_6784.png,0
Fake faces/fake_9672.png,1
Real faces/real_2772.png,0
Real faces/real_3392.png,0
Real faces/real_1099.png,0
Real faces/real_7378.png,0
Fake faces/fake_8034.png,1
Real faces/real_1749.png,0
Real faces/real_418.png,0
Fake faces/fake_4490.png,1
Real faces/real_5819.png,0
Fake faces/fake_1213.png,1
Fake faces/fake_9139.png,1
Fake faces/fake_2142.png,1
Fake faces/fake_9491.png,1
Fake faces/fake_2918.png,1
Fake faces/fake_4692.png,1
Fake faces/fake_796.png,1
Real faces/real_8400.png,0
Fake faces/fake_6573.png,1
Fake faces/fake_3361.png,1
Fake faces/fake_8978.png,1
Fake faces/fake_6474.png,1
Real faces/real_4893.png,0
Real faces/real_8720.png,0
Real faces/real_8971.png,0
Real faces/real_722.png,0
Real faces/real_5176.png,0
Fake faces/fake_9153.png,1
Real faces/real_1860.png,0
Fake faces/fake_1480.png,1
Real faces/real_1687.png,0
Real faces/real_8498.png,0
Fake faces/fake_91.png,1
Real faces/real_1992.png,0
Fake faces/fake_9524.png,1
Fake faces/fake_3794.png,1
Fake faces/fake_3229.png,1
Fake faces/fake_5492.png,1
Fake faces/fake_6935.png,1
Real faces/real_6117.png,0
Real faces/real_3459.png,0
Fake faces/fake_6475.png,1
Real faces/real_6567.png,0
Fake faces/fake_1866.png,1
Real faces/real_5670.png,0
Real faces/real_9296.png,0
Fake faces/fake_5380.png,1
Real faces/real_2810.png,0
Real faces/real_8949.png,0
Real faces/real_5492.png,0
Fake faces/fake_5171.png,1
Fake faces/fake_7710.png,1
Fake faces/fake_3949.png,1
Real faces/real_574.png,0
Real faces/real_8449.png,0
Fake faces/fake_2897.png,1
Fake faces/fake_2430.png,1
Real faces/real_9232.png,0
Fake faces/fake_2933.png,1
Fake faces/fake_4723.png,1
Real faces/real_3625.png,0
Fake faces/fake_2875.png,1
Fake faces/fake_2353.png,1
Fake faces/fake_15.png,1
Real faces/real_8695.png,0
Real faces/real_6354.png,0
Fake faces/fake_9514.png,1
Fake faces/fake_3557.png,1
Real faces/real_848.png,0
Real faces/real_2248.png,0
Real faces/real_5616.png,0
Real faces/real_8564.png,0
Fake faces/fake_1978.png,1
Fake faces/fake_3890.png,1
Real faces/real_8118.png,0
Real faces/real_5303.png,0
Real faces/real_4052.png,0
Fake faces/fake_7129.png,1
Fake faces/fake_9923.png,1
Fake faces/fake_6357.png,1
Fake faces/fake_111.png,1
Real faces/real_4076.png,0
Real faces/real_997.png,0
Real faces/real_4332.png,0
Real faces/real_9368.png,0
Fake faces/fake_8586.png,1
Real faces/real_551.png,0
Fake faces/fake_2977.png,1
Real faces/real_4372.png,0
Real faces/real_3497.png,0
Fake faces/fake_6285.png,1
Fake faces/fake_7836.png,1
Real faces/real_8032.png,0
Real faces/real_1407.png,0
Fake faces/fake_4314.png,1
Fake faces/fake_1391.png,1
Fake faces/fake_3689.png,1
Fake faces/fake_4013.png,1
Fake faces/fake_3146.png,1
Fake faces/fake_1844.png,1
Real faces/real_693.png,0
Fake faces/fake_9725.png,1
Real faces/real_5011.png,0
Real faces/real_3443.png,0
Real faces/real_9174.png,0
Fake faces/fake_8501.png,1
Real faces/real_4175.png,0
Real faces/real_4222.png,0
Real faces/real_8283.png,0
Fake faces/fake_9458.png,1
Fake faces/fake_3976.png,1
Fake faces/fake_4567.png,1
Fake faces/fake_351.png,1
Real faces/real_261.png,0
Fake faces/fake_311.png,1
Fake faces/fake_8529.png,1
Real faces/real_5497.png,0
Fake faces/fake_3027.png,1
Real faces/real_4016.png,0
Real faces/real_3626.png,0
Fake faces/fake_4009.png,1
Real faces/real_445.png,0
Real faces/real_6752.png,0
Real faces/real_5111.png,0
Real faces/real_3555.png,0
Fake faces/fake_9386.png,1
Real faces/real_7338.png,0
Real faces/real_3367.png,0
Fake faces/fake_1382.png,1
Fake faces/fake_8059.png,1
Real faces/real_2526.png,0
Fake faces/fake_3303.png,1
Fake faces/fake_6578.png,1
Fake faces/fake_3519.png,1
Real faces/real_1168.png,0
Real faces/real_4144.png,0
Real faces/real_7892.png,0
Real faces/real_8276.png,0
Real faces/real_3149.png,0
Fake faces/fake_5795.png,1
Real faces/real_880.png,0
Real faces/real_6747.png,0
Real faces/real_9408.png,0
Real faces/real_7572.png,0
Fake faces/fake_573.png,1
Real faces/real_1467.png,0
Real faces/real_8154.png,0
Fake faces/fake_2138.png,1
Real faces/real_6537.png,0
Fake faces/fake_7153.png,1
Real faces/real_452.png,0
Fake faces/fake_7518.png,1
Fake faces/fake_1514.png,1
Real faces/real_4137.png,0
Real faces/real_3039.png,0
Real faces/real_4150.png,0
Fake faces/fake_6777.png,1
Fake faces/fake_6541.png,1
Fake faces/fake_3596.png,1
Real faces/real_579.png,0
Real faces/real_6571.png,0
Fake faces/fake_7024.png,1
Real faces/real_7467.png,0
Fake faces/fake_2186.png,1
Fake faces/fake_5703.png,1
Real faces/real_867.png,0
Fake faces/fake_3548.png,1
Real faces/real_4157.png,0
Real faces/real_6349.png,0
Fake faces/fake_5081.png,1
Fake faces/fake_2140.png,1
Real faces/real_402.png,0
Real faces/real_4428.png,0
Fake faces/fake_9276.png,1
Real faces/real_3057.png,0
Fake faces/fake_9190.png,1
Real faces/real_7060.png,0
Real faces/real_164.png,0
Fake faces/fake_3420.png,1
Fake faces/fake_9390.png,1
Fake faces/fake_7494.png,1
Fake faces/fake_8347.png,1
Fake faces/fake_7212.png,1
Real faces/real_3317.png,0
Fake faces/fake_7118.png,1
Real faces/real_7865.png,0
Fake faces/fake_5470.png,1
Fake faces/fake_7126.png,1
Real faces/real_6851.png,0
Real faces/real_1847.png,0
Fake faces/fake_2828.png,1
Real faces/real_1334.png,0
Real faces/real_8779.png,0
Fake faces/fake_1835.png,1
Fake faces/fake_3643.png,1
Real faces/real_8945.png,0
Fake faces/fake_8256.png,1
Fake faces/fake_1679.png,1
Real faces/real_6997.png,0
Real faces/real_706.png,0
Real faces/real_3491.png,0
Real faces/real_4573.png,0
Fake faces/fake_3625.png,1
Real faces/real_7706.png,0
Real faces/real_7054.png,0
Real faces/real_5580.png,0
Fake faces/fake_228.png,1
Real faces/real_3151.png,0
Real faces/real_6617.png,0
Real faces/real_4784.png,0
Fake faces/fake_8991.png,1
Real faces/real_4022.png,0
Fake faces/fake_5513.png,1
Real faces/real_9266.png,0
Real faces/real_2607.png,0
Fake faces/fake_3705.png,1
Fake faces/fake_8630.png,1
Real faces/real_9118.png,0
Fake faces/fake_8502.png,1
Fake faces/fake_4877.png,1
Real faces/real_2429.png,0
Real faces/real_246.png,0
Real faces/real_3815.png,0
Fake faces/fake_6727.png,1
Fake faces/fake_2932.png,1
Real faces/real_9089.png,0
Real faces/real_2262.png,0
Fake faces/fake_9438.png,1
Real faces/real_835.png,0
Real faces/real_8624.png,0
Fake faces/fake_4806.png,1
Real faces/real_1173.png,0
Fake faces/fake_800.png,1
Real faces/real_6437.png,0
Fake faces/fake_5999.png,1
Fake faces/fake_7848.png,1
Fake faces/fake_67.png,1
Fake faces/fake_4718.png,1
Real faces/real_5289.png,0
Fake faces/fake_4726.png,1
Real faces/real_8098.png,0
Real faces/real_4951.png,0
Real faces/real_250.png,0
Fake faces/fake_4162.png,1
Real faces/real_7952.png,0
Fake faces/fake_805.png,1
Real faces/real_7334.png,0
Real faces/real_2793.png,0
Fake faces/fake_6244.png,1
Fake faces/fake_6289.png,1
Real faces/real_7795.png,0
Fake faces/fake_1526.png,1
Real faces/real_3407.png,0
Fake faces/fake_870.png,1
Fake faces/fake_8291.png,1
Real faces/real_8625.png,0
Fake faces/fake_3374.png,1
Real faces/real_7422.png,0
Real faces/real_8963.png,0
Real faces/real_1997.png,0
Real faces/real_4200.png,0
Fake faces/fake_3076.png,1
Fake faces/fake_2242.png,1
Fake faces/fake_8326.png,1
Real faces/real_5629.png,0
Real faces/real_4002.png,0
Fake faces/fake_810.png,1
Real faces/real_4753.png,0
Fake faces/fake_25.png,1
Fake faces/fake_3123.png,1
Fake faces/fake_2890.png,1
Real faces/real_4196.png,0
Real faces/real_9635.png,0
Real faces/real_3681.png,0
Real faces/real_3019.png,0
Real faces/real_4310.png,0
Real faces/real_7448.png,0
Fake faces/fake_6300.png,1
Real faces/real_3985.png,0
Fake faces/fake_5936.png,1
Real faces/real_9205.png,0
Fake faces/fake_229.png,1
Real faces/real_2569.png,0
Real faces/real_4402.png,0
Real faces/real_4277.png,0
Real faces/real_3666.png,0
Real faces/real_8412.png,0
Fake faces/fake_910.png,1
Real faces/real_2446.png,0
Real faces/real_6821.png,0
Fake faces/fake_6063.png,1
Real faces/real_6520.png,0
Fake faces/fake_2003.png,1
Fake faces/fake_2569.png,1
Real faces/real_8959.png,0
Real faces/real_3172.png,0
Real faces/real_1223.png,0
Fake faces/fake_6801.png,1
Fake faces/fake_7358.png,1
Real faces/real_544.png,0
Real faces/real_1204.png,0
Fake faces/fake_5825.png,1
Real faces/real_8613.png,0
Real faces/real_9257.png,0
Real faces/real_7242.png,0
Real faces/real_2637.png,0
Real faces/real_8761.png,0
Fake faces/fake_6458.png,1
Real faces/real_1388.png,0
Fake faces/fake_1118.png,1
Fake faces/fake_1738.png,1
Real faces/real_877.png,0
Fake faces/fake_9721.png,1
Real faces/real_8388.png,0
Real faces/real_98.png,0
Fake faces/fake_8575.png,1
Real faces/real_4379.png,0
Fake faces/fake_8957.png,1
Real faces/real_2803.png,0
Fake faces/fake_8189.png,1
Real faces/real_3908.png,0
Fake faces/fake_9763.png,1
Real faces/real_7688.png,0
Fake faces/fake_6987.png,1
Real faces/real_6496.png,0
Fake faces/fake_1638.png,1
Real faces/real_8447.png,0
Fake faces/fake_595.png,1
Real faces/real_8075.png,0
Real faces/real_6964.png,0
Real faces/real_6479.png,0
Real faces/real_4711.png,0
Fake faces/fake_2256.png,1
Fake faces/fake_6054.png,1
Fake faces/fake_7476.png,1
Real faces/real_989.png,0
Fake faces/fake_1981.png,1
Real faces/real_2682.png,0
Fake faces/fake_5190.png,1
Real faces/real_2508.png,0
Fake faces/fake_5227.png,1
Real faces/real_9702.png,0
Real faces/real_4314.png,0
Fake faces/fake_4450.png,1
Fake faces/fake_6890.png,1
Real faces/real_5356.png,0
Real faces/real_6639.png,0
Real faces/real_5972.png,0
Real faces/real_9436.png,0
Real faces/real_3734.png,0
Fake faces/fake_5500.png,1
Fake faces/fake_8196.png,1
Fake faces/fake_7313.png,1
Real faces/real_7787.png,0
Fake faces/fake_1535.png,1
Fake faces/fake_1759.png,1
Fake faces/fake_9949.png,1
Real faces/real_1876.png,0
Fake faces/fake_5666.png,1
Real faces/real_5262.png,0
Real faces/real_8446.png,0
Fake faces/fake_5504.png,1
Fake faces/fake_7703.png,1
Fake faces/fake_8163.png,1
Real faces/real_5159.png,0
Fake faces/fake_1208.png,1
Fake faces/fake_4138.png,1
Real faces/real_759.png,0
Real faces/real_5481.png,0
Real faces/real_654.png,0
Real faces/real_5812.png,0
Real faces/real_5288.png,0
Real faces/real_2892.png,0
Fake faces/fake_1728.png,1
Real faces/real_5636.png,0
Real faces/real_9612.png,0
Real faces/real_3044.png,0
Fake faces/fake_1250.png,1
Fake faces/fake_9783.png,1
Real faces/real_8520.png,0
Fake faces/fake_3550.png,1
Real faces/real_8445.png,0
Real faces/real_7318.png,0
Real faces/real_6159.png,0
Fake faces/fake_5170.png,1
Fake faces/fake_7569.png,1
Real faces/real_6022.png,0
Real faces/real_5092.png,0
Fake faces/fake_8211.png,1
Fake faces/fake_8221.png,1
Fake faces/fake_1221.png,1
Fake faces/fake_1803.png,1
Fake faces/fake_4605.png,1
Real faces/real_1131.png,0
Fake faces/fake_8210.png,1
Fake faces/fake_8137.png,1
Real faces/real_3659.png,0
Real faces/real_3326.png,0
Real faces/real_9465.png,0
Fake faces/fake_1203.png,1
Real faces/real_2663.png,0
Fake faces/fake_176.png,1
Real faces/real_5378.png,0
Fake faces/fake_9012.png,1
Real faces/real_9554.png,0
Fake faces/fake_1115.png,1
Real faces/real_5533.png,0
Fake faces/fake_8673.png,1
Real faces/real_4.png,0
Real faces/real_4152.png,0
Real faces/real_1927.png,0
Fake faces/fake_2783.png,1
Fake faces/fake_4259.png,1
Fake faces/fake_9379.png,1
Real faces/real_2880.png,0
Real faces/real_5839.png,0
Real faces/real_3381.png,0
Real faces/real_9494.png,0
Fake faces/fake_5395.png,1
Real faces/real_4957.png,0
Fake faces/fake_6028.png,1
Fake faces/fake_3916.png,1
Fake faces/fake_2806.png,1
Fake faces/fake_8305.png,1
Real faces/real_5720.png,0
Fake faces/fake_6321.png,1
Fake faces/fake_2285.png,1
Real faces/real_942.png,0
Real faces/real_3235.png,0
Real faces/real_3257.png,0
Fake faces/fake_2439.png,1
Fake faces/fake_2240.png,1
Real faces/real_8368.png,0
Real faces/real_8627.png,0
Fake faces/fake_6151.png,1
Real faces/real_308.png,0
Real faces/real_1565.png,0
Fake faces/fake_7156.png,1
Real faces/real_6727.png,0
Real faces/real_2135.png,0
Fake faces/fake_5462.png,1
Fake faces/fake_9861.png,1
Fake faces/fake_1801.png,1
Fake faces/fake_5133.png,1
Fake faces/fake_5167.png,1
Real faces/real_3874.png,0
Fake faces/fake_2516.png,1
Real faces/real_7393.png,0
Real faces/real_2276.png,0
Real faces/real_7072.png,0
Fake faces/fake_7817.png,1
Fake faces/fake_4116.png,1
Fake faces/fake_2556.png,1
Fake faces/fake_1881.png,1
Real faces/real_2623.png,0
Fake faces/fake_4765.png,1
Fake faces/fake_7764.png,1
Real faces/real_8534.png,0
Fake faces/fake_171.png,1
Real faces/real_231.png,0
Real faces/real_8371.png,0
Fake faces/fake_6177.png,1
Real faces/real_737.png,0
Real faces/real_2838.png,0
Fake faces/fake_6879.png,1
Real faces/real_8216.png,0
Fake faces/fake_4916.png,1
Fake faces/fake_1851.png,1
Fake faces/fake_1921.png,1
Fake faces/fake_4932.png,1
Real faces/real_5705.png,0
Fake faces/fake_6887.png,1
Real faces/real_9513.png,0
Real faces/real_5935.png,0
Fake faces/fake_9187.png,1
Real faces/real_6495.png,0
Real faces/real_755.png,0
Fake faces/fake_6469.png,1
Fake faces/fake_412.png,1
Real faces/real_8119.png,0
Real faces/real_8992.png,0
Fake faces/fake_2438.png,1
Fake faces/fake_2359.png,1
Real faces/real_6200.png,0
Fake faces/fake_4633.png,1
Real faces/real_69.png,0
Real faces/real_5367.png,0
Real faces/real_8084.png,0
Real faces/real_5682.png,0
Fake faces/fake_200.png,1
Fake faces/fake_959.png,1
Real faces/real_1680.png,0
Real faces/real_7557.png,0
Real faces/real_8569.png,0
Real faces/real_9661.png,0
Real faces/real_5961.png,0
Real faces/real_2603.png,0
Fake faces/fake_1325.png,1
Real faces/real_7868.png,0
Fake faces/fake_5449.png,1
Real faces/real_5413.png,0
Fake faces/fake_7697.png,1
Fake faces/fake_7422.png,1
Fake faces/fake_5770.png,1
Fake faces/fake_8283.png,1
Fake faces/fake_9918.png,1
Real faces/real_8669.png,0
Fake faces/fake_339.png,1
Real faces/real_2283.png,0
Real faces/real_3732.png,0
Real faces/real_9045.png,0
Fake faces/fake_2286.png,1
Real faces/real_8943.png,0
Fake faces/fake_438.png,1
Fake faces/fake_5224.png,1
Fake faces/fake_746.png,1
Fake faces/fake_3819.png,1
Real faces/real_6620.png,0
Fake faces/fake_5499.png,1
Real faces/real_5127.png,0
Real faces/real_9327.png,0
Fake faces/fake_3586.png,1
Fake faces/fake_7756.png,1
Real faces/real_1545.png,0
Real faces/real_739.png,0
Fake faces/fake_8572.png,1
Fake faces/fake_9875.png,1
Real faces/real_1674.png,0
Real faces/real_2567.png,0
Real faces/real_6984.png,0
Real faces/real_6795.png,0
Fake faces/fake_8134.png,1
Real faces/real_3518.png,0
Fake faces/fake_6486.png,1
Fake faces/fake_9546.png,1
Real faces/real_4732.png,0
Fake faces/fake_3226.png,1
Real faces/real_773.png,0
Real faces/real_865.png,0
Real faces/real_8521.png,0
Real faces/real_5200.png,0
Fake faces/fake_2848.png,1
Real faces/real_641.png,0
Real faces/real_18.png,0
Fake faces/fake_6999.png,1
Fake faces/fake_8089.png,1
Real faces/real_3203.png,0
Real faces/real_7288.png,0
Fake faces/fake_7501.png,1
Real faces/real_5204.png,0
Real faces/real_9057.png,0
Fake faces/fake_8177.png,1
Fake faces/fake_584.png,1
Fake faces/fake_4606.png,1
Real faces/real_6923.png,0
Real faces/real_3840.png,0
Fake faces/fake_3888.png,1
Fake faces/fake_8998.png,1
Fake faces/fake_8197.png,1
Real faces/real_9154.png,0
Fake faces/fake_326.png,1
Fake faces/fake_7921.png,1
Real faces/real_6665.png,0
Real faces/real_3240.png,0
Fake faces/fake_1780.png,1
Real faces/real_3309.png,0
Fake faces/fake_9358.png,1
Real faces/real_363.png,0
Real faces/real_3723.png,0
Fake faces/fake_8017.png,1
Real faces/real_7670.png,0
Fake faces/fake_8789.png,1
Real faces/real_4726.png,0
Real faces/real_8738.png,0
Real faces/real_2940.png,0
Real faces/real_471.png,0
Real faces/real_1641.png,0
Fake faces/fake_1807.png,1
Fake faces/fake_1010.png,1
Fake faces/fake_1266.png,1
Fake faces/fake_6816.png,1
Real faces/real_1172.png,0
Fake faces/fake_4382.png,1
Real faces/real_6085.png,0
Real faces/real_9602.png,0
Fake faces/fake_1598.png,1
Fake faces/fake_5993.png,1
Real faces/real_3364.png,0
Fake faces/fake_2922.png,1
Fake faces/fake_6700.png,1
Fake faces/fake_7665.png,1
Real faces/real_1410.png,0
Fake faces/fake_7479.png,1
Fake faces/fake_4685.png,1
Real faces/real_6666.png,0
Fake faces/fake_8332.png,1
Real faces/real_8634.png,0
Fake faces/fake_2157.png,1
Real faces/real_815.png,0
Real faces/real_6500.png,0
Real faces/real_7322.png,0
Real faces/real_2131.png,0
Real faces/real_1797.png,0
Real faces/real_7727.png,0
Real faces/real_4575.png,0
Real faces/real_5190.png,0
Real faces/real_8167.png,0
Real faces/real_3122.png,0
Real faces/real_5365.png,0
Fake faces/fake_7410.png,1
Real faces/real_4275.png,0
Real faces/real_523.png,0
Real faces/real_3089.png,0
Fake faces/fake_5983.png,1
Fake faces/fake_8619.png,1
Fake faces/fake_984.png,1
Fake faces/fake_4734.png,1
Real faces/real_5253.png,0
Fake faces/fake_1061.png,1
Real faces/real_1532.png,0
Fake faces/fake_8819.png,1
Fake faces/fake_6762.png,1
Fake faces/fake_8602.png,1
Real faces/real_2831.png,0
Real faces/real_8269.png,0
Real faces/real_9727.png,0
Real faces/real_7489.png,0
Fake faces/fake_7071.png,1
Fake faces/fake_6922.png,1
Fake faces/fake_2526.png,1
Fake faces/fake_6871.png,1
Real faces/real_1299.png,0
Real faces/real_6273.png,0
Real faces/real_5499.png,0
Fake faces/fake_4094.png,1
Real faces/real_3276.png,0
Real faces/real_9294.png,0
Real faces/real_6230.png,0
Real faces/real_1480.png,0
Fake faces/fake_1335.png,1
Real faces/real_1601.png,0
Fake faces/fake_9151.png,1
Real faces/real_5091.png,0
Real faces/real_7067.png,0
Fake faces/fake_3831.png,1
Fake faces/fake_9987.png,1
Fake faces/fake_243.png,1
Fake faces/fake_4118.png,1
Fake faces/fake_5247.png,1
Real faces/real_3661.png,0
Real faces/real_6048.png,0
Real faces/real_8747.png,0
Real faces/real_4825.png,0
Real faces/real_9355.png,0
Real faces/real_5680.png,0
Fake faces/fake_8549.png,1
Fake faces/fake_7907.png,1
Real faces/real_397.png,0
Real faces/real_1537.png,0
Real faces/real_2506.png,0
Fake faces/fake_928.png,1
Fake faces/fake_4777.png,1
Fake faces/fake_3131.png,1
Fake faces/fake_4039.png,1
Real faces/real_3010.png,0
Fake faces/fake_3581.png,1
Real faces/real_723.png,0
Real faces/real_300.png,0
Real faces/real_3192.png,0
Fake faces/fake_5582.png,1
Real faces/real_7328.png,0
Fake faces/fake_7486.png,1
Fake faces/fake_6369.png,1
Real faces/real_4185.png,0
Real faces/real_2713.png,0
Fake faces/fake_4135.png,1
Fake faces/fake_8496.png,1
Fake faces/fake_8334.png,1
Fake faces/fake_1991.png,1
Fake faces/fake_2345.png,1
Fake faces/fake_64.png,1
Fake faces/fake_6147.png,1
Real faces/real_4582.png,0
Fake faces/fake_81.png,1
Real faces/real_7367.png,0
Fake faces/fake_9681.png,1
Fake faces/fake_5947.png,1
Real faces/real_2511.png,0
Real faces/real_7433.png,0
Fake faces/fake_1144.png,1
Real faces/real_9344.png,0
Real faces/real_6965.png,0
Real faces/real_1212.png,0
Fake faces/fake_7695.png,1
Real faces/real_7055.png,0
Fake faces/fake_6394.png,1
Real faces/real_2349.png,0
Real faces/real_9261.png,0
Fake faces/fake_2114.png,1
Fake faces/fake_5123.png,1
Fake faces/fake_3999.png,1
Real faces/real_5427.png,0
Fake faces/fake_3895.png,1
Real faces/real_3426.png,0
Real faces/real_8857.png,0
Fake faces/fake_7854.png,1
Real faces/real_7216.png,0
Real faces/real_5994.png,0
Real faces/real_8834.png,0
Fake faces/fake_8070.png,1
Real faces/real_3767.png,0
Real faces/real_4272.png,0
Fake faces/fake_684.png,1
Fake faces/fake_1233.png,1
Real faces/real_786.png,0
Fake faces/fake_8049.png,1
Fake faces/fake_968.png,1
Fake faces/fake_3651.png,1
Fake faces/fake_5598.png,1
Real faces/real_6481.png,0
Fake faces/fake_7379.png,1
Real faces/real_7853.png,0
Fake faces/fake_1855.png,1
Fake faces/fake_3622.png,1
Fake faces/fake_6016.png,1
Real faces/real_2905.png,0
Real faces/real_4626.png,0
Fake faces/fake_3974.png,1
Real faces/real_996.png,0
Fake faces/fake_2558.png,1
Real faces/real_154.png,0
Real faces/real_7246.png,0
Fake faces/fake_8468.png,1
Real faces/real_6250.png,0
Fake faces/fake_5923.png,1
Real faces/real_8055.png,0
Fake faces/fake_550.png,1
Real faces/real_5523.png,0
Fake faces/fake_2491.png,1
Real faces/real_7505.png,0
Real faces/real_8926.png,0
Real faces/real_156.png,0
Fake faces/fake_3148.png,1
Real faces/real_3085.png,0
Fake faces/fake_2324.png,1
Real faces/real_1552.png,0
Fake faces/fake_6393.png,1
Fake faces/fake_5353.png,1
Fake faces/fake_4917.png,1
Fake faces/fake_8987.png,1
Real faces/real_495.png,0
Real faces/real_2321.png,0
Real faces/real_912.png,0
Fake faces/fake_5803.png,1
Real faces/real_8777.png,0
Real faces/real_151.png,0
Fake faces/fake_5379.png,1
Fake faces/fake_2201.png,1
Fake faces/fake_3769.png,1
Real faces/real_1364.png,0
Real faces/real_1738.png,0
Real faces/real_3001.png,0
Fake faces/fake_7455.png,1
Real faces/real_9309.png,0
Fake faces/fake_2605.png,1
Real faces/real_6961.png,0
Fake faces/fake_23.png,1
Real faces/real_2883.png,0
Real faces/real_3720.png,0
Real faces/real_7127.png,0
Real faces/real_9533.png,0
Fake faces/fake_9235.png,1
Real faces/real_888.png,0
Real faces/real_5471.png,0
Real faces/real_3201.png,0
Fake faces/fake_4875.png,1
Fake faces/fake_9468.png,1
Real faces/real_4823.png,0
Real faces/real_4704.png,0
Fake faces/fake_7653.png,1
Real faces/real_343.png,0
Fake faces/fake_7716.png,1
Real faces/real_4136.png,0
Real faces/real_3237.png,0
Real faces/real_3188.png,0
Real faces/real_4522.png,0
Real faces/real_2223.png,0
Fake faces/fake_7388.png,1
Fake faces/fake_3132.png,1
Real faces/real_2121.png,0
Real faces/real_6858.png,0
Real faces/real_992.png,0
Fake faces/fake_6273.png,1
Fake faces/fake_2708.png,1
Fake faces/fake_4835.png,1
Fake faces/fake_781.png,1
Fake faces/fake_4503.png,1
Fake faces/fake_9252.png,1
Real faces/real_7366.png,0
Real faces/real_6257.png,0
Real faces/real_4734.png,0
Fake faces/fake_1405.png,1
Real faces/real_1465.png,0
Real faces/real_4593.png,0
Fake faces/fake_1746.png,1
Real faces/real_3565.png,0
Fake faces/fake_7095.png,1
Real faces/real_5840.png,0
Real faces/real_283.png,0
Fake faces/fake_303.png,1
Fake faces/fake_6663.png,1
Fake faces/fake_8790.png,1
Real faces/real_6175.png,0
Fake faces/fake_3638.png,1
Real faces/real_8911.png,0
Real faces/real_4151.png,0
Fake faces/fake_679.png,1
Fake faces/fake_5729.png,1
Fake faces/fake_6502.png,1
Fake faces/fake_9313.png,1
Fake faces/fake_6574.png,1
Real faces/real_7376.png,0
Fake faces/fake_6972.png,1
Fake faces/fake_320.png,1
Fake faces/fake_6204.png,1
Real faces/real_8861.png,0
Fake faces/fake_5337.png,1
Real faces/real_3161.png,0
Real faces/real_2630.png,0
Fake faces/fake_2860.png,1
Real faces/real_3174.png,0
Real faces/real_2565.png,0
Fake faces/fake_2889.png,1
Real faces/real_1203.png,0
Real faces/real_6413.png,0
Fake faces/fake_3536.png,1
Real faces/real_616.png,0
Fake faces/fake_9118.png,1
Real faces/real_3114.png,0
Fake faces/fake_9833.png,1
Fake faces/fake_1035.png,1
Fake faces/fake_277.png,1
Real faces/real_7481.png,0
Fake faces/fake_1112.png,1
Fake faces/fake_4250.png,1
Fake faces/fake_5240.png,1
Real faces/real_2728.png,0
Fake faces/fake_6821.png,1
Real faces/real_2460.png,0
Fake faces/fake_9318.png,1
Fake faces/fake_8810.png,1
Fake faces/fake_1192.png,1
Fake faces/fake_3201.png,1
Real faces/real_1357.png,0
Fake faces/fake_4663.png,1
Real faces/real_7798.png,0
Real faces/real_8997.png,0
Fake faces/fake_7886.png,1
Fake faces/fake_2623.png,1
Real faces/real_7776.png,0
Real faces/real_1590.png,0
Fake faces/fake_728.png,1
Real faces/real_3140.png,0
Fake faces/fake_7472.png,1
Real faces/real_5338.png,0
Real faces/real_8895.png,0
Real faces/real_8758.png,0
Fake faces/fake_5058.png,1
Real faces/real_547.png,0
Real faces/real_7118.png,0
Real faces/real_7264.png,0
Real faces/real_6937.png,0
Real faces/real_26.png,0
Real faces/real_1067.png,0
Real faces/real_3918.png,0
Fake faces/fake_7678.png,1
Real faces/real_6604.png,0
Real faces/real_5529.png,0
Real faces/real_6678.png,0
Real faces/real_5398.png,0
Fake faces/fake_8360.png,1
Fake faces/fake_5131.png,1
Real faces/real_8081.png,0
Real faces/real_9413.png,0
Fake faces/fake_4732.png,1
Fake faces/fake_9740.png,1
Fake faces/fake_495.png,1
Real faces/real_437.png,0
Fake faces/fake_5714.png,1
Fake faces/fake_8112.png,1
Fake faces/fake_124.png,1
Real faces/real_5269.png,0
Real faces/real_1861.png,0
Fake faces/fake_9891.png,1
Fake faces/fake_3745.png,1
Real faces/real_8316.png,0
Fake faces/fake_9673.png,1
Real faces/real_9225.png,0
Real faces/real_1.png,0
Real faces/real_2706.png,0
Fake faces/fake_1434.png,1
Real faces/real_8518.png,0
Fake faces/fake_6327.png,1
Real faces/real_5325.png,0
Fake faces/fake_9691.png,1
Real faces/real_9196.png,0
Real faces/real_6957.png,0
Real faces/real_7329.png,0
Real faces/real_5966.png,0
Fake faces/fake_5488.png,1
Fake faces/fake_5935.png,1
Real faces/real_4011.png,0
Real faces/real_3462.png,0
Real faces/real_534.png,0
Fake faces/fake_3164.png,1
Fake faces/fake_7152.png,1
Real faces/real_5823.png,0
Real faces/real_585.png,0
Fake faces/fake_8875.png,1
Fake faces/fake_7352.png,1
Fake faces/fake_3884.png,1
Fake faces/fake_5740.png,1
Fake faces/fake_5580.png,1
Fake faces/fake_3513.png,1
Real faces/real_8683.png,0
Real faces/real_9743.png,0
Real faces/real_6362.png,0
Real faces/real_9088.png,0
Fake faces/fake_5000.png,1
Real faces/real_6464.png,0
Fake faces/fake_9148.png,1
Fake faces/fake_2763.png,1
Fake faces/fake_8740.png,1
Fake faces/fake_346.png,1
Fake faces/fake_5538.png,1
Real faces/real_1916.png,0
Fake faces/fake_8377.png,1
Fake faces/fake_1948.png,1
Real faces/real_9697.png,0
Real faces/real_8107.png,0
Real faces/real_8082.png,0
Real faces/real_1910.png,0
Fake faces/fake_3259.png,1
Fake faces/fake_5491.png,1
Fake faces/fake_5239.png,1
Real faces/real_1133.png,0
Fake faces/fake_649.png,1
Fake faces/fake_4497.png,1
Fake faces/fake_9710.png,1
Fake faces/fake_3998.png,1
Real faces/real_1317.png,0
Real faces/real_4368.png,0
Real faces/real_8313.png,0
Fake faces/fake_2546.png,1
Fake faces/fake_9641.png,1
Fake faces/fake_5151.png,1
Real faces/real_7325.png,0
Real faces/real_6080.png,0
Fake faces/fake_4672.png,1
Real faces/real_2601.png,0
Real faces/real_6568.png,0
Fake faces/fake_2238.png,1
Fake faces/fake_3410.png,1
Real faces/real_2173.png,0
Fake faces/fake_236.png,1
Fake faces/fake_7746.png,1
Real faces/real_3605.png,0
Fake faces/fake_6276.png,1
Real faces/real_6429.png,0
Fake faces/fake_7861.png,1
Fake faces/fake_2408.png,1
Real faces/real_7995.png,0
Real faces/real_9142.png,0
Real faces/real_3768.png,0
Real faces/real_5077.png,0
Real faces/real_8274.png,0
Fake faces/fake_7230.png,1
Fake faces/fake_26.png,1
Real faces/real_9599.png,0
Real faces/real_4631.png,0
Fake faces/fake_5324.png,1
Real faces/real_240.png,0
Fake faces/fake_2177.png,1
Fake faces/fake_1415.png,1
Fake faces/fake_5419.png,1
Fake faces/fake_9771.png,1
Fake faces/fake_6791.png,1
Fake faces/fake_8461.png,1
Fake faces/fake_9930.png,1
Real faces/real_7602.png,0
Fake faces/fake_5784.png,1
Real faces/real_1867.png,0
Fake faces/fake_5736.png,1
Fake faces/fake_919.png,1
Fake faces/fake_5305.png,1
Real faces/real_2521.png,0
Fake faces/fake_1436.png,1
Real faces/real_1820.png,0
Real faces/real_2410.png,0
Real faces/real_8243.png,0
Fake faces/fake_2805.png,1
Real faces/real_6637.png,0
Real faces/real_5187.png,0
Fake faces/fake_3430.png,1
Fake faces/fake_8769.png,1
Real faces/real_4565.png,0
Fake faces/fake_6607.png,1
Real faces/real_7942.png,0
Fake faces/fake_1185.png,1
Real faces/real_6391.png,0
Real faces/real_2118.png,0
Fake faces/fake_9050.png,1
Real faces/real_3779.png,0
Fake faces/fake_1658.png,1
Real faces/real_4961.png,0
Real faces/real_2809.png,0
Real faces/real_498.png,0
Fake faces/fake_8445.png,1
Real faces/real_918.png,0
Fake faces/fake_496.png,1
Fake faces/fake_6390.png,1
Fake faces/fake_4582.png,1
Real faces/real_8617.png,0
Real faces/real_4284.png,0
Fake faces/fake_1646.png,1
Fake faces/fake_5684.png,1
Real faces/real_228.png,0
Fake faces/fake_4277.png,1
Fake faces/fake_3033.png,1
Real faces/real_2741.png,0
Fake faces/fake_6329.png,1
Fake faces/fake_8703.png,1
Real faces/real_9271.png,0
Fake faces/fake_4559.png,1
Fake faces/fake_8113.png,1
Real faces/real_6001.png,0
Real faces/real_5718.png,0
Real faces/real_4897.png,0
Real faces/real_5583.png,0
Fake faces/fake_1413.png,1
Fake faces/fake_8845.png,1
Real faces/real_7867.png,0
Fake faces/fake_4041.png,1
Fake faces/fake_5258.png,1
Real faces/real_1128.png,0
Fake faces/fake_4873.png,1
Fake faces/fake_9523.png,1
Fake faces/fake_9400.png,1
Real faces/real_1567.png,0
Fake faces/fake_9298.png,1
Real faces/real_1706.png,0
Real faces/real_7450.png,0
Real faces/real_3153.png,0
Fake faces/fake_9364.png,1
Fake faces/fake_8523.png,1
Fake faces/fake_4510.png,1
Fake faces/fake_3935.png,1
Real faces/real_512.png,0
Real faces/real_6240.png,0
Fake faces/fake_6182.png,1
Real faces/real_7104.png,0
Fake faces/fake_9566.png,1
Real faces/real_9824.png,0
Fake faces/fake_4482.png,1
Fake faces/fake_9490.png,1
Fake faces/fake_765.png,1
Fake faces/fake_7444.png,1
Fake faces/fake_5201.png,1
Real faces/real_2721.png,0
Real faces/real_7445.png,0
Real faces/real_7893.png,0
Real faces/real_7509.png,0
Fake faces/fake_2523.png,1
Real faces/real_8042.png,0
Fake faces/fake_5396.png,1
Fake faces/fake_5956.png,1
Fake faces/fake_4383.png,1
Fake faces/fake_2639.png,1
Real faces/real_9928.png,0
Fake faces/fake_8428.png,1
Fake faces/fake_3575.png,1
Fake faces/fake_5148.png,1
Real faces/real_7236.png,0
Real faces/real_6468.png,0
Fake faces/fake_6286.png,1
Fake faces/fake_3278.png,1
Real faces/real_9053.png,0
Fake faces/fake_3351.png,1
Real faces/real_6054.png,0
Real faces/real_596.png,0
Real faces/real_4225.png,0
Real faces/real_2550.png,0
Fake faces/fake_1899.png,1
Fake faces/fake_6135.png,1
Real faces/real_7440.png,0
Fake faces/fake_1742.png,1
Real faces/real_6768.png,0
Fake faces/fake_4890.png,1
Real faces/real_2681.png,0
Real faces/real_6449.png,0
Real faces/real_7951.png,0
Fake faces/fake_3306.png,1
Real faces/real_1045.png,0
Fake faces/fake_6044.png,1
Real faces/real_2644.png,0
Real faces/real_4435.png,0
Fake faces/fake_8357.png,1
Fake faces/fake_8831.png,1
Fake faces/fake_2953.png,1
Fake faces/fake_6668.png,1
Real faces/real_4487.png,0
Real faces/real_2061.png,0
Real faces/real_4645.png,0
Real faces/real_9112.png,0
Fake faces/fake_8004.png,1
Real faces/real_3775.png,0
Fake faces/fake_1648.png,1
Real faces/real_5596.png,0
Fake faces/fake_4.png,1
Fake faces/fake_9741.png,1
Real faces/real_9297.png,0
Real faces/real_7265.png,0
Fake faces/fake_4475.png,1
Fake faces/fake_9573.png,1
Fake faces/fake_1548.png,1
Real faces/real_4174.png,0
Fake faces/fake_1726.png,1
Real faces/real_8737.png,0
Real faces/real_9216.png,0
Fake faces/fake_1295.png,1
Fake faces/fake_6040.png,1
Fake faces/fake_5637.png,1
Fake faces/fake_3357.png,1
Fake faces/fake_9143.png,1
Fake faces/fake_1990.png,1
Real faces/real_8543.png,0
Real faces/real_5607.png,0
Real faces/real_983.png,0
Real faces/real_8033.png,0
Real faces/real_5480.png,0
Real faces/real_5068.png,0
Real faces/real_4797.png,0
Fake faces/fake_4771.png,1
Real faces/real_3662.png,0
Fake faces/fake_227.png,1
Fake faces/fake_9486.png,1
Real faces/real_6947.png,0
Real faces/real_4657.png,0
Real faces/real_6414.png,0
Fake faces/fake_3899.png,1
Real faces/real_3150.png,0
Fake faces/fake_4381.png,1
Fake faces/fake_4165.png,1
Real faces/real_4813.png,0
Real faces/real_9265.png,0
Real faces/real_5969.png,0
Fake faces/fake_8891.png,1
Fake faces/fake_6335.png,1
Real faces/real_2939.png,0
Fake faces/fake_7702.png,1
Real faces/real_1340.png,0
Fake faces/fake_489.png,1
Real faces/real_1391.png,0
Fake faces/fake_4840.png,1
Real faces/real_7437.png,0
Fake faces/fake_4133.png,1
Real faces/real_8802.png,0
Fake faces/fake_2102.png,1
Real faces/real_5806.png,0
Fake faces/fake_5771.png,1
Real faces/real_6146.png,0
Real faces/real_9775.png,0
Real faces/real_1412.png,0
Fake faces/fake_5280.png,1
Fake faces/fake_7002.png,1
Real faces/real_2256.png,0
Real faces/real_382.png,0
Fake faces/fake_3980.png,1
Real faces/real_6120.png,0
Real faces/real_2212.png,0
Real faces/real_5603.png,0
Fake faces/fake_9814.png,1
Real faces/real_8881.png,0
Real faces/real_6004.png,0
Real faces/real_5417.png,0
Real faces/real_4938.png,0
Fake faces/fake_6434.png,1
Real faces/real_3624.png,0
Real faces/real_3158.png,0
Real faces/real_4267.png,0
Real faces/real_9158.png,0
Real faces/real_463.png,0
Real faces/real_1754.png,0
Fake faces/fake_4085.png,1
Fake faces/fake_6830.png,1
Fake faces/fake_5769.png,1
Real faces/real_6380.png,0
Real faces/real_3829.png,0
Fake faces/fake_7674.png,1
Real faces/real_378.png,0
Fake faces/fake_8298.png,1
Fake faces/fake_7995.png,1
Real faces/real_8181.png,0
Real faces/real_1335.png,0
Fake faces/fake_6511.png,1
Fake faces/fake_707.png,1
Real faces/real_2716.png,0
Fake faces/fake_4736.png,1
Fake faces/fake_2425.png,1
Fake faces/fake_4834.png,1
Fake faces/fake_1358.png,1
Fake faces/fake_40.png,1
Fake faces/fake_4885.png,1
Fake faces/fake_9003.png,1
Real faces/real_6322.png,0
Fake faces/fake_6639.png,1
Fake faces/fake_817.png,1
Fake faces/fake_3041.png,1
Real faces/real_1894.png,0
Real faces/real_9399.png,0
Real faces/real_4661.png,0
Fake faces/fake_4866.png,1
Real faces/real_7769.png,0
Real faces/real_7090.png,0
Real faces/real_6221.png,0
Fake faces/fake_5962.png,1
Real faces/real_9381.png,0
Fake faces/fake_2078.png,1
Fake faces/fake_3407.png,1
Fake faces/fake_2902.png,1
Fake faces/fake_1604.png,1
Real faces/real_7037.png,0
Fake faces/fake_8646.png,1
Fake faces/fake_9570.png,1
Fake faces/fake_5084.png,1
Fake faces/fake_5194.png,1
Fake faces/fake_2128.png,1
Fake faces/fake_5136.png,1
Real faces/real_6358.png,0
Real faces/real_913.png,0
Fake faces/fake_7805.png,1
Real faces/real_3992.png,0
Real faces/real_6691.png,0
Fake faces/fake_2571.png,1
Real faces/real_1030.png,0
Real faces/real_9164.png,0
Real faces/real_2220.png,0
Fake faces/fake_8966.png,1
Real faces/real_9488.png,0
Real faces/real_1577.png,0
Fake faces/fake_224.png,1
Real faces/real_9947.png,0
Real faces/real_3793.png,0
Real faces/real_3655.png,0
Fake faces/fake_3781.png,1
Real faces/real_4327.png,0
Fake faces/fake_1542.png,1
Real faces/real_8302.png,0
Fake faces/fake_505.png,1
Fake faces/fake_9544.png,1
Real faces/real_7686.png,0
Real faces/real_5731.png,0
Real faces/real_2917.png,0
Real faces/real_5586.png,0
Real faces/real_7088.png,0
Real faces/real_6326.png,0
Real faces/real_1515.png,0
Fake faces/fake_476.png,1
Fake faces/fake_8278.png,1
Real faces/real_2371.png,0
Real faces/real_3432.png,0
Real faces/real_2263.png,0
Real faces/real_4479.png,0
Real faces/real_4239.png,0
Fake faces/fake_1492.png,1
Real faces/real_1390.png,0
Real faces/real_893.png,0
Real faces/real_1490.png,0
Fake faces/fake_2962.png,1
Fake faces/fake_9042.png,1
Fake faces/fake_4814.png,1
Real faces/real_8516.png,0
Real faces/real_9407.png,0
Real faces/real_2933.png,0
Fake faces/fake_7881.png,1
Fake faces/fake_1715.png,1
Fake faces/fake_9937.png,1
Fake faces/fake_1395.png,1
Fake faces/fake_211.png,1
Fake faces/fake_8638.png,1
Real faces/real_1129.png,0
Real faces/real_731.png,0
Fake faces/fake_8110.png,1
Fake faces/fake_168.png,1
Real faces/real_3084.png,0
Real faces/real_7297.png,0
Real faces/real_4588.png,0
Fake faces/fake_7496.png,1
Real faces/real_2795.png,0
Real faces/real_8979.png,0
Real faces/real_7601.png,0
Real faces/real_798.png,0
Real faces/real_6232.png,0
Real faces/real_734.png,0
Fake faces/fake_5200.png,1
Real faces/real_2244.png,0
